mtllib Pedals.mtl
o brake_arm
usemtl pedal_arm_steel
v -8.5 12.149431989276149 -0.03608666449459308
v -8.5 11.86265922496739 -1.8130957274960564
v -8.5 0.30270458876862527 1.8757318148763584
v -8.5 0.01593182445986585 0.09872275187489532
v -13.5 11.86265922496739 -1.8130957274960564
v -13.5 12.149431989276149 -0.03608666449459308
v -13.5 0.01593182445986585 0.09872275187489532
v -13.5 0.30270458876862527 1.8757318148763584
v -13.5 11.86265922496739 -1.8130957274960564
v -8.5 11.86265922496739 -1.8130957274960564
v -13.5 12.149431989276149 -0.03608666449459308
v -8.5 12.149431989276149 -0.03608666449459308
v -13.5 0.30270458876862527 1.8757318148763584
v -8.5 0.30270458876862527 1.8757318148763584
v -13.5 0.01593182445986585 0.09872275187489532
v -8.5 0.01593182445986585 0.09872275187489532
v -13.5 12.149431989276149 -0.03608666449459308
v -8.5 12.149431989276149 -0.03608666449459308
v -13.5 0.30270458876862527 1.8757318148763584
v -8.5 0.30270458876862527 1.8757318148763584
v -8.5 11.86265922496739 -1.8130957274960564
v -13.5 11.86265922496739 -1.8130957274960564
v -8.5 0.01593182445986585 0.09872275187489532
v -13.5 0.01593182445986585 0.09872275187489532
vt 0 1
vt 1 1
vt 0 0
vt 1 0
vt 0 1
vt 1 1
vt 0 0
vt 1 0
vt 0 1
vt 1 1
vt 0 0
vt 1 0
vt 0 1
vt 1 1
vt 0 0
vt 1 0
vt 0 1
vt 1 1
vt 0 0
vt 1 0
vt 0 1
vt 1 1
vt 0 0
vt 1 0
vn 1 0 0
vn 1 0 0
vn 1 0 0
vn 1 0 0
vn -1 0 0
vn -1 0 0
vn -1 0 0
vn -1 0 0
vn 0 0.9872272833756269 -0.15931820661424598
vn 0 0.9872272833756269 -0.15931820661424598
vn 0 0.9872272833756269 -0.15931820661424598
vn 0 0.9872272833756269 -0.15931820661424598
vn 0 -0.9872272833756269 0.15931820661424598
vn 0 -0.9872272833756269 0.15931820661424598
vn 0 -0.9872272833756269 0.15931820661424598
vn 0 -0.9872272833756269 0.15931820661424598
vn 0 0.15931820661424598 0.9872272833756269
vn 0 0.15931820661424598 0.9872272833756269
vn 0 0.15931820661424598 0.9872272833756269
vn 0 0.15931820661424598 0.9872272833756269
vn 0 -0.15931820661424598 -0.9872272833756269
vn 0 -0.15931820661424598 -0.9872272833756269
vn 0 -0.15931820661424598 -0.9872272833756269
vn 0 -0.15931820661424598 -0.9872272833756269
f 1/1/1 3/3/3 2/2/2
f 3/3/3 4/4/4 2/2/2
f 5/5/5 7/7/7 6/6/6
f 7/7/7 8/8/8 6/6/6
f 9/9/9 11/11/11 10/10/10
f 11/11/11 12/12/12 10/10/10
f 13/13/13 15/15/15 14/14/14
f 15/15/15 16/16/16 14/14/14
f 17/17/17 19/19/19 18/18/18
f 19/19/19 20/20/20 18/18/18
f 21/21/21 23/23/23 22/22/22
f 23/23/23 24/24/24 22/22/22
o brake_arm_yoke
usemtl pedal_alloy_dark
v -14 1.0065637072224163 2.471200012808082
v -14 1.6011085706338624 2.276099305393355
v -14 2.1062648291988735 1.9068229794923732
v -14 2.4725843912154333 1.3995184293742389
v -14 2.664209291989498 0.8038442333226903
v -14 2.662381860745178 0.17810903282833657
v -14 2.4672811533304513 -0.41643583058310957
v -14 2.098004827429469 -0.9215920891481209
v -14 1.5907002773113348 -1.2879116511646804
v -14 0.9950260812597862 -1.4795365519387451
v -14 0.36929088076543265 -1.4777091206944255
v -14 -0.22525398264601348 -1.2826084132796982
v -14 -0.7304102412110248 -0.9133320873787163
v -14 -1.0967298032275847 -0.4060275372605821
v -14 -1.288354704001649 0.18964665879096654
v -14 -1.2865272727573296 0.8153818592853199
v -14 -1.0914265653426023 1.4099267226967664
v -14 -0.7221502394416203 1.9150829812617776
v -14 -0.21484568932348613 2.2814025432783374
v -14 0.3808285067280625 2.473027444052402
v -14 1.0065637072224158 2.471200012808082
v -8 1.006563707222415 2.471200012808082
v -8 1.601108570633861 2.2760993053933554
v -8 2.106264829198872 1.9068229794923734
v -8 2.472584391215432 1.399518429374239
v -8 2.6642092919894966 0.8038442333226905
v -8 2.662381860745177 0.1781090328283368
v -8 2.46728115333045 -0.41643583058310935
v -8 2.0980048274294676 -0.9215920891481204
v -8 1.5907002773113335 -1.2879116511646802
v -8 0.9950260812597849 -1.479536551938745
v -8 0.3692908807654314 -1.4777091206944253
v -8 -0.22525398264601482 -1.282608413279698
v -8 -0.7304102412110262 -0.9133320873787161
v -8 -1.096729803227586 -0.4060275372605819
v -8 -1.2883547040016503 0.18964665879096676
v -8 -1.286527272757331 0.8153818592853201
v -8 -1.0914265653426036 1.4099267226967667
v -8 -0.7221502394416216 1.915082981261778
v -8 -0.21484568932348747 2.2814025432783374
v -8 0.3808285067280612 2.473027444052402
v -8 1.0065637072224145 2.4712000128080827
v -14 0.6879272939939244 0.4967454460568284
v -14 0.6879272939939244 0.4967454460568284
v -14 0.6879272939939244 0.4967454460568284
v -14 0.6879272939939244 0.4967454460568284
v -14 0.6879272939939244 0.4967454460568284
v -14 0.6879272939939244 0.4967454460568284
v -14 0.6879272939939244 0.4967454460568284
v -14 0.6879272939939244 0.4967454460568284
v -14 0.6879272939939244 0.4967454460568284
v -14 0.6879272939939244 0.4967454460568284
v -14 0.6879272939939244 0.4967454460568284
v -14 0.6879272939939244 0.4967454460568284
v -14 0.6879272939939244 0.4967454460568284
v -14 0.6879272939939244 0.4967454460568284
v -14 0.6879272939939244 0.4967454460568284
v -14 0.6879272939939244 0.4967454460568284
v -14 0.6879272939939244 0.4967454460568284
v -14 0.6879272939939244 0.4967454460568284
v -14 0.6879272939939244 0.4967454460568284
v -14 0.6879272939939244 0.4967454460568284
v -14 1.0065637072224163 2.471200012808082
v -14 1.6011085706338624 2.276099305393355
v -14 2.1062648291988735 1.9068229794923732
v -14 2.4725843912154333 1.3995184293742389
v -14 2.664209291989498 0.8038442333226903
v -14 2.662381860745178 0.17810903282833657
v -14 2.4672811533304513 -0.41643583058310957
v -14 2.098004827429469 -0.9215920891481209
v -14 1.5907002773113348 -1.2879116511646804
v -14 0.9950260812597862 -1.4795365519387451
v -14 0.36929088076543265 -1.4777091206944255
v -14 -0.22525398264601348 -1.2826084132796982
v -14 -0.7304102412110248 -0.9133320873787163
v -14 -1.0967298032275847 -0.4060275372605821
v -14 -1.288354704001649 0.18964665879096654
v -14 -1.2865272727573296 0.8153818592853199
v -14 -1.0914265653426023 1.4099267226967664
v -14 -0.7221502394416203 1.9150829812617776
v -14 -0.21484568932348613 2.2814025432783374
v -14 0.3808285067280625 2.473027444052402
v -14 1.0065637072224158 2.471200012808082
v -8 0.687927293993923 0.49674544605682863
v -8 0.687927293993923 0.49674544605682863
v -8 0.687927293993923 0.49674544605682863
v -8 0.687927293993923 0.49674544605682863
v -8 0.687927293993923 0.49674544605682863
v -8 0.687927293993923 0.49674544605682863
v -8 0.687927293993923 0.49674544605682863
v -8 0.687927293993923 0.49674544605682863
v -8 0.687927293993923 0.49674544605682863
v -8 0.687927293993923 0.49674544605682863
v -8 0.687927293993923 0.49674544605682863
v -8 0.687927293993923 0.49674544605682863
v -8 0.687927293993923 0.49674544605682863
v -8 0.687927293993923 0.49674544605682863
v -8 0.687927293993923 0.49674544605682863
v -8 0.687927293993923 0.49674544605682863
v -8 0.687927293993923 0.49674544605682863
v -8 0.687927293993923 0.49674544605682863
v -8 0.687927293993923 0.49674544605682863
v -8 0.687927293993923 0.49674544605682863
v -8 1.006563707222415 2.471200012808082
v -8 1.601108570633861 2.2760993053933554
v -8 2.106264829198872 1.9068229794923734
v -8 2.472584391215432 1.399518429374239
v -8 2.6642092919894966 0.8038442333226905
v -8 2.662381860745177 0.1781090328283368
v -8 2.46728115333045 -0.41643583058310935
v -8 2.0980048274294676 -0.9215920891481204
v -8 1.5907002773113335 -1.2879116511646802
v -8 0.9950260812597849 -1.479536551938745
v -8 0.3692908807654314 -1.4777091206944253
v -8 -0.22525398264601482 -1.282608413279698
v -8 -0.7304102412110262 -0.9133320873787161
v -8 -1.096729803227586 -0.4060275372605819
v -8 -1.2883547040016503 0.18964665879096676
v -8 -1.286527272757331 0.8153818592853201
v -8 -1.0914265653426036 1.4099267226967667
v -8 -0.7221502394416216 1.915082981261778
v -8 -0.21484568932348747 2.2814025432783374
v -8 0.3808285067280612 2.473027444052402
v -8 1.0065637072224145 2.4712000128080827
vt 0 1
vt 0.05000000074505806 1
vt 0.10000000149011612 1
vt 0.15000000596046448 1
vt 0.20000000298023224 1
vt 0.25 1
vt 0.30000001192092896 1
vt 0.3499999940395355 1
vt 0.4000000059604645 1
vt 0.44999998807907104 1
vt 0.5 1
vt 0.550000011920929 1
vt 0.6000000238418579 1
vt 0.6499999761581421 1
vt 0.699999988079071 1
vt 0.75 1
vt 0.800000011920929 1
vt 0.8500000238418579 1
vt 0.8999999761581421 1
vt 0.949999988079071 1
vt 1 1
vt 0 0
vt 0.05000000074505806 0
vt 0.10000000149011612 0
vt 0.15000000596046448 0
vt 0.20000000298023224 0
vt 0.25 0
vt 0.30000001192092896 0
vt 0.3499999940395355 0
vt 0.4000000059604645 0
vt 0.44999998807907104 0
vt 0.5 0
vt 0.550000011920929 0
vt 0.6000000238418579 0
vt 0.6499999761581421 0
vt 0.699999988079071 0
vt 0.75 0
vt 0.800000011920929 0
vt 0.8500000238418579 0
vt 0.8999999761581421 0
vt 0.949999988079071 0
vt 1 0
vt 0.5 0.5
vt 0.5 0.5
vt 0.5 0.5
vt 0.5 0.5
vt 0.5 0.5
vt 0.5 0.5
vt 0.5 0.5
vt 0.5 0.5
vt 0.5 0.5
vt 0.5 0.5
vt 0.5 0.5
vt 0.5 0.5
vt 0.5 0.5
vt 0.5 0.5
vt 0.5 0.5
vt 0.5 0.5
vt 0.5 0.5
vt 0.5 0.5
vt 0.5 0.5
vt 0.5 0.5
vt 1 0.5
vt 0.9755282402038574 0.6545084714889526
vt 0.9045084714889526 0.7938926219940186
vt 0.7938926219940186 0.9045084714889526
vt 0.6545084714889526 0.9755282402038574
vt 0.5 1
vt 0.345491498708725 0.9755282402038574
vt 0.20610737800598145 0.9045084714889526
vt 0.09549150615930557 0.7938926219940186
vt 0.024471741169691086 0.6545084714889526
vt 0 0.5
vt 0.024471741169691086 0.345491498708725
vt 0.09549150615930557 0.20610737800598145
vt 0.20610737800598145 0.09549150615930557
vt 0.345491498708725 0.024471741169691086
vt 0.5 0
vt 0.6545084714889526 0.024471741169691086
vt 0.7938926219940186 0.09549150615930557
vt 0.9045084714889526 0.20610737800598145
vt 0.9755282402038574 0.345491498708725
vt 1 0.5
vt 0.5 0.5
vt 0.5 0.5
vt 0.5 0.5
vt 0.5 0.5
vt 0.5 0.5
vt 0.5 0.5
vt 0.5 0.5
vt 0.5 0.5
vt 0.5 0.5
vt 0.5 0.5
vt 0.5 0.5
vt 0.5 0.5
vt 0.5 0.5
vt 0.5 0.5
vt 0.5 0.5
vt 0.5 0.5
vt 0.5 0.5
vt 0.5 0.5
vt 0.5 0.5
vt 0.5 0.5
vt 1 0.5
vt 0.9755282402038574 0.345491498708725
vt 0.9045084714889526 0.20610737800598145
vt 0.7938926219940186 0.09549150615930557
vt 0.6545084714889526 0.024471741169691086
vt 0.5 0
vt 0.345491498708725 0.024471741169691086
vt 0.20610737800598145 0.09549150615930557
vt 0.09549150615930557 0.20610737800598145
vt 0.024471741169691086 0.345491498708725
vt 0 0.5
vt 0.024471741169691086 0.6545084714889526
vt 0.09549150615930557 0.7938926219940186
vt 0.20610737800598145 0.9045084714889526
vt 0.345491498708725 0.9755282402038574
vt 0.5 1
vt 0.6545084714889526 0.9755282402038574
vt 0.7938926219940186 0.9045084714889526
vt 0.9045084714889526 0.7938926219940186
vt 0.9755282402038574 0.6545084714889526
vt 1 0.5
vn 0 0.15931820661424598 0.9872272833756269
vn 6.861555653181065e-17 0.456590626862881 0.8896769073438747
vn 1.3051454205252935e-16 0.7091687663551424 0.7050387654777044
vn 1.7963786040011657e-16 0.8923285470412691 0.45138649086477733
vn 2.1117696838941293e-16 0.9881409742026696 0.15354938977996344
vn 2.2204460492503126e-16 0.9872272833756269 -0.15931820661424592
vn 2.1117696838941293e-16 0.8896769073438747 -0.456590626862881
vn 1.7963786040011657e-16 0.7050387654777044 -0.7091687663551424
vn 1.3051454205252935e-16 0.45138649086477733 -0.8923285470412691
vn 6.861555653181065e-17 0.15354938977996344 -0.9881409742026696
vn 2.719262265549566e-32 -0.15931820661424587 -0.9872272833756269
vn -6.861555653181065e-17 -0.456590626862881 -0.8896769073438747
vn -1.3051454205252935e-16 -0.7091687663551424 -0.7050387654777044
vn -1.7963786040011657e-16 -0.8923285470412691 -0.45138649086477733
vn -2.1117696838941293e-16 -0.9881409742026696 -0.15354938977996344
vn -2.220446049250313e-16 -0.9872272833756272 0.1593182066142458
vn -2.1117696838941293e-16 -0.8896769073438747 0.456590626862881
vn -1.7963786040011657e-16 -0.7050387654777044 0.7091687663551424
vn -1.3051454205252935e-16 -0.45138649086477733 0.8923285470412691
vn -6.861555653181065e-17 -0.15354938977996344 0.9881409742026696
vn -5.438524531099133e-32 0.15931820661424576 0.9872272833756272
vn 0 0.15931820661424598 0.9872272833756269
vn 6.861555653181065e-17 0.456590626862881 0.8896769073438747
vn 1.3051454205252935e-16 0.7091687663551424 0.7050387654777044
vn 1.7963786040011657e-16 0.8923285470412691 0.45138649086477733
vn 2.1117696838941293e-16 0.9881409742026696 0.15354938977996344
vn 2.2204460492503126e-16 0.9872272833756269 -0.15931820661424592
vn 2.1117696838941293e-16 0.8896769073438747 -0.456590626862881
vn 1.7963786040011657e-16 0.7050387654777044 -0.7091687663551424
vn 1.3051454205252935e-16 0.45138649086477733 -0.8923285470412691
vn 6.861555653181065e-17 0.15354938977996344 -0.9881409742026696
vn 2.719262265549566e-32 -0.15931820661424587 -0.9872272833756269
vn -6.861555653181065e-17 -0.456590626862881 -0.8896769073438747
vn -1.3051454205252935e-16 -0.7091687663551424 -0.7050387654777044
vn -1.7963786040011657e-16 -0.8923285470412691 -0.45138649086477733
vn -2.1117696838941293e-16 -0.9881409742026696 -0.15354938977996344
vn -2.220446049250313e-16 -0.9872272833756272 0.1593182066142458
vn -2.1117696838941293e-16 -0.8896769073438747 0.456590626862881
vn -1.7963786040011657e-16 -0.7050387654777044 0.7091687663551424
vn -1.3051454205252935e-16 -0.45138649086477733 0.8923285470412691
vn -6.861555653181065e-17 -0.15354938977996344 0.9881409742026696
vn -5.438524531099133e-32 0.15931820661424576 0.9872272833756272
vn -1 2.1920849210835306e-16 -3.5375748245024764e-17
vn -1 2.1920849210835306e-16 -3.5375748245024764e-17
vn -1 2.1920849210835306e-16 -3.5375748245024764e-17
vn -1 2.1920849210835306e-16 -3.5375748245024764e-17
vn -1 2.1920849210835306e-16 -3.5375748245024764e-17
vn -1 2.1920849210835306e-16 -3.5375748245024764e-17
vn -1 2.1920849210835306e-16 -3.5375748245024764e-17
vn -1 2.1920849210835306e-16 -3.5375748245024764e-17
vn -1 2.1920849210835306e-16 -3.5375748245024764e-17
vn -1 2.1920849210835306e-16 -3.5375748245024764e-17
vn -1 2.1920849210835306e-16 -3.5375748245024764e-17
vn -1 2.1920849210835306e-16 -3.5375748245024764e-17
vn -1 2.1920849210835306e-16 -3.5375748245024764e-17
vn -1 2.1920849210835306e-16 -3.5375748245024764e-17
vn -1 2.1920849210835306e-16 -3.5375748245024764e-17
vn -1 2.1920849210835306e-16 -3.5375748245024764e-17
vn -1 2.1920849210835306e-16 -3.5375748245024764e-17
vn -1 2.1920849210835306e-16 -3.5375748245024764e-17
vn -1 2.1920849210835306e-16 -3.5375748245024764e-17
vn -1 2.1920849210835306e-16 -3.5375748245024764e-17
vn -1 2.1920849210835306e-16 -3.5375748245024764e-17
vn -1 2.1920849210835306e-16 -3.5375748245024764e-17
vn -1 2.1920849210835306e-16 -3.5375748245024764e-17
vn -1 2.1920849210835306e-16 -3.5375748245024764e-17
vn -1 2.1920849210835306e-16 -3.5375748245024764e-17
vn -1 2.1920849210835306e-16 -3.5375748245024764e-17
vn -1 2.1920849210835306e-16 -3.5375748245024764e-17
vn -1 2.1920849210835306e-16 -3.5375748245024764e-17
vn -1 2.1920849210835306e-16 -3.5375748245024764e-17
vn -1 2.1920849210835306e-16 -3.5375748245024764e-17
vn -1 2.1920849210835306e-16 -3.5375748245024764e-17
vn -1 2.1920849210835306e-16 -3.5375748245024764e-17
vn -1 2.1920849210835306e-16 -3.5375748245024764e-17
vn -1 2.1920849210835306e-16 -3.5375748245024764e-17
vn -1 2.1920849210835306e-16 -3.5375748245024764e-17
vn -1 2.1920849210835306e-16 -3.5375748245024764e-17
vn -1 2.1920849210835306e-16 -3.5375748245024764e-17
vn -1 2.1920849210835306e-16 -3.5375748245024764e-17
vn -1 2.1920849210835306e-16 -3.5375748245024764e-17
vn -1 2.1920849210835306e-16 -3.5375748245024764e-17
vn -1 2.1920849210835306e-16 -3.5375748245024764e-17
vn 1 -2.1920849210835306e-16 3.5375748245024764e-17
vn 1 -2.1920849210835306e-16 3.5375748245024764e-17
vn 1 -2.1920849210835306e-16 3.5375748245024764e-17
vn 1 -2.1920849210835306e-16 3.5375748245024764e-17
vn 1 -2.1920849210835306e-16 3.5375748245024764e-17
vn 1 -2.1920849210835306e-16 3.5375748245024764e-17
vn 1 -2.1920849210835306e-16 3.5375748245024764e-17
vn 1 -2.1920849210835306e-16 3.5375748245024764e-17
vn 1 -2.1920849210835306e-16 3.5375748245024764e-17
vn 1 -2.1920849210835306e-16 3.5375748245024764e-17
vn 1 -2.1920849210835306e-16 3.5375748245024764e-17
vn 1 -2.1920849210835306e-16 3.5375748245024764e-17
vn 1 -2.1920849210835306e-16 3.5375748245024764e-17
vn 1 -2.1920849210835306e-16 3.5375748245024764e-17
vn 1 -2.1920849210835306e-16 3.5375748245024764e-17
vn 1 -2.1920849210835306e-16 3.5375748245024764e-17
vn 1 -2.1920849210835306e-16 3.5375748245024764e-17
vn 1 -2.1920849210835306e-16 3.5375748245024764e-17
vn 1 -2.1920849210835306e-16 3.5375748245024764e-17
vn 1 -2.1920849210835306e-16 3.5375748245024764e-17
vn 1 -2.1920849210835306e-16 3.5375748245024764e-17
vn 1 -2.1920849210835306e-16 3.5375748245024764e-17
vn 1 -2.1920849210835306e-16 3.5375748245024764e-17
vn 1 -2.1920849210835306e-16 3.5375748245024764e-17
vn 1 -2.1920849210835306e-16 3.5375748245024764e-17
vn 1 -2.1920849210835306e-16 3.5375748245024764e-17
vn 1 -2.1920849210835306e-16 3.5375748245024764e-17
vn 1 -2.1920849210835306e-16 3.5375748245024764e-17
vn 1 -2.1920849210835306e-16 3.5375748245024764e-17
vn 1 -2.1920849210835306e-16 3.5375748245024764e-17
vn 1 -2.1920849210835306e-16 3.5375748245024764e-17
vn 1 -2.1920849210835306e-16 3.5375748245024764e-17
vn 1 -2.1920849210835306e-16 3.5375748245024764e-17
vn 1 -2.1920849210835306e-16 3.5375748245024764e-17
vn 1 -2.1920849210835306e-16 3.5375748245024764e-17
vn 1 -2.1920849210835306e-16 3.5375748245024764e-17
vn 1 -2.1920849210835306e-16 3.5375748245024764e-17
vn 1 -2.1920849210835306e-16 3.5375748245024764e-17
vn 1 -2.1920849210835306e-16 3.5375748245024764e-17
vn 1 -2.1920849210835306e-16 3.5375748245024764e-17
vn 1 -2.1920849210835306e-16 3.5375748245024764e-17
f 25/25/25 46/46/46 26/26/26
f 46/46/46 47/47/47 26/26/26
f 26/26/26 47/47/47 27/27/27
f 47/47/47 48/48/48 27/27/27
f 27/27/27 48/48/48 28/28/28
f 48/48/48 49/49/49 28/28/28
f 28/28/28 49/49/49 29/29/29
f 49/49/49 50/50/50 29/29/29
f 29/29/29 50/50/50 30/30/30
f 50/50/50 51/51/51 30/30/30
f 30/30/30 51/51/51 31/31/31
f 51/51/51 52/52/52 31/31/31
f 31/31/31 52/52/52 32/32/32
f 52/52/52 53/53/53 32/32/32
f 32/32/32 53/53/53 33/33/33
f 53/53/53 54/54/54 33/33/33
f 33/33/33 54/54/54 34/34/34
f 54/54/54 55/55/55 34/34/34
f 34/34/34 55/55/55 35/35/35
f 55/55/55 56/56/56 35/35/35
f 35/35/35 56/56/56 36/36/36
f 56/56/56 57/57/57 36/36/36
f 36/36/36 57/57/57 37/37/37
f 57/57/57 58/58/58 37/37/37
f 37/37/37 58/58/58 38/38/38
f 58/58/58 59/59/59 38/38/38
f 38/38/38 59/59/59 39/39/39
f 59/59/59 60/60/60 39/39/39
f 39/39/39 60/60/60 40/40/40
f 60/60/60 61/61/61 40/40/40
f 40/40/40 61/61/61 41/41/41
f 61/61/61 62/62/62 41/41/41
f 41/41/41 62/62/62 42/42/42
f 62/62/62 63/63/63 42/42/42
f 42/42/42 63/63/63 43/43/43
f 63/63/63 64/64/64 43/43/43
f 43/43/43 64/64/64 44/44/44
f 64/64/64 65/65/65 44/44/44
f 44/44/44 65/65/65 45/45/45
f 65/65/65 66/66/66 45/45/45
f 87/87/87 88/88/88 67/67/67
f 88/88/88 89/89/89 68/68/68
f 89/89/89 90/90/90 69/69/69
f 90/90/90 91/91/91 70/70/70
f 91/91/91 92/92/92 71/71/71
f 92/92/92 93/93/93 72/72/72
f 93/93/93 94/94/94 73/73/73
f 94/94/94 95/95/95 74/74/74
f 95/95/95 96/96/96 75/75/75
f 96/96/96 97/97/97 76/76/76
f 97/97/97 98/98/98 77/77/77
f 98/98/98 99/99/99 78/78/78
f 99/99/99 100/100/100 79/79/79
f 100/100/100 101/101/101 80/80/80
f 101/101/101 102/102/102 81/81/81
f 102/102/102 103/103/103 82/82/82
f 103/103/103 104/104/104 83/83/83
f 104/104/104 105/105/105 84/84/84
f 105/105/105 106/106/106 85/85/85
f 106/106/106 107/107/107 86/86/86
f 129/129/129 128/128/128 108/108/108
f 130/130/130 129/129/129 109/109/109
f 131/131/131 130/130/130 110/110/110
f 132/132/132 131/131/131 111/111/111
f 133/133/133 132/132/132 112/112/112
f 134/134/134 133/133/133 113/113/113
f 135/135/135 134/134/134 114/114/114
f 136/136/136 135/135/135 115/115/115
f 137/137/137 136/136/136 116/116/116
f 138/138/138 137/137/137 117/117/117
f 139/139/139 138/138/138 118/118/118
f 140/140/140 139/139/139 119/119/119
f 141/141/141 140/140/140 120/120/120
f 142/142/142 141/141/141 121/121/121
f 143/143/143 142/142/142 122/122/122
f 144/144/144 143/143/143 123/123/123
f 145/145/145 144/144/144 124/124/124
f 146/146/146 145/145/145 125/125/125
f 147/147/147 146/146/146 126/126/126
f 148/148/148 147/147/147 127/127/127
o brake_face
usemtl pedal_rubber
v -5.5 24.075818498788458 -1.4542914668717324
v -5.5 23.82090936440722 -3.033855143810068
v -5.5 9.267409248154053 0.9354816323419575
v -5.5 9.012500113772816 -0.6440820445963783
v -16.5 23.82090936440722 -3.033855143810068
v -16.5 24.075818498788458 -1.4542914668717324
v -16.5 9.012500113772816 -0.6440820445963783
v -16.5 9.267409248154053 0.9354816323419575
v -16.5 23.82090936440722 -3.033855143810068
v -5.5 23.82090936440722 -3.033855143810068
v -16.5 24.075818498788458 -1.4542914668717324
v -5.5 24.075818498788458 -1.4542914668717324
v -16.5 9.267409248154053 0.9354816323419575
v -5.5 9.267409248154053 0.9354816323419575
v -16.5 9.012500113772816 -0.6440820445963783
v -5.5 9.012500113772816 -0.6440820445963783
v -16.5 24.075818498788458 -1.4542914668717324
v -5.5 24.075818498788458 -1.4542914668717324
v -16.5 9.267409248154053 0.9354816323419575
v -5.5 9.267409248154053 0.9354816323419575
v -5.5 23.82090936440722 -3.033855143810068
v -16.5 23.82090936440722 -3.033855143810068
v -5.5 9.012500113772816 -0.6440820445963783
v -16.5 9.012500113772816 -0.6440820445963783
vt 0 1
vt 1 1
vt 0 0
vt 1 0
vt 0 1
vt 1 1
vt 0 0
vt 1 0
vt 0 1
vt 1 1
vt 0 0
vt 1 0
vt 0 1
vt 1 1
vt 0 0
vt 1 0
vt 0 1
vt 1 1
vt 0 0
vt 1 0
vt 0 1
vt 1 1
vt 0 0
vt 1 0
vn 1 0 0
vn 1 0 0
vn 1 0 0
vn 1 0 0
vn -1 0 0
vn -1 0 0
vn -1 0 0
vn -1 0 0
vn 0 0.9872272833756269 -0.15931820661424598
vn 0 0.9872272833756269 -0.15931820661424598
vn 0 0.9872272833756269 -0.15931820661424598
vn 0 0.9872272833756269 -0.15931820661424598
vn 0 -0.9872272833756269 0.15931820661424598
vn 0 -0.9872272833756269 0.15931820661424598
vn 0 -0.9872272833756269 0.15931820661424598
vn 0 -0.9872272833756269 0.15931820661424598
vn 0 0.15931820661424598 0.9872272833756269
vn 0 0.15931820661424598 0.9872272833756269
vn 0 0.15931820661424598 0.9872272833756269
vn 0 0.15931820661424598 0.9872272833756269
vn 0 -0.15931820661424598 -0.9872272833756269
vn 0 -0.15931820661424598 -0.9872272833756269
vn 0 -0.15931820661424598 -0.9872272833756269
vn 0 -0.15931820661424598 -0.9872272833756269
f 149/149/149 151/151/151 150/150/150
f 151/151/151 152/152/152 150/150/150
f 153/153/153 155/155/155 154/154/154
f 155/155/155 156/156/156 154/154/154
f 157/157/157 159/159/159 158/158/158
f 159/159/159 160/160/160 158/158/158
f 161/161/161 163/163/163 162/162/162
f 163/163/163 164/164/164 162/162/162
f 165/165/165 167/167/167 166/166/166
f 167/167/167 168/168/168 166/166/166
f 169/169/169 171/171/171 170/170/170
f 171/171/171 172/172/172 170/170/170
o brake_stud_0_0
usemtl pedal_rubber
v -14.6 10.207862443894328 1.2395338770314752
v -14.235573148727417 10.324759488304775 1.2206690950429775
v -14.010344958305359 10.630799963215784 1.1712804482386905
v -14.010344958305359 11.009086765373583 1.1102327281032176
v -14.235573148727417 11.315127240284594 1.0608440812989308
v -14.6 11.43202428469504 1.041979299310433
v -14.964426851272583 11.315127240284594 1.0608440812989308
v -15.18965504169464 11.009086765373583 1.1102327281032176
v -15.18965504169464 10.630799963215784 1.1712804482386905
v -14.964426851272583 10.324759488304775 1.2206690950429775
v -14.6 10.207862443894328 1.2395338770314752
v -14.6 10.128203340587206 0.7459202353436616
v -14.235573148727417 10.24510038499765 0.7270554533551639
v -14.010344958305359 10.551140859908662 0.6776668065508771
v -14.010344958305359 10.92942766206646 0.6166190864154041
v -14.235573148727417 11.23546813697747 0.5672304396111173
v -14.6 11.352365181387917 0.5483656576226196
v -14.964426851272583 11.23546813697747 0.5672304396111173
v -15.18965504169464 10.92942766206646 0.6166190864154041
v -15.18965504169464 10.551140859908662 0.6776668065508771
v -14.964426851272583 10.24510038499765 0.7270554533551639
v -14.6 10.128203340587206 0.7459202353436616
v -14.6 10.819943364294684 1.140756588170954
v -14.6 10.819943364294684 1.140756588170954
v -14.6 10.819943364294684 1.140756588170954
v -14.6 10.819943364294684 1.140756588170954
v -14.6 10.819943364294684 1.140756588170954
v -14.6 10.819943364294684 1.140756588170954
v -14.6 10.819943364294684 1.140756588170954
v -14.6 10.819943364294684 1.140756588170954
v -14.6 10.819943364294684 1.140756588170954
v -14.6 10.819943364294684 1.140756588170954
v -14.6 10.207862443894328 1.2395338770314752
v -14.235573148727417 10.324759488304775 1.2206690950429775
v -14.010344958305359 10.630799963215784 1.1712804482386905
v -14.010344958305359 11.009086765373583 1.1102327281032176
v -14.235573148727417 11.315127240284594 1.0608440812989308
v -14.6 11.43202428469504 1.041979299310433
v -14.964426851272583 11.315127240284594 1.0608440812989308
v -15.18965504169464 11.009086765373583 1.1102327281032176
v -15.18965504169464 10.630799963215784 1.1712804482386905
v -14.964426851272583 10.324759488304775 1.2206690950429775
v -14.6 10.207862443894328 1.2395338770314752
v -14.6 10.740284260987561 0.6471429464831406
v -14.6 10.740284260987561 0.6471429464831406
v -14.6 10.740284260987561 0.6471429464831406
v -14.6 10.740284260987561 0.6471429464831406
v -14.6 10.740284260987561 0.6471429464831406
v -14.6 10.740284260987561 0.6471429464831406
v -14.6 10.740284260987561 0.6471429464831406
v -14.6 10.740284260987561 0.6471429464831406
v -14.6 10.740284260987561 0.6471429464831406
v -14.6 10.740284260987561 0.6471429464831406
v -14.6 10.128203340587206 0.7459202353436616
v -14.235573148727417 10.24510038499765 0.7270554533551639
v -14.010344958305359 10.551140859908662 0.6776668065508771
v -14.010344958305359 10.92942766206646 0.6166190864154041
v -14.235573148727417 11.23546813697747 0.5672304396111173
v -14.6 11.352365181387917 0.5483656576226196
v -14.964426851272583 11.23546813697747 0.5672304396111173
v -15.18965504169464 10.92942766206646 0.6166190864154041
v -15.18965504169464 10.551140859908662 0.6776668065508771
v -14.964426851272583 10.24510038499765 0.7270554533551639
v -14.6 10.128203340587206 0.7459202353436616
vt 0 1
vt 0.10000000149011612 1
vt 0.20000000298023224 1
vt 0.30000001192092896 1
vt 0.4000000059604645 1
vt 0.5 1
vt 0.6000000238418579 1
vt 0.699999988079071 1
vt 0.800000011920929 1
vt 0.8999999761581421 1
vt 1 1
vt 0 0
vt 0.10000000149011612 0
vt 0.20000000298023224 0
vt 0.30000001192092896 0
vt 0.4000000059604645 0
vt 0.5 0
vt 0.6000000238418579 0
vt 0.699999988079071 0
vt 0.800000011920929 0
vt 0.8999999761581421 0
vt 1 0
vt 0.5 0.5
vt 0.5 0.5
vt 0.5 0.5
vt 0.5 0.5
vt 0.5 0.5
vt 0.5 0.5
vt 0.5 0.5
vt 0.5 0.5
vt 0.5 0.5
vt 0.5 0.5
vt 1 0.5
vt 0.9045084714889526 0.7938926219940186
vt 0.6545084714889526 0.9755282402038574
vt 0.345491498708725 0.9755282402038574
vt 0.09549150615930557 0.7938926219940186
vt 0 0.5
vt 0.09549150615930557 0.20610737800598145
vt 0.345491498708725 0.024471741169691086
vt 0.6545084714889526 0.024471741169691086
vt 0.9045084714889526 0.20610737800598145
vt 1 0.5
vt 0.5 0.5
vt 0.5 0.5
vt 0.5 0.5
vt 0.5 0.5
vt 0.5 0.5
vt 0.5 0.5
vt 0.5 0.5
vt 0.5 0.5
vt 0.5 0.5
vt 0.5 0.5
vt 1 0.5
vt 0.9045084714889526 0.20610737800598145
vt 0.6545084714889526 0.024471741169691086
vt 0.345491498708725 0.024471741169691086
vt 0.09549150615930557 0.20610737800598145
vt 0 0.5
vt 0.09549150615930557 0.7938926219940186
vt 0.345491498708725 0.9755282402038574
vt 0.6545084714889526 0.9755282402038574
vt 0.9045084714889526 0.7938926219940186
vt 1 0.5
vn 0 -0.9872272833756269 0.1593182066142462
vn 0.5877852429542022 -0.7986836562594867 0.12889113774518274
vn 0.9510565161477913 -0.30507000832142217 0.049232033429397505
vn 0.9510565161477913 0.30507000832142217 -0.049232033429397505
vn 0.5877852429542022 0.7986836562594867 -0.12889113774518274
vn 1.2246468525851679e-16 0.9872272833756269 -0.1593182066142462
vn -0.5877852429542022 0.7986836562594867 -0.12889113774518274
vn -0.9510565161477913 0.30507000832142217 -0.049232033429397505
vn -0.9510565161477913 -0.30507000832142217 0.049232033429397505
vn -0.5877852429542022 -0.7986836562594867 0.12889113774518274
vn -2.4492937051703357e-16 -0.9872272833756269 0.1593182066142462
vn 0 -0.9872272833756269 0.1593182066142462
vn 0.5877852429542022 -0.7986836562594867 0.12889113774518274
vn 0.9510565161477913 -0.30507000832142217 0.049232033429397505
vn 0.9510565161477913 0.30507000832142217 -0.049232033429397505
vn 0.5877852429542022 0.7986836562594867 -0.12889113774518274
vn 1.2246468525851679e-16 0.9872272833756269 -0.1593182066142462
vn -0.5877852429542022 0.7986836562594867 -0.12889113774518274
vn -0.9510565161477913 0.30507000832142217 -0.049232033429397505
vn -0.9510565161477913 -0.30507000832142217 0.049232033429397505
vn -0.5877852429542022 -0.7986836562594867 0.12889113774518274
vn -2.4492937051703357e-16 -0.9872272833756269 0.1593182066142462
vn 0 0.1593182066142462 0.9872272833756269
vn 0 0.1593182066142462 0.9872272833756269
vn 0 0.1593182066142462 0.9872272833756269
vn 0 0.1593182066142462 0.9872272833756269
vn 0 0.1593182066142462 0.9872272833756269
vn 0 0.1593182066142462 0.9872272833756269
vn 0 0.1593182066142462 0.9872272833756269
vn 0 0.1593182066142462 0.9872272833756269
vn 0 0.1593182066142462 0.9872272833756269
vn 0 0.1593182066142462 0.9872272833756269
vn 0 0.1593182066142462 0.9872272833756269
vn 0 0.1593182066142462 0.9872272833756269
vn 0 0.1593182066142462 0.9872272833756269
vn 0 0.1593182066142462 0.9872272833756269
vn 0 0.1593182066142462 0.9872272833756269
vn 0 0.1593182066142462 0.9872272833756269
vn 0 0.1593182066142462 0.9872272833756269
vn 0 0.1593182066142462 0.9872272833756269
vn 0 0.1593182066142462 0.9872272833756269
vn 0 0.1593182066142462 0.9872272833756269
vn 0 0.1593182066142462 0.9872272833756269
vn 0 -0.1593182066142462 -0.9872272833756269
vn 0 -0.1593182066142462 -0.9872272833756269
vn 0 -0.1593182066142462 -0.9872272833756269
vn 0 -0.1593182066142462 -0.9872272833756269
vn 0 -0.1593182066142462 -0.9872272833756269
vn 0 -0.1593182066142462 -0.9872272833756269
vn 0 -0.1593182066142462 -0.9872272833756269
vn 0 -0.1593182066142462 -0.9872272833756269
vn 0 -0.1593182066142462 -0.9872272833756269
vn 0 -0.1593182066142462 -0.9872272833756269
vn 0 -0.1593182066142462 -0.9872272833756269
vn 0 -0.1593182066142462 -0.9872272833756269
vn 0 -0.1593182066142462 -0.9872272833756269
vn 0 -0.1593182066142462 -0.9872272833756269
vn 0 -0.1593182066142462 -0.9872272833756269
vn 0 -0.1593182066142462 -0.9872272833756269
vn 0 -0.1593182066142462 -0.9872272833756269
vn 0 -0.1593182066142462 -0.9872272833756269
vn 0 -0.1593182066142462 -0.9872272833756269
vn 0 -0.1593182066142462 -0.9872272833756269
vn 0 -0.1593182066142462 -0.9872272833756269
f 173/173/173 184/184/184 174/174/174
f 184/184/184 185/185/185 174/174/174
f 174/174/174 185/185/185 175/175/175
f 185/185/185 186/186/186 175/175/175
f 175/175/175 186/186/186 176/176/176
f 186/186/186 187/187/187 176/176/176
f 176/176/176 187/187/187 177/177/177
f 187/187/187 188/188/188 177/177/177
f 177/177/177 188/188/188 178/178/178
f 188/188/188 189/189/189 178/178/178
f 178/178/178 189/189/189 179/179/179
f 189/189/189 190/190/190 179/179/179
f 179/179/179 190/190/190 180/180/180
f 190/190/190 191/191/191 180/180/180
f 180/180/180 191/191/191 181/181/181
f 191/191/191 192/192/192 181/181/181
f 181/181/181 192/192/192 182/182/182
f 192/192/192 193/193/193 182/182/182
f 182/182/182 193/193/193 183/183/183
f 193/193/193 194/194/194 183/183/183
f 205/205/205 206/206/206 195/195/195
f 206/206/206 207/207/207 196/196/196
f 207/207/207 208/208/208 197/197/197
f 208/208/208 209/209/209 198/198/198
f 209/209/209 210/210/210 199/199/199
f 210/210/210 211/211/211 200/200/200
f 211/211/211 212/212/212 201/201/201
f 212/212/212 213/213/213 202/202/202
f 213/213/213 214/214/214 203/203/203
f 214/214/214 215/215/215 204/204/204
f 227/227/227 226/226/226 216/216/216
f 228/228/228 227/227/227 217/217/217
f 229/229/229 228/228/228 218/218/218
f 230/230/230 229/229/229 219/219/219
f 231/231/231 230/230/230 220/220/220
f 232/232/232 231/231/231 221/221/221
f 233/233/233 232/232/232 222/222/222
f 234/234/234 233/233/233 223/223/223
f 235/235/235 234/234/234 224/224/224
f 236/236/236 235/235/235 225/225/225
o brake_stud_0_1
usemtl pedal_rubber
v -14.6 12.577207923995834 0.8571701811572846
v -14.235573148727417 12.69410496840628 0.8383053991687869
v -14.010344958305359 13.00014544331729 0.7889167523645001
v -14.010344958305359 13.37843224547509 0.7278690322290271
v -14.235573148727417 13.6844727203861 0.6784803854247403
v -14.6 13.801369764796545 0.6596156034362426
v -14.964426851272583 13.6844727203861 0.6784803854247403
v -15.18965504169464 13.37843224547509 0.7278690322290271
v -15.18965504169464 13.00014544331729 0.7889167523645001
v -14.964426851272583 12.69410496840628 0.8383053991687869
v -14.6 12.577207923995834 0.8571701811572846
v -14.6 12.497548820688712 0.36355653946947114
v -14.235573148727417 12.614445865099157 0.3446917574809734
v -14.010344958305359 12.920486340010168 0.29530311067668663
v -14.010344958305359 13.298773142167967 0.23425539054121358
v -14.235573148727417 13.604813617078976 0.1848667437369268
v -14.6 13.721710661489423 0.16600196174842907
v -14.964426851272583 13.604813617078976 0.1848667437369268
v -15.18965504169464 13.298773142167967 0.23425539054121358
v -15.18965504169464 12.920486340010168 0.29530311067668663
v -14.964426851272583 12.614445865099157 0.3446917574809734
v -14.6 12.497548820688712 0.36355653946947114
v -14.6 13.18928884439619 0.7583928922967635
v -14.6 13.18928884439619 0.7583928922967635
v -14.6 13.18928884439619 0.7583928922967635
v -14.6 13.18928884439619 0.7583928922967635
v -14.6 13.18928884439619 0.7583928922967635
v -14.6 13.18928884439619 0.7583928922967635
v -14.6 13.18928884439619 0.7583928922967635
v -14.6 13.18928884439619 0.7583928922967635
v -14.6 13.18928884439619 0.7583928922967635
v -14.6 13.18928884439619 0.7583928922967635
v -14.6 12.577207923995834 0.8571701811572846
v -14.235573148727417 12.69410496840628 0.8383053991687869
v -14.010344958305359 13.00014544331729 0.7889167523645001
v -14.010344958305359 13.37843224547509 0.7278690322290271
v -14.235573148727417 13.6844727203861 0.6784803854247403
v -14.6 13.801369764796545 0.6596156034362426
v -14.964426851272583 13.6844727203861 0.6784803854247403
v -15.18965504169464 13.37843224547509 0.7278690322290271
v -15.18965504169464 13.00014544331729 0.7889167523645001
v -14.964426851272583 12.69410496840628 0.8383053991687869
v -14.6 12.577207923995834 0.8571701811572846
v -14.6 13.109629741089067 0.26477925060895013
v -14.6 13.109629741089067 0.26477925060895013
v -14.6 13.109629741089067 0.26477925060895013
v -14.6 13.109629741089067 0.26477925060895013
v -14.6 13.109629741089067 0.26477925060895013
v -14.6 13.109629741089067 0.26477925060895013
v -14.6 13.109629741089067 0.26477925060895013
v -14.6 13.109629741089067 0.26477925060895013
v -14.6 13.109629741089067 0.26477925060895013
v -14.6 13.109629741089067 0.26477925060895013
v -14.6 12.497548820688712 0.36355653946947114
v -14.235573148727417 12.614445865099157 0.3446917574809734
v -14.010344958305359 12.920486340010168 0.29530311067668663
v -14.010344958305359 13.298773142167967 0.23425539054121358
v -14.235573148727417 13.604813617078976 0.1848667437369268
v -14.6 13.721710661489423 0.16600196174842907
v -14.964426851272583 13.604813617078976 0.1848667437369268
v -15.18965504169464 13.298773142167967 0.23425539054121358
v -15.18965504169464 12.920486340010168 0.29530311067668663
v -14.964426851272583 12.614445865099157 0.3446917574809734
v -14.6 12.497548820688712 0.36355653946947114
vt 0 1
vt 0.10000000149011612 1
vt 0.20000000298023224 1
vt 0.30000001192092896 1
vt 0.4000000059604645 1
vt 0.5 1
vt 0.6000000238418579 1
vt 0.699999988079071 1
vt 0.800000011920929 1
vt 0.8999999761581421 1
vt 1 1
vt 0 0
vt 0.10000000149011612 0
vt 0.20000000298023224 0
vt 0.30000001192092896 0
vt 0.4000000059604645 0
vt 0.5 0
vt 0.6000000238418579 0
vt 0.699999988079071 0
vt 0.800000011920929 0
vt 0.8999999761581421 0
vt 1 0
vt 0.5 0.5
vt 0.5 0.5
vt 0.5 0.5
vt 0.5 0.5
vt 0.5 0.5
vt 0.5 0.5
vt 0.5 0.5
vt 0.5 0.5
vt 0.5 0.5
vt 0.5 0.5
vt 1 0.5
vt 0.9045084714889526 0.7938926219940186
vt 0.6545084714889526 0.9755282402038574
vt 0.345491498708725 0.9755282402038574
vt 0.09549150615930557 0.7938926219940186
vt 0 0.5
vt 0.09549150615930557 0.20610737800598145
vt 0.345491498708725 0.024471741169691086
vt 0.6545084714889526 0.024471741169691086
vt 0.9045084714889526 0.20610737800598145
vt 1 0.5
vt 0.5 0.5
vt 0.5 0.5
vt 0.5 0.5
vt 0.5 0.5
vt 0.5 0.5
vt 0.5 0.5
vt 0.5 0.5
vt 0.5 0.5
vt 0.5 0.5
vt 0.5 0.5
vt 1 0.5
vt 0.9045084714889526 0.20610737800598145
vt 0.6545084714889526 0.024471741169691086
vt 0.345491498708725 0.024471741169691086
vt 0.09549150615930557 0.20610737800598145
vt 0 0.5
vt 0.09549150615930557 0.7938926219940186
vt 0.345491498708725 0.9755282402038574
vt 0.6545084714889526 0.9755282402038574
vt 0.9045084714889526 0.7938926219940186
vt 1 0.5
vn 0 -0.9872272833756269 0.1593182066142462
vn 0.5877852429542022 -0.7986836562594867 0.12889113774518274
vn 0.9510565161477913 -0.30507000832142217 0.049232033429397505
vn 0.9510565161477913 0.30507000832142217 -0.049232033429397505
vn 0.5877852429542022 0.7986836562594867 -0.12889113774518274
vn 1.2246468525851679e-16 0.9872272833756269 -0.1593182066142462
vn -0.5877852429542022 0.7986836562594867 -0.12889113774518274
vn -0.9510565161477913 0.30507000832142217 -0.049232033429397505
vn -0.9510565161477913 -0.30507000832142217 0.049232033429397505
vn -0.5877852429542022 -0.7986836562594867 0.12889113774518274
vn -2.4492937051703357e-16 -0.9872272833756269 0.1593182066142462
vn 0 -0.9872272833756269 0.1593182066142462
vn 0.5877852429542022 -0.7986836562594867 0.12889113774518274
vn 0.9510565161477913 -0.30507000832142217 0.049232033429397505
vn 0.9510565161477913 0.30507000832142217 -0.049232033429397505
vn 0.5877852429542022 0.7986836562594867 -0.12889113774518274
vn 1.2246468525851679e-16 0.9872272833756269 -0.1593182066142462
vn -0.5877852429542022 0.7986836562594867 -0.12889113774518274
vn -0.9510565161477913 0.30507000832142217 -0.049232033429397505
vn -0.9510565161477913 -0.30507000832142217 0.049232033429397505
vn -0.5877852429542022 -0.7986836562594867 0.12889113774518274
vn -2.4492937051703357e-16 -0.9872272833756269 0.1593182066142462
vn 0 0.1593182066142462 0.9872272833756269
vn 0 0.1593182066142462 0.9872272833756269
vn 0 0.1593182066142462 0.9872272833756269
vn 0 0.1593182066142462 0.9872272833756269
vn 0 0.1593182066142462 0.9872272833756269
vn 0 0.1593182066142462 0.9872272833756269
vn 0 0.1593182066142462 0.9872272833756269
vn 0 0.1593182066142462 0.9872272833756269
vn 0 0.1593182066142462 0.9872272833756269
vn 0 0.1593182066142462 0.9872272833756269
vn 0 0.1593182066142462 0.9872272833756269
vn 0 0.1593182066142462 0.9872272833756269
vn 0 0.1593182066142462 0.9872272833756269
vn 0 0.1593182066142462 0.9872272833756269
vn 0 0.1593182066142462 0.9872272833756269
vn 0 0.1593182066142462 0.9872272833756269
vn 0 0.1593182066142462 0.9872272833756269
vn 0 0.1593182066142462 0.9872272833756269
vn 0 0.1593182066142462 0.9872272833756269
vn 0 0.1593182066142462 0.9872272833756269
vn 0 0.1593182066142462 0.9872272833756269
vn 0 -0.1593182066142462 -0.9872272833756269
vn 0 -0.1593182066142462 -0.9872272833756269
vn 0 -0.1593182066142462 -0.9872272833756269
vn 0 -0.1593182066142462 -0.9872272833756269
vn 0 -0.1593182066142462 -0.9872272833756269
vn 0 -0.1593182066142462 -0.9872272833756269
vn 0 -0.1593182066142462 -0.9872272833756269
vn 0 -0.1593182066142462 -0.9872272833756269
vn 0 -0.1593182066142462 -0.9872272833756269
vn 0 -0.1593182066142462 -0.9872272833756269
vn 0 -0.1593182066142462 -0.9872272833756269
vn 0 -0.1593182066142462 -0.9872272833756269
vn 0 -0.1593182066142462 -0.9872272833756269
vn 0 -0.1593182066142462 -0.9872272833756269
vn 0 -0.1593182066142462 -0.9872272833756269
vn 0 -0.1593182066142462 -0.9872272833756269
vn 0 -0.1593182066142462 -0.9872272833756269
vn 0 -0.1593182066142462 -0.9872272833756269
vn 0 -0.1593182066142462 -0.9872272833756269
vn 0 -0.1593182066142462 -0.9872272833756269
vn 0 -0.1593182066142462 -0.9872272833756269
f 237/237/237 248/248/248 238/238/238
f 248/248/248 249/249/249 238/238/238
f 238/238/238 249/249/249 239/239/239
f 249/249/249 250/250/250 239/239/239
f 239/239/239 250/250/250 240/240/240
f 250/250/250 251/251/251 240/240/240
f 240/240/240 251/251/251 241/241/241
f 251/251/251 252/252/252 241/241/241
f 241/241/241 252/252/252 242/242/242
f 252/252/252 253/253/253 242/242/242
f 242/242/242 253/253/253 243/243/243
f 253/253/253 254/254/254 243/243/243
f 243/243/243 254/254/254 244/244/244
f 254/254/254 255/255/255 244/244/244
f 244/244/244 255/255/255 245/245/245
f 255/255/255 256/256/256 245/245/245
f 245/245/245 256/256/256 246/246/246
f 256/256/256 257/257/257 246/246/246
f 246/246/246 257/257/257 247/247/247
f 257/257/257 258/258/258 247/247/247
f 269/269/269 270/270/270 259/259/259
f 270/270/270 271/271/271 260/260/260
f 271/271/271 272/272/272 261/261/261
f 272/272/272 273/273/273 262/262/262
f 273/273/273 274/274/274 263/263/263
f 274/274/274 275/275/275 264/264/264
f 275/275/275 276/276/276 265/265/265
f 276/276/276 277/277/277 266/266/266
f 277/277/277 278/278/278 267/267/267
f 278/278/278 279/279/279 268/268/268
f 291/291/291 290/290/290 280/280/280
f 292/292/292 291/291/291 281/281/281
f 293/293/293 292/292/292 282/282/282
f 294/294/294 293/293/293 283/283/283
f 295/295/295 294/294/294 284/284/284
f 296/296/296 295/295/295 285/285/285
f 297/297/297 296/296/296 286/286/286
f 298/298/298 297/297/297 287/287/287
f 299/299/299 298/298/298 288/288/288
f 300/300/300 299/299/299 289/289/289
o brake_stud_0_2
usemtl pedal_rubber
v -14.6 14.946553404097338 0.47480648528309455
v -14.235573148727417 15.063450448507785 0.4559417032945968
v -14.010344958305359 15.369490923418795 0.40655305649031004
v -14.010344958305359 15.747777725576594 0.345505336354837
v -14.235573148727417 16.053818200487605 0.2961166895505502
v -14.6 16.170715244898048 0.2772519075620525
v -14.964426851272583 16.053818200487605 0.2961166895505502
v -15.18965504169464 15.747777725576594 0.345505336354837
v -15.18965504169464 15.369490923418795 0.40655305649031004
v -14.964426851272583 15.063450448507785 0.4559417032945968
v -14.6 14.946553404097338 0.47480648528309455
v -14.6 14.866894300790216 -0.018807156404718917
v -14.235573148727417 14.983791345200661 -0.03767193839321664
v -14.010344958305359 15.289831820111672 -0.08706058519750343
v -14.010344958305359 15.668118622269471 -0.14810830533297648
v -14.235573148727417 15.97415909718048 -0.19749695213726326
v -14.6 16.091056141590926 -0.21636173412576098
v -14.964426851272583 15.97415909718048 -0.19749695213726326
v -15.18965504169464 15.668118622269471 -0.14810830533297648
v -15.18965504169464 15.289831820111672 -0.08706058519750343
v -14.964426851272583 14.983791345200661 -0.03767193839321664
v -14.6 14.866894300790216 -0.018807156404718917
v -14.6 15.558634324497694 0.3760291964225735
v -14.6 15.558634324497694 0.3760291964225735
v -14.6 15.558634324497694 0.3760291964225735
v -14.6 15.558634324497694 0.3760291964225735
v -14.6 15.558634324497694 0.3760291964225735
v -14.6 15.558634324497694 0.3760291964225735
v -14.6 15.558634324497694 0.3760291964225735
v -14.6 15.558634324497694 0.3760291964225735
v -14.6 15.558634324497694 0.3760291964225735
v -14.6 15.558634324497694 0.3760291964225735
v -14.6 14.946553404097338 0.47480648528309455
v -14.235573148727417 15.063450448507785 0.4559417032945968
v -14.010344958305359 15.369490923418795 0.40655305649031004
v -14.010344958305359 15.747777725576594 0.345505336354837
v -14.235573148727417 16.053818200487605 0.2961166895505502
v -14.6 16.170715244898048 0.2772519075620525
v -14.964426851272583 16.053818200487605 0.2961166895505502
v -15.18965504169464 15.747777725576594 0.345505336354837
v -15.18965504169464 15.369490923418795 0.40655305649031004
v -14.964426851272583 15.063450448507785 0.4559417032945968
v -14.6 14.946553404097338 0.47480648528309455
v -14.6 15.478975221190572 -0.11758444526523995
v -14.6 15.478975221190572 -0.11758444526523995
v -14.6 15.478975221190572 -0.11758444526523995
v -14.6 15.478975221190572 -0.11758444526523995
v -14.6 15.478975221190572 -0.11758444526523995
v -14.6 15.478975221190572 -0.11758444526523995
v -14.6 15.478975221190572 -0.11758444526523995
v -14.6 15.478975221190572 -0.11758444526523995
v -14.6 15.478975221190572 -0.11758444526523995
v -14.6 15.478975221190572 -0.11758444526523995
v -14.6 14.866894300790216 -0.018807156404718917
v -14.235573148727417 14.983791345200661 -0.03767193839321664
v -14.010344958305359 15.289831820111672 -0.08706058519750343
v -14.010344958305359 15.668118622269471 -0.14810830533297648
v -14.235573148727417 15.97415909718048 -0.19749695213726326
v -14.6 16.091056141590926 -0.21636173412576098
v -14.964426851272583 15.97415909718048 -0.19749695213726326
v -15.18965504169464 15.668118622269471 -0.14810830533297648
v -15.18965504169464 15.289831820111672 -0.08706058519750343
v -14.964426851272583 14.983791345200661 -0.03767193839321664
v -14.6 14.866894300790216 -0.018807156404718917
vt 0 1
vt 0.10000000149011612 1
vt 0.20000000298023224 1
vt 0.30000001192092896 1
vt 0.4000000059604645 1
vt 0.5 1
vt 0.6000000238418579 1
vt 0.699999988079071 1
vt 0.800000011920929 1
vt 0.8999999761581421 1
vt 1 1
vt 0 0
vt 0.10000000149011612 0
vt 0.20000000298023224 0
vt 0.30000001192092896 0
vt 0.4000000059604645 0
vt 0.5 0
vt 0.6000000238418579 0
vt 0.699999988079071 0
vt 0.800000011920929 0
vt 0.8999999761581421 0
vt 1 0
vt 0.5 0.5
vt 0.5 0.5
vt 0.5 0.5
vt 0.5 0.5
vt 0.5 0.5
vt 0.5 0.5
vt 0.5 0.5
vt 0.5 0.5
vt 0.5 0.5
vt 0.5 0.5
vt 1 0.5
vt 0.9045084714889526 0.7938926219940186
vt 0.6545084714889526 0.9755282402038574
vt 0.345491498708725 0.9755282402038574
vt 0.09549150615930557 0.7938926219940186
vt 0 0.5
vt 0.09549150615930557 0.20610737800598145
vt 0.345491498708725 0.024471741169691086
vt 0.6545084714889526 0.024471741169691086
vt 0.9045084714889526 0.20610737800598145
vt 1 0.5
vt 0.5 0.5
vt 0.5 0.5
vt 0.5 0.5
vt 0.5 0.5
vt 0.5 0.5
vt 0.5 0.5
vt 0.5 0.5
vt 0.5 0.5
vt 0.5 0.5
vt 0.5 0.5
vt 1 0.5
vt 0.9045084714889526 0.20610737800598145
vt 0.6545084714889526 0.024471741169691086
vt 0.345491498708725 0.024471741169691086
vt 0.09549150615930557 0.20610737800598145
vt 0 0.5
vt 0.09549150615930557 0.7938926219940186
vt 0.345491498708725 0.9755282402038574
vt 0.6545084714889526 0.9755282402038574
vt 0.9045084714889526 0.7938926219940186
vt 1 0.5
vn 0 -0.9872272833756269 0.1593182066142462
vn 0.5877852429542022 -0.7986836562594867 0.12889113774518274
vn 0.9510565161477913 -0.30507000832142217 0.049232033429397505
vn 0.9510565161477913 0.30507000832142217 -0.049232033429397505
vn 0.5877852429542022 0.7986836562594867 -0.12889113774518274
vn 1.2246468525851679e-16 0.9872272833756269 -0.1593182066142462
vn -0.5877852429542022 0.7986836562594867 -0.12889113774518274
vn -0.9510565161477913 0.30507000832142217 -0.049232033429397505
vn -0.9510565161477913 -0.30507000832142217 0.049232033429397505
vn -0.5877852429542022 -0.7986836562594867 0.12889113774518274
vn -2.4492937051703357e-16 -0.9872272833756269 0.1593182066142462
vn 0 -0.9872272833756269 0.1593182066142462
vn 0.5877852429542022 -0.7986836562594867 0.12889113774518274
vn 0.9510565161477913 -0.30507000832142217 0.049232033429397505
vn 0.9510565161477913 0.30507000832142217 -0.049232033429397505
vn 0.5877852429542022 0.7986836562594867 -0.12889113774518274
vn 1.2246468525851679e-16 0.9872272833756269 -0.1593182066142462
vn -0.5877852429542022 0.7986836562594867 -0.12889113774518274
vn -0.9510565161477913 0.30507000832142217 -0.049232033429397505
vn -0.9510565161477913 -0.30507000832142217 0.049232033429397505
vn -0.5877852429542022 -0.7986836562594867 0.12889113774518274
vn -2.4492937051703357e-16 -0.9872272833756269 0.1593182066142462
vn 0 0.1593182066142462 0.9872272833756269
vn 0 0.1593182066142462 0.9872272833756269
vn 0 0.1593182066142462 0.9872272833756269
vn 0 0.1593182066142462 0.9872272833756269
vn 0 0.1593182066142462 0.9872272833756269
vn 0 0.1593182066142462 0.9872272833756269
vn 0 0.1593182066142462 0.9872272833756269
vn 0 0.1593182066142462 0.9872272833756269
vn 0 0.1593182066142462 0.9872272833756269
vn 0 0.1593182066142462 0.9872272833756269
vn 0 0.1593182066142462 0.9872272833756269
vn 0 0.1593182066142462 0.9872272833756269
vn 0 0.1593182066142462 0.9872272833756269
vn 0 0.1593182066142462 0.9872272833756269
vn 0 0.1593182066142462 0.9872272833756269
vn 0 0.1593182066142462 0.9872272833756269
vn 0 0.1593182066142462 0.9872272833756269
vn 0 0.1593182066142462 0.9872272833756269
vn 0 0.1593182066142462 0.9872272833756269
vn 0 0.1593182066142462 0.9872272833756269
vn 0 0.1593182066142462 0.9872272833756269
vn 0 -0.1593182066142462 -0.9872272833756269
vn 0 -0.1593182066142462 -0.9872272833756269
vn 0 -0.1593182066142462 -0.9872272833756269
vn 0 -0.1593182066142462 -0.9872272833756269
vn 0 -0.1593182066142462 -0.9872272833756269
vn 0 -0.1593182066142462 -0.9872272833756269
vn 0 -0.1593182066142462 -0.9872272833756269
vn 0 -0.1593182066142462 -0.9872272833756269
vn 0 -0.1593182066142462 -0.9872272833756269
vn 0 -0.1593182066142462 -0.9872272833756269
vn 0 -0.1593182066142462 -0.9872272833756269
vn 0 -0.1593182066142462 -0.9872272833756269
vn 0 -0.1593182066142462 -0.9872272833756269
vn 0 -0.1593182066142462 -0.9872272833756269
vn 0 -0.1593182066142462 -0.9872272833756269
vn 0 -0.1593182066142462 -0.9872272833756269
vn 0 -0.1593182066142462 -0.9872272833756269
vn 0 -0.1593182066142462 -0.9872272833756269
vn 0 -0.1593182066142462 -0.9872272833756269
vn 0 -0.1593182066142462 -0.9872272833756269
vn 0 -0.1593182066142462 -0.9872272833756269
f 301/301/301 312/312/312 302/302/302
f 312/312/312 313/313/313 302/302/302
f 302/302/302 313/313/313 303/303/303
f 313/313/313 314/314/314 303/303/303
f 303/303/303 314/314/314 304/304/304
f 314/314/314 315/315/315 304/304/304
f 304/304/304 315/315/315 305/305/305
f 315/315/315 316/316/316 305/305/305
f 305/305/305 316/316/316 306/306/306
f 316/316/316 317/317/317 306/306/306
f 306/306/306 317/317/317 307/307/307
f 317/317/317 318/318/318 307/307/307
f 307/307/307 318/318/318 308/308/308
f 318/318/318 319/319/319 308/308/308
f 308/308/308 319/319/319 309/309/309
f 319/319/319 320/320/320 309/309/309
f 309/309/309 320/320/320 310/310/310
f 320/320/320 321/321/321 310/310/310
f 310/310/310 321/321/321 311/311/311
f 321/321/321 322/322/322 311/311/311
f 333/333/333 334/334/334 323/323/323
f 334/334/334 335/335/335 324/324/324
f 335/335/335 336/336/336 325/325/325
f 336/336/336 337/337/337 326/326/326
f 337/337/337 338/338/338 327/327/327
f 338/338/338 339/339/339 328/328/328
f 339/339/339 340/340/340 329/329/329
f 340/340/340 341/341/341 330/330/330
f 341/341/341 342/342/342 331/331/331
f 342/342/342 343/343/343 332/332/332
f 355/355/355 354/354/354 344/344/344
f 356/356/356 355/355/355 345/345/345
f 357/357/357 356/356/356 346/346/346
f 358/358/358 357/357/357 347/347/347
f 359/359/359 358/358/358 348/348/348
f 360/360/360 359/359/359 349/349/349
f 361/361/361 360/360/360 350/350/350
f 362/362/362 361/361/361 351/351/351
f 363/363/363 362/362/362 352/352/352
f 364/364/364 363/363/363 353/353/353
o brake_stud_0_3
usemtl pedal_rubber
v -14.6 17.31589888419884 0.09244278940890405
v -14.235573148727417 17.432795928609288 0.07357800742040632
v -14.010344958305359 17.7388364035203 0.024189360616119537
v -14.010344958305359 18.117123205678098 -0.03685835951935351
v -14.235573148727417 18.423163680589106 -0.0862470063236403
v -14.6 18.540060724999552 -0.10511178831213802
v -14.964426851272583 18.423163680589106 -0.0862470063236403
v -15.18965504169464 18.117123205678098 -0.03685835951935351
v -15.18965504169464 17.7388364035203 0.024189360616119537
v -14.964426851272583 17.432795928609288 0.07357800742040632
v -14.6 17.31589888419884 0.09244278940890405
v -14.6 17.23623978089172 -0.4011708522789094
v -14.235573148727417 17.353136825302165 -0.42003563426740714
v -14.010344958305359 17.659177300213173 -0.4694242810716939
v -14.010344958305359 18.037464102370972 -0.530472001207167
v -14.235573148727417 18.343504577281983 -0.5798606480114538
v -14.6 18.46040162169243 -0.5987254299999515
v -14.964426851272583 18.343504577281983 -0.5798606480114538
v -15.18965504169464 18.037464102370972 -0.530472001207167
v -15.18965504169464 17.659177300213173 -0.4694242810716939
v -14.964426851272583 17.353136825302165 -0.42003563426740714
v -14.6 17.23623978089172 -0.4011708522789094
v -14.6 17.927979804599197 -0.006334499451616987
v -14.6 17.927979804599197 -0.006334499451616987
v -14.6 17.927979804599197 -0.006334499451616987
v -14.6 17.927979804599197 -0.006334499451616987
v -14.6 17.927979804599197 -0.006334499451616987
v -14.6 17.927979804599197 -0.006334499451616987
v -14.6 17.927979804599197 -0.006334499451616987
v -14.6 17.927979804599197 -0.006334499451616987
v -14.6 17.927979804599197 -0.006334499451616987
v -14.6 17.927979804599197 -0.006334499451616987
v -14.6 17.31589888419884 0.09244278940890405
v -14.235573148727417 17.432795928609288 0.07357800742040632
v -14.010344958305359 17.7388364035203 0.024189360616119537
v -14.010344958305359 18.117123205678098 -0.03685835951935351
v -14.235573148727417 18.423163680589106 -0.0862470063236403
v -14.6 18.540060724999552 -0.10511178831213802
v -14.964426851272583 18.423163680589106 -0.0862470063236403
v -15.18965504169464 18.117123205678098 -0.03685835951935351
v -15.18965504169464 17.7388364035203 0.024189360616119537
v -14.964426851272583 17.432795928609288 0.07357800742040632
v -14.6 17.31589888419884 0.09244278940890405
v -14.6 17.848320701292074 -0.4999481411394304
v -14.6 17.848320701292074 -0.4999481411394304
v -14.6 17.848320701292074 -0.4999481411394304
v -14.6 17.848320701292074 -0.4999481411394304
v -14.6 17.848320701292074 -0.4999481411394304
v -14.6 17.848320701292074 -0.4999481411394304
v -14.6 17.848320701292074 -0.4999481411394304
v -14.6 17.848320701292074 -0.4999481411394304
v -14.6 17.848320701292074 -0.4999481411394304
v -14.6 17.848320701292074 -0.4999481411394304
v -14.6 17.23623978089172 -0.4011708522789094
v -14.235573148727417 17.353136825302165 -0.42003563426740714
v -14.010344958305359 17.659177300213173 -0.4694242810716939
v -14.010344958305359 18.037464102370972 -0.530472001207167
v -14.235573148727417 18.343504577281983 -0.5798606480114538
v -14.6 18.46040162169243 -0.5987254299999515
v -14.964426851272583 18.343504577281983 -0.5798606480114538
v -15.18965504169464 18.037464102370972 -0.530472001207167
v -15.18965504169464 17.659177300213173 -0.4694242810716939
v -14.964426851272583 17.353136825302165 -0.42003563426740714
v -14.6 17.23623978089172 -0.4011708522789094
vt 0 1
vt 0.10000000149011612 1
vt 0.20000000298023224 1
vt 0.30000001192092896 1
vt 0.4000000059604645 1
vt 0.5 1
vt 0.6000000238418579 1
vt 0.699999988079071 1
vt 0.800000011920929 1
vt 0.8999999761581421 1
vt 1 1
vt 0 0
vt 0.10000000149011612 0
vt 0.20000000298023224 0
vt 0.30000001192092896 0
vt 0.4000000059604645 0
vt 0.5 0
vt 0.6000000238418579 0
vt 0.699999988079071 0
vt 0.800000011920929 0
vt 0.8999999761581421 0
vt 1 0
vt 0.5 0.5
vt 0.5 0.5
vt 0.5 0.5
vt 0.5 0.5
vt 0.5 0.5
vt 0.5 0.5
vt 0.5 0.5
vt 0.5 0.5
vt 0.5 0.5
vt 0.5 0.5
vt 1 0.5
vt 0.9045084714889526 0.7938926219940186
vt 0.6545084714889526 0.9755282402038574
vt 0.345491498708725 0.9755282402038574
vt 0.09549150615930557 0.7938926219940186
vt 0 0.5
vt 0.09549150615930557 0.20610737800598145
vt 0.345491498708725 0.024471741169691086
vt 0.6545084714889526 0.024471741169691086
vt 0.9045084714889526 0.20610737800598145
vt 1 0.5
vt 0.5 0.5
vt 0.5 0.5
vt 0.5 0.5
vt 0.5 0.5
vt 0.5 0.5
vt 0.5 0.5
vt 0.5 0.5
vt 0.5 0.5
vt 0.5 0.5
vt 0.5 0.5
vt 1 0.5
vt 0.9045084714889526 0.20610737800598145
vt 0.6545084714889526 0.024471741169691086
vt 0.345491498708725 0.024471741169691086
vt 0.09549150615930557 0.20610737800598145
vt 0 0.5
vt 0.09549150615930557 0.7938926219940186
vt 0.345491498708725 0.9755282402038574
vt 0.6545084714889526 0.9755282402038574
vt 0.9045084714889526 0.7938926219940186
vt 1 0.5
vn 0 -0.9872272833756269 0.1593182066142462
vn 0.5877852429542022 -0.7986836562594867 0.12889113774518274
vn 0.9510565161477913 -0.30507000832142217 0.049232033429397505
vn 0.9510565161477913 0.30507000832142217 -0.049232033429397505
vn 0.5877852429542022 0.7986836562594867 -0.12889113774518274
vn 1.2246468525851679e-16 0.9872272833756269 -0.1593182066142462
vn -0.5877852429542022 0.7986836562594867 -0.12889113774518274
vn -0.9510565161477913 0.30507000832142217 -0.049232033429397505
vn -0.9510565161477913 -0.30507000832142217 0.049232033429397505
vn -0.5877852429542022 -0.7986836562594867 0.12889113774518274
vn -2.4492937051703357e-16 -0.9872272833756269 0.1593182066142462
vn 0 -0.9872272833756269 0.1593182066142462
vn 0.5877852429542022 -0.7986836562594867 0.12889113774518274
vn 0.9510565161477913 -0.30507000832142217 0.049232033429397505
vn 0.9510565161477913 0.30507000832142217 -0.049232033429397505
vn 0.5877852429542022 0.7986836562594867 -0.12889113774518274
vn 1.2246468525851679e-16 0.9872272833756269 -0.1593182066142462
vn -0.5877852429542022 0.7986836562594867 -0.12889113774518274
vn -0.9510565161477913 0.30507000832142217 -0.049232033429397505
vn -0.9510565161477913 -0.30507000832142217 0.049232033429397505
vn -0.5877852429542022 -0.7986836562594867 0.12889113774518274
vn -2.4492937051703357e-16 -0.9872272833756269 0.1593182066142462
vn 0 0.1593182066142462 0.9872272833756269
vn 0 0.1593182066142462 0.9872272833756269
vn 0 0.1593182066142462 0.9872272833756269
vn 0 0.1593182066142462 0.9872272833756269
vn 0 0.1593182066142462 0.9872272833756269
vn 0 0.1593182066142462 0.9872272833756269
vn 0 0.1593182066142462 0.9872272833756269
vn 0 0.1593182066142462 0.9872272833756269
vn 0 0.1593182066142462 0.9872272833756269
vn 0 0.1593182066142462 0.9872272833756269
vn 0 0.1593182066142462 0.9872272833756269
vn 0 0.1593182066142462 0.9872272833756269
vn 0 0.1593182066142462 0.9872272833756269
vn 0 0.1593182066142462 0.9872272833756269
vn 0 0.1593182066142462 0.9872272833756269
vn 0 0.1593182066142462 0.9872272833756269
vn 0 0.1593182066142462 0.9872272833756269
vn 0 0.1593182066142462 0.9872272833756269
vn 0 0.1593182066142462 0.9872272833756269
vn 0 0.1593182066142462 0.9872272833756269
vn 0 0.1593182066142462 0.9872272833756269
vn 0 -0.1593182066142462 -0.9872272833756269
vn 0 -0.1593182066142462 -0.9872272833756269
vn 0 -0.1593182066142462 -0.9872272833756269
vn 0 -0.1593182066142462 -0.9872272833756269
vn 0 -0.1593182066142462 -0.9872272833756269
vn 0 -0.1593182066142462 -0.9872272833756269
vn 0 -0.1593182066142462 -0.9872272833756269
vn 0 -0.1593182066142462 -0.9872272833756269
vn 0 -0.1593182066142462 -0.9872272833756269
vn 0 -0.1593182066142462 -0.9872272833756269
vn 0 -0.1593182066142462 -0.9872272833756269
vn 0 -0.1593182066142462 -0.9872272833756269
vn 0 -0.1593182066142462 -0.9872272833756269
vn 0 -0.1593182066142462 -0.9872272833756269
vn 0 -0.1593182066142462 -0.9872272833756269
vn 0 -0.1593182066142462 -0.9872272833756269
vn 0 -0.1593182066142462 -0.9872272833756269
vn 0 -0.1593182066142462 -0.9872272833756269
vn 0 -0.1593182066142462 -0.9872272833756269
vn 0 -0.1593182066142462 -0.9872272833756269
vn 0 -0.1593182066142462 -0.9872272833756269
f 365/365/365 376/376/376 366/366/366
f 376/376/376 377/377/377 366/366/366
f 366/366/366 377/377/377 367/367/367
f 377/377/377 378/378/378 367/367/367
f 367/367/367 378/378/378 368/368/368
f 378/378/378 379/379/379 368/368/368
f 368/368/368 379/379/379 369/369/369
f 379/379/379 380/380/380 369/369/369
f 369/369/369 380/380/380 370/370/370
f 380/380/380 381/381/381 370/370/370
f 370/370/370 381/381/381 371/371/371
f 381/381/381 382/382/382 371/371/371
f 371/371/371 382/382/382 372/372/372
f 382/382/382 383/383/383 372/372/372
f 372/372/372 383/383/383 373/373/373
f 383/383/383 384/384/384 373/373/373
f 373/373/373 384/384/384 374/374/374
f 384/384/384 385/385/385 374/374/374
f 374/374/374 385/385/385 375/375/375
f 385/385/385 386/386/386 375/375/375
f 397/397/397 398/398/398 387/387/387
f 398/398/398 399/399/399 388/388/388
f 399/399/399 400/400/400 389/389/389
f 400/400/400 401/401/401 390/390/390
f 401/401/401 402/402/402 391/391/391
f 402/402/402 403/403/403 392/392/392
f 403/403/403 404/404/404 393/393/393
f 404/404/404 405/405/405 394/394/394
f 405/405/405 406/406/406 395/395/395
f 406/406/406 407/407/407 396/396/396
f 419/419/419 418/418/418 408/408/408
f 420/420/420 419/419/419 409/409/409
f 421/421/421 420/420/420 410/410/410
f 422/422/422 421/421/421 411/411/411
f 423/423/423 422/422/422 412/412/412
f 424/424/424 423/423/423 413/413/413
f 425/425/425 424/424/424 414/414/414
f 426/426/426 425/425/425 415/415/415
f 427/427/427 426/426/426 416/416/416
f 428/428/428 427/427/427 417/417/417
o brake_stud_0_4
usemtl pedal_rubber
v -14.6 19.68524436430035 -0.28992090646528645
v -14.235573148727417 19.802141408710796 -0.3087856884537842
v -14.010344958305359 20.108181883621807 -0.35817433525807096
v -14.010344958305359 20.486468685779606 -0.419222055393544
v -14.235573148727417 20.792509160690614 -0.4686107021978308
v -14.6 20.90940620510106 -0.4874754841863285
v -14.964426851272583 20.792509160690614 -0.4686107021978308
v -15.18965504169464 20.486468685779606 -0.419222055393544
v -15.18965504169464 20.108181883621807 -0.35817433525807096
v -14.964426851272583 19.802141408710796 -0.3087856884537842
v -14.6 19.68524436430035 -0.28992090646528645
v -14.6 19.605585260993227 -0.7835345481531
v -14.235573148727417 19.722482305403673 -0.8023993301415977
v -14.010344958305359 20.02852278031468 -0.8517879769458845
v -14.010344958305359 20.40680958247248 -0.9128356970813575
v -14.235573148727417 20.71285005738349 -0.9622243438856443
v -14.6 20.829747101793938 -0.981089125874142
v -14.964426851272583 20.71285005738349 -0.9622243438856443
v -15.18965504169464 20.40680958247248 -0.9128356970813575
v -15.18965504169464 20.02852278031468 -0.8517879769458845
v -14.964426851272583 19.722482305403673 -0.8023993301415977
v -14.6 19.605585260993227 -0.7835345481531
v -14.6 20.297325284700705 -0.3886981953258075
v -14.6 20.297325284700705 -0.3886981953258075
v -14.6 20.297325284700705 -0.3886981953258075
v -14.6 20.297325284700705 -0.3886981953258075
v -14.6 20.297325284700705 -0.3886981953258075
v -14.6 20.297325284700705 -0.3886981953258075
v -14.6 20.297325284700705 -0.3886981953258075
v -14.6 20.297325284700705 -0.3886981953258075
v -14.6 20.297325284700705 -0.3886981953258075
v -14.6 20.297325284700705 -0.3886981953258075
v -14.6 19.68524436430035 -0.28992090646528645
v -14.235573148727417 19.802141408710796 -0.3087856884537842
v -14.010344958305359 20.108181883621807 -0.35817433525807096
v -14.010344958305359 20.486468685779606 -0.419222055393544
v -14.235573148727417 20.792509160690614 -0.4686107021978308
v -14.6 20.90940620510106 -0.4874754841863285
v -14.964426851272583 20.792509160690614 -0.4686107021978308
v -15.18965504169464 20.486468685779606 -0.419222055393544
v -15.18965504169464 20.108181883621807 -0.35817433525807096
v -14.964426851272583 19.802141408710796 -0.3087856884537842
v -14.6 19.68524436430035 -0.28992090646528645
v -14.6 20.217666181393582 -0.8823118370136209
v -14.6 20.217666181393582 -0.8823118370136209
v -14.6 20.217666181393582 -0.8823118370136209
v -14.6 20.217666181393582 -0.8823118370136209
v -14.6 20.217666181393582 -0.8823118370136209
v -14.6 20.217666181393582 -0.8823118370136209
v -14.6 20.217666181393582 -0.8823118370136209
v -14.6 20.217666181393582 -0.8823118370136209
v -14.6 20.217666181393582 -0.8823118370136209
v -14.6 20.217666181393582 -0.8823118370136209
v -14.6 19.605585260993227 -0.7835345481531
v -14.235573148727417 19.722482305403673 -0.8023993301415977
v -14.010344958305359 20.02852278031468 -0.8517879769458845
v -14.010344958305359 20.40680958247248 -0.9128356970813575
v -14.235573148727417 20.71285005738349 -0.9622243438856443
v -14.6 20.829747101793938 -0.981089125874142
v -14.964426851272583 20.71285005738349 -0.9622243438856443
v -15.18965504169464 20.40680958247248 -0.9128356970813575
v -15.18965504169464 20.02852278031468 -0.8517879769458845
v -14.964426851272583 19.722482305403673 -0.8023993301415977
v -14.6 19.605585260993227 -0.7835345481531
vt 0 1
vt 0.10000000149011612 1
vt 0.20000000298023224 1
vt 0.30000001192092896 1
vt 0.4000000059604645 1
vt 0.5 1
vt 0.6000000238418579 1
vt 0.699999988079071 1
vt 0.800000011920929 1
vt 0.8999999761581421 1
vt 1 1
vt 0 0
vt 0.10000000149011612 0
vt 0.20000000298023224 0
vt 0.30000001192092896 0
vt 0.4000000059604645 0
vt 0.5 0
vt 0.6000000238418579 0
vt 0.699999988079071 0
vt 0.800000011920929 0
vt 0.8999999761581421 0
vt 1 0
vt 0.5 0.5
vt 0.5 0.5
vt 0.5 0.5
vt 0.5 0.5
vt 0.5 0.5
vt 0.5 0.5
vt 0.5 0.5
vt 0.5 0.5
vt 0.5 0.5
vt 0.5 0.5
vt 1 0.5
vt 0.9045084714889526 0.7938926219940186
vt 0.6545084714889526 0.9755282402038574
vt 0.345491498708725 0.9755282402038574
vt 0.09549150615930557 0.7938926219940186
vt 0 0.5
vt 0.09549150615930557 0.20610737800598145
vt 0.345491498708725 0.024471741169691086
vt 0.6545084714889526 0.024471741169691086
vt 0.9045084714889526 0.20610737800598145
vt 1 0.5
vt 0.5 0.5
vt 0.5 0.5
vt 0.5 0.5
vt 0.5 0.5
vt 0.5 0.5
vt 0.5 0.5
vt 0.5 0.5
vt 0.5 0.5
vt 0.5 0.5
vt 0.5 0.5
vt 1 0.5
vt 0.9045084714889526 0.20610737800598145
vt 0.6545084714889526 0.024471741169691086
vt 0.345491498708725 0.024471741169691086
vt 0.09549150615930557 0.20610737800598145
vt 0 0.5
vt 0.09549150615930557 0.7938926219940186
vt 0.345491498708725 0.9755282402038574
vt 0.6545084714889526 0.9755282402038574
vt 0.9045084714889526 0.7938926219940186
vt 1 0.5
vn 0 -0.9872272833756269 0.1593182066142462
vn 0.5877852429542022 -0.7986836562594867 0.12889113774518274
vn 0.9510565161477913 -0.30507000832142217 0.049232033429397505
vn 0.9510565161477913 0.30507000832142217 -0.049232033429397505
vn 0.5877852429542022 0.7986836562594867 -0.12889113774518274
vn 1.2246468525851679e-16 0.9872272833756269 -0.1593182066142462
vn -0.5877852429542022 0.7986836562594867 -0.12889113774518274
vn -0.9510565161477913 0.30507000832142217 -0.049232033429397505
vn -0.9510565161477913 -0.30507000832142217 0.049232033429397505
vn -0.5877852429542022 -0.7986836562594867 0.12889113774518274
vn -2.4492937051703357e-16 -0.9872272833756269 0.1593182066142462
vn 0 -0.9872272833756269 0.1593182066142462
vn 0.5877852429542022 -0.7986836562594867 0.12889113774518274
vn 0.9510565161477913 -0.30507000832142217 0.049232033429397505
vn 0.9510565161477913 0.30507000832142217 -0.049232033429397505
vn 0.5877852429542022 0.7986836562594867 -0.12889113774518274
vn 1.2246468525851679e-16 0.9872272833756269 -0.1593182066142462
vn -0.5877852429542022 0.7986836562594867 -0.12889113774518274
vn -0.9510565161477913 0.30507000832142217 -0.049232033429397505
vn -0.9510565161477913 -0.30507000832142217 0.049232033429397505
vn -0.5877852429542022 -0.7986836562594867 0.12889113774518274
vn -2.4492937051703357e-16 -0.9872272833756269 0.1593182066142462
vn 0 0.1593182066142462 0.9872272833756269
vn 0 0.1593182066142462 0.9872272833756269
vn 0 0.1593182066142462 0.9872272833756269
vn 0 0.1593182066142462 0.9872272833756269
vn 0 0.1593182066142462 0.9872272833756269
vn 0 0.1593182066142462 0.9872272833756269
vn 0 0.1593182066142462 0.9872272833756269
vn 0 0.1593182066142462 0.9872272833756269
vn 0 0.1593182066142462 0.9872272833756269
vn 0 0.1593182066142462 0.9872272833756269
vn 0 0.1593182066142462 0.9872272833756269
vn 0 0.1593182066142462 0.9872272833756269
vn 0 0.1593182066142462 0.9872272833756269
vn 0 0.1593182066142462 0.9872272833756269
vn 0 0.1593182066142462 0.9872272833756269
vn 0 0.1593182066142462 0.9872272833756269
vn 0 0.1593182066142462 0.9872272833756269
vn 0 0.1593182066142462 0.9872272833756269
vn 0 0.1593182066142462 0.9872272833756269
vn 0 0.1593182066142462 0.9872272833756269
vn 0 0.1593182066142462 0.9872272833756269
vn 0 -0.1593182066142462 -0.9872272833756269
vn 0 -0.1593182066142462 -0.9872272833756269
vn 0 -0.1593182066142462 -0.9872272833756269
vn 0 -0.1593182066142462 -0.9872272833756269
vn 0 -0.1593182066142462 -0.9872272833756269
vn 0 -0.1593182066142462 -0.9872272833756269
vn 0 -0.1593182066142462 -0.9872272833756269
vn 0 -0.1593182066142462 -0.9872272833756269
vn 0 -0.1593182066142462 -0.9872272833756269
vn 0 -0.1593182066142462 -0.9872272833756269
vn 0 -0.1593182066142462 -0.9872272833756269
vn 0 -0.1593182066142462 -0.9872272833756269
vn 0 -0.1593182066142462 -0.9872272833756269
vn 0 -0.1593182066142462 -0.9872272833756269
vn 0 -0.1593182066142462 -0.9872272833756269
vn 0 -0.1593182066142462 -0.9872272833756269
vn 0 -0.1593182066142462 -0.9872272833756269
vn 0 -0.1593182066142462 -0.9872272833756269
vn 0 -0.1593182066142462 -0.9872272833756269
vn 0 -0.1593182066142462 -0.9872272833756269
vn 0 -0.1593182066142462 -0.9872272833756269
f 429/429/429 440/440/440 430/430/430
f 440/440/440 441/441/441 430/430/430
f 430/430/430 441/441/441 431/431/431
f 441/441/441 442/442/442 431/431/431
f 431/431/431 442/442/442 432/432/432
f 442/442/442 443/443/443 432/432/432
f 432/432/432 443/443/443 433/433/433
f 443/443/443 444/444/444 433/433/433
f 433/433/433 444/444/444 434/434/434
f 444/444/444 445/445/445 434/434/434
f 434/434/434 445/445/445 435/435/435
f 445/445/445 446/446/446 435/435/435
f 435/435/435 446/446/446 436/436/436
f 446/446/446 447/447/447 436/436/436
f 436/436/436 447/447/447 437/437/437
f 447/447/447 448/448/448 437/437/437
f 437/437/437 448/448/448 438/438/438
f 448/448/448 449/449/449 438/438/438
f 438/438/438 449/449/449 439/439/439
f 449/449/449 450/450/450 439/439/439
f 461/461/461 462/462/462 451/451/451
f 462/462/462 463/463/463 452/452/452
f 463/463/463 464/464/464 453/453/453
f 464/464/464 465/465/465 454/454/454
f 465/465/465 466/466/466 455/455/455
f 466/466/466 467/467/467 456/456/456
f 467/467/467 468/468/468 457/457/457
f 468/468/468 469/469/469 458/458/458
f 469/469/469 470/470/470 459/459/459
f 470/470/470 471/471/471 460/460/460
f 483/483/483 482/482/482 472/472/472
f 484/484/484 483/483/483 473/473/473
f 485/485/485 484/484/484 474/474/474
f 486/486/486 485/485/485 475/475/475
f 487/487/487 486/486/486 476/476/476
f 488/488/488 487/487/487 477/477/477
f 489/489/489 488/488/488 478/478/478
f 490/490/490 489/489/489 479/479/479
f 491/491/491 490/490/490 480/480/480
f 492/492/492 491/491/491 481/481/481
o brake_stud_0_5
usemtl pedal_rubber
v -14.6 22.054589844401853 -0.6722846023394765
v -14.235573148727417 22.1714868888123 -0.6911493843279742
v -14.010344958305359 22.47752736372331 -0.740538031132261
v -14.010344958305359 22.85581416588111 -0.801585751267734
v -14.235573148727417 23.161854640792118 -0.8509743980720208
v -14.6 23.278751685202565 -0.8698391800605185
v -14.964426851272583 23.161854640792118 -0.8509743980720208
v -15.18965504169464 22.85581416588111 -0.801585751267734
v -15.18965504169464 22.47752736372331 -0.740538031132261
v -14.964426851272583 22.1714868888123 -0.6911493843279742
v -14.6 22.054589844401853 -0.6722846023394765
v -14.6 21.97493074109473 -1.16589824402729
v -14.235573148727417 22.091827785505178 -1.1847630260157878
v -14.010344958305359 22.397868260416185 -1.2341516728200745
v -14.010344958305359 22.776155062573984 -1.2951993929555474
v -14.235573148727417 23.082195537484996 -1.3445880397598344
v -14.6 23.199092581895442 -1.3634528217483322
v -14.964426851272583 23.082195537484996 -1.3445880397598344
v -15.18965504169464 22.776155062573984 -1.2951993929555474
v -15.18965504169464 22.397868260416185 -1.2341516728200745
v -14.964426851272583 22.091827785505178 -1.1847630260157878
v -14.6 21.97493074109473 -1.16589824402729
v -14.6 22.66667076480221 -0.7710618911999976
v -14.6 22.66667076480221 -0.7710618911999976
v -14.6 22.66667076480221 -0.7710618911999976
v -14.6 22.66667076480221 -0.7710618911999976
v -14.6 22.66667076480221 -0.7710618911999976
v -14.6 22.66667076480221 -0.7710618911999976
v -14.6 22.66667076480221 -0.7710618911999976
v -14.6 22.66667076480221 -0.7710618911999976
v -14.6 22.66667076480221 -0.7710618911999976
v -14.6 22.66667076480221 -0.7710618911999976
v -14.6 22.054589844401853 -0.6722846023394765
v -14.235573148727417 22.1714868888123 -0.6911493843279742
v -14.010344958305359 22.47752736372331 -0.740538031132261
v -14.010344958305359 22.85581416588111 -0.801585751267734
v -14.235573148727417 23.161854640792118 -0.8509743980720208
v -14.6 23.278751685202565 -0.8698391800605185
v -14.964426851272583 23.161854640792118 -0.8509743980720208
v -15.18965504169464 22.85581416588111 -0.801585751267734
v -15.18965504169464 22.47752736372331 -0.740538031132261
v -14.964426851272583 22.1714868888123 -0.6911493843279742
v -14.6 22.054589844401853 -0.6722846023394765
v -14.6 22.587011661495087 -1.264675532887811
v -14.6 22.587011661495087 -1.264675532887811
v -14.6 22.587011661495087 -1.264675532887811
v -14.6 22.587011661495087 -1.264675532887811
v -14.6 22.587011661495087 -1.264675532887811
v -14.6 22.587011661495087 -1.264675532887811
v -14.6 22.587011661495087 -1.264675532887811
v -14.6 22.587011661495087 -1.264675532887811
v -14.6 22.587011661495087 -1.264675532887811
v -14.6 22.587011661495087 -1.264675532887811
v -14.6 21.97493074109473 -1.16589824402729
v -14.235573148727417 22.091827785505178 -1.1847630260157878
v -14.010344958305359 22.397868260416185 -1.2341516728200745
v -14.010344958305359 22.776155062573984 -1.2951993929555474
v -14.235573148727417 23.082195537484996 -1.3445880397598344
v -14.6 23.199092581895442 -1.3634528217483322
v -14.964426851272583 23.082195537484996 -1.3445880397598344
v -15.18965504169464 22.776155062573984 -1.2951993929555474
v -15.18965504169464 22.397868260416185 -1.2341516728200745
v -14.964426851272583 22.091827785505178 -1.1847630260157878
v -14.6 21.97493074109473 -1.16589824402729
vt 0 1
vt 0.10000000149011612 1
vt 0.20000000298023224 1
vt 0.30000001192092896 1
vt 0.4000000059604645 1
vt 0.5 1
vt 0.6000000238418579 1
vt 0.699999988079071 1
vt 0.800000011920929 1
vt 0.8999999761581421 1
vt 1 1
vt 0 0
vt 0.10000000149011612 0
vt 0.20000000298023224 0
vt 0.30000001192092896 0
vt 0.4000000059604645 0
vt 0.5 0
vt 0.6000000238418579 0
vt 0.699999988079071 0
vt 0.800000011920929 0
vt 0.8999999761581421 0
vt 1 0
vt 0.5 0.5
vt 0.5 0.5
vt 0.5 0.5
vt 0.5 0.5
vt 0.5 0.5
vt 0.5 0.5
vt 0.5 0.5
vt 0.5 0.5
vt 0.5 0.5
vt 0.5 0.5
vt 1 0.5
vt 0.9045084714889526 0.7938926219940186
vt 0.6545084714889526 0.9755282402038574
vt 0.345491498708725 0.9755282402038574
vt 0.09549150615930557 0.7938926219940186
vt 0 0.5
vt 0.09549150615930557 0.20610737800598145
vt 0.345491498708725 0.024471741169691086
vt 0.6545084714889526 0.024471741169691086
vt 0.9045084714889526 0.20610737800598145
vt 1 0.5
vt 0.5 0.5
vt 0.5 0.5
vt 0.5 0.5
vt 0.5 0.5
vt 0.5 0.5
vt 0.5 0.5
vt 0.5 0.5
vt 0.5 0.5
vt 0.5 0.5
vt 0.5 0.5
vt 1 0.5
vt 0.9045084714889526 0.20610737800598145
vt 0.6545084714889526 0.024471741169691086
vt 0.345491498708725 0.024471741169691086
vt 0.09549150615930557 0.20610737800598145
vt 0 0.5
vt 0.09549150615930557 0.7938926219940186
vt 0.345491498708725 0.9755282402038574
vt 0.6545084714889526 0.9755282402038574
vt 0.9045084714889526 0.7938926219940186
vt 1 0.5
vn 0 -0.9872272833756269 0.1593182066142462
vn 0.5877852429542022 -0.7986836562594867 0.12889113774518274
vn 0.9510565161477913 -0.30507000832142217 0.049232033429397505
vn 0.9510565161477913 0.30507000832142217 -0.049232033429397505
vn 0.5877852429542022 0.7986836562594867 -0.12889113774518274
vn 1.2246468525851679e-16 0.9872272833756269 -0.1593182066142462
vn -0.5877852429542022 0.7986836562594867 -0.12889113774518274
vn -0.9510565161477913 0.30507000832142217 -0.049232033429397505
vn -0.9510565161477913 -0.30507000832142217 0.049232033429397505
vn -0.5877852429542022 -0.7986836562594867 0.12889113774518274
vn -2.4492937051703357e-16 -0.9872272833756269 0.1593182066142462
vn 0 -0.9872272833756269 0.1593182066142462
vn 0.5877852429542022 -0.7986836562594867 0.12889113774518274
vn 0.9510565161477913 -0.30507000832142217 0.049232033429397505
vn 0.9510565161477913 0.30507000832142217 -0.049232033429397505
vn 0.5877852429542022 0.7986836562594867 -0.12889113774518274
vn 1.2246468525851679e-16 0.9872272833756269 -0.1593182066142462
vn -0.5877852429542022 0.7986836562594867 -0.12889113774518274
vn -0.9510565161477913 0.30507000832142217 -0.049232033429397505
vn -0.9510565161477913 -0.30507000832142217 0.049232033429397505
vn -0.5877852429542022 -0.7986836562594867 0.12889113774518274
vn -2.4492937051703357e-16 -0.9872272833756269 0.1593182066142462
vn 0 0.1593182066142462 0.9872272833756269
vn 0 0.1593182066142462 0.9872272833756269
vn 0 0.1593182066142462 0.9872272833756269
vn 0 0.1593182066142462 0.9872272833756269
vn 0 0.1593182066142462 0.9872272833756269
vn 0 0.1593182066142462 0.9872272833756269
vn 0 0.1593182066142462 0.9872272833756269
vn 0 0.1593182066142462 0.9872272833756269
vn 0 0.1593182066142462 0.9872272833756269
vn 0 0.1593182066142462 0.9872272833756269
vn 0 0.1593182066142462 0.9872272833756269
vn 0 0.1593182066142462 0.9872272833756269
vn 0 0.1593182066142462 0.9872272833756269
vn 0 0.1593182066142462 0.9872272833756269
vn 0 0.1593182066142462 0.9872272833756269
vn 0 0.1593182066142462 0.9872272833756269
vn 0 0.1593182066142462 0.9872272833756269
vn 0 0.1593182066142462 0.9872272833756269
vn 0 0.1593182066142462 0.9872272833756269
vn 0 0.1593182066142462 0.9872272833756269
vn 0 0.1593182066142462 0.9872272833756269
vn 0 -0.1593182066142462 -0.9872272833756269
vn 0 -0.1593182066142462 -0.9872272833756269
vn 0 -0.1593182066142462 -0.9872272833756269
vn 0 -0.1593182066142462 -0.9872272833756269
vn 0 -0.1593182066142462 -0.9872272833756269
vn 0 -0.1593182066142462 -0.9872272833756269
vn 0 -0.1593182066142462 -0.9872272833756269
vn 0 -0.1593182066142462 -0.9872272833756269
vn 0 -0.1593182066142462 -0.9872272833756269
vn 0 -0.1593182066142462 -0.9872272833756269
vn 0 -0.1593182066142462 -0.9872272833756269
vn 0 -0.1593182066142462 -0.9872272833756269
vn 0 -0.1593182066142462 -0.9872272833756269
vn 0 -0.1593182066142462 -0.9872272833756269
vn 0 -0.1593182066142462 -0.9872272833756269
vn 0 -0.1593182066142462 -0.9872272833756269
vn 0 -0.1593182066142462 -0.9872272833756269
vn 0 -0.1593182066142462 -0.9872272833756269
vn 0 -0.1593182066142462 -0.9872272833756269
vn 0 -0.1593182066142462 -0.9872272833756269
vn 0 -0.1593182066142462 -0.9872272833756269
f 493/493/493 504/504/504 494/494/494
f 504/504/504 505/505/505 494/494/494
f 494/494/494 505/505/505 495/495/495
f 505/505/505 506/506/506 495/495/495
f 495/495/495 506/506/506 496/496/496
f 506/506/506 507/507/507 496/496/496
f 496/496/496 507/507/507 497/497/497
f 507/507/507 508/508/508 497/497/497
f 497/497/497 508/508/508 498/498/498
f 508/508/508 509/509/509 498/498/498
f 498/498/498 509/509/509 499/499/499
f 509/509/509 510/510/510 499/499/499
f 499/499/499 510/510/510 500/500/500
f 510/510/510 511/511/511 500/500/500
f 500/500/500 511/511/511 501/501/501
f 511/511/511 512/512/512 501/501/501
f 501/501/501 512/512/512 502/502/502
f 512/512/512 513/513/513 502/502/502
f 502/502/502 513/513/513 503/503/503
f 513/513/513 514/514/514 503/503/503
f 525/525/525 526/526/526 515/515/515
f 526/526/526 527/527/527 516/516/516
f 527/527/527 528/528/528 517/517/517
f 528/528/528 529/529/529 518/518/518
f 529/529/529 530/530/530 519/519/519
f 530/530/530 531/531/531 520/520/520
f 531/531/531 532/532/532 521/521/521
f 532/532/532 533/533/533 522/522/522
f 533/533/533 534/534/534 523/523/523
f 534/534/534 535/535/535 524/524/524
f 547/547/547 546/546/546 536/536/536
f 548/548/548 547/547/547 537/537/537
f 549/549/549 548/548/548 538/538/538
f 550/550/550 549/549/549 539/539/539
f 551/551/551 550/550/550 540/540/540
f 552/552/552 551/551/551 541/541/541
f 553/553/553 552/552/552 542/542/542
f 554/554/554 553/553/553 543/543/543
f 555/555/555 554/554/554 544/544/544
f 556/556/556 555/555/555 545/545/545
o brake_stud_1_0
usemtl pedal_rubber
v -12.2 10.207862443894328 1.2395338770314752
v -11.835573148727416 10.324759488304775 1.2206690950429775
v -11.610344958305358 10.630799963215784 1.1712804482386905
v -11.610344958305358 11.009086765373583 1.1102327281032176
v -11.835573148727416 11.315127240284594 1.0608440812989308
v -12.2 11.43202428469504 1.041979299310433
v -12.564426851272582 11.315127240284594 1.0608440812989308
v -12.78965504169464 11.009086765373583 1.1102327281032176
v -12.78965504169464 10.630799963215784 1.1712804482386905
v -12.564426851272582 10.324759488304775 1.2206690950429775
v -12.2 10.207862443894328 1.2395338770314752
v -12.2 10.128203340587206 0.7459202353436616
v -11.835573148727416 10.24510038499765 0.7270554533551639
v -11.610344958305358 10.551140859908662 0.6776668065508771
v -11.610344958305358 10.92942766206646 0.6166190864154041
v -11.835573148727416 11.23546813697747 0.5672304396111173
v -12.2 11.352365181387917 0.5483656576226196
v -12.564426851272582 11.23546813697747 0.5672304396111173
v -12.78965504169464 10.92942766206646 0.6166190864154041
v -12.78965504169464 10.551140859908662 0.6776668065508771
v -12.564426851272582 10.24510038499765 0.7270554533551639
v -12.2 10.128203340587206 0.7459202353436616
v -12.2 10.819943364294684 1.140756588170954
v -12.2 10.819943364294684 1.140756588170954
v -12.2 10.819943364294684 1.140756588170954
v -12.2 10.819943364294684 1.140756588170954
v -12.2 10.819943364294684 1.140756588170954
v -12.2 10.819943364294684 1.140756588170954
v -12.2 10.819943364294684 1.140756588170954
v -12.2 10.819943364294684 1.140756588170954
v -12.2 10.819943364294684 1.140756588170954
v -12.2 10.819943364294684 1.140756588170954
v -12.2 10.207862443894328 1.2395338770314752
v -11.835573148727416 10.324759488304775 1.2206690950429775
v -11.610344958305358 10.630799963215784 1.1712804482386905
v -11.610344958305358 11.009086765373583 1.1102327281032176
v -11.835573148727416 11.315127240284594 1.0608440812989308
v -12.2 11.43202428469504 1.041979299310433
v -12.564426851272582 11.315127240284594 1.0608440812989308
v -12.78965504169464 11.009086765373583 1.1102327281032176
v -12.78965504169464 10.630799963215784 1.1712804482386905
v -12.564426851272582 10.324759488304775 1.2206690950429775
v -12.2 10.207862443894328 1.2395338770314752
v -12.2 10.740284260987561 0.6471429464831406
v -12.2 10.740284260987561 0.6471429464831406
v -12.2 10.740284260987561 0.6471429464831406
v -12.2 10.740284260987561 0.6471429464831406
v -12.2 10.740284260987561 0.6471429464831406
v -12.2 10.740284260987561 0.6471429464831406
v -12.2 10.740284260987561 0.6471429464831406
v -12.2 10.740284260987561 0.6471429464831406
v -12.2 10.740284260987561 0.6471429464831406
v -12.2 10.740284260987561 0.6471429464831406
v -12.2 10.128203340587206 0.7459202353436616
v -11.835573148727416 10.24510038499765 0.7270554533551639
v -11.610344958305358 10.551140859908662 0.6776668065508771
v -11.610344958305358 10.92942766206646 0.6166190864154041
v -11.835573148727416 11.23546813697747 0.5672304396111173
v -12.2 11.352365181387917 0.5483656576226196
v -12.564426851272582 11.23546813697747 0.5672304396111173
v -12.78965504169464 10.92942766206646 0.6166190864154041
v -12.78965504169464 10.551140859908662 0.6776668065508771
v -12.564426851272582 10.24510038499765 0.7270554533551639
v -12.2 10.128203340587206 0.7459202353436616
vt 0 1
vt 0.10000000149011612 1
vt 0.20000000298023224 1
vt 0.30000001192092896 1
vt 0.4000000059604645 1
vt 0.5 1
vt 0.6000000238418579 1
vt 0.699999988079071 1
vt 0.800000011920929 1
vt 0.8999999761581421 1
vt 1 1
vt 0 0
vt 0.10000000149011612 0
vt 0.20000000298023224 0
vt 0.30000001192092896 0
vt 0.4000000059604645 0
vt 0.5 0
vt 0.6000000238418579 0
vt 0.699999988079071 0
vt 0.800000011920929 0
vt 0.8999999761581421 0
vt 1 0
vt 0.5 0.5
vt 0.5 0.5
vt 0.5 0.5
vt 0.5 0.5
vt 0.5 0.5
vt 0.5 0.5
vt 0.5 0.5
vt 0.5 0.5
vt 0.5 0.5
vt 0.5 0.5
vt 1 0.5
vt 0.9045084714889526 0.7938926219940186
vt 0.6545084714889526 0.9755282402038574
vt 0.345491498708725 0.9755282402038574
vt 0.09549150615930557 0.7938926219940186
vt 0 0.5
vt 0.09549150615930557 0.20610737800598145
vt 0.345491498708725 0.024471741169691086
vt 0.6545084714889526 0.024471741169691086
vt 0.9045084714889526 0.20610737800598145
vt 1 0.5
vt 0.5 0.5
vt 0.5 0.5
vt 0.5 0.5
vt 0.5 0.5
vt 0.5 0.5
vt 0.5 0.5
vt 0.5 0.5
vt 0.5 0.5
vt 0.5 0.5
vt 0.5 0.5
vt 1 0.5
vt 0.9045084714889526 0.20610737800598145
vt 0.6545084714889526 0.024471741169691086
vt 0.345491498708725 0.024471741169691086
vt 0.09549150615930557 0.20610737800598145
vt 0 0.5
vt 0.09549150615930557 0.7938926219940186
vt 0.345491498708725 0.9755282402038574
vt 0.6545084714889526 0.9755282402038574
vt 0.9045084714889526 0.7938926219940186
vt 1 0.5
vn 0 -0.9872272833756269 0.1593182066142462
vn 0.5877852429542022 -0.7986836562594867 0.12889113774518274
vn 0.9510565161477913 -0.30507000832142217 0.049232033429397505
vn 0.9510565161477913 0.30507000832142217 -0.049232033429397505
vn 0.5877852429542022 0.7986836562594867 -0.12889113774518274
vn 1.2246468525851679e-16 0.9872272833756269 -0.1593182066142462
vn -0.5877852429542022 0.7986836562594867 -0.12889113774518274
vn -0.9510565161477913 0.30507000832142217 -0.049232033429397505
vn -0.9510565161477913 -0.30507000832142217 0.049232033429397505
vn -0.5877852429542022 -0.7986836562594867 0.12889113774518274
vn -2.4492937051703357e-16 -0.9872272833756269 0.1593182066142462
vn 0 -0.9872272833756269 0.1593182066142462
vn 0.5877852429542022 -0.7986836562594867 0.12889113774518274
vn 0.9510565161477913 -0.30507000832142217 0.049232033429397505
vn 0.9510565161477913 0.30507000832142217 -0.049232033429397505
vn 0.5877852429542022 0.7986836562594867 -0.12889113774518274
vn 1.2246468525851679e-16 0.9872272833756269 -0.1593182066142462
vn -0.5877852429542022 0.7986836562594867 -0.12889113774518274
vn -0.9510565161477913 0.30507000832142217 -0.049232033429397505
vn -0.9510565161477913 -0.30507000832142217 0.049232033429397505
vn -0.5877852429542022 -0.7986836562594867 0.12889113774518274
vn -2.4492937051703357e-16 -0.9872272833756269 0.1593182066142462
vn 0 0.1593182066142462 0.9872272833756269
vn 0 0.1593182066142462 0.9872272833756269
vn 0 0.1593182066142462 0.9872272833756269
vn 0 0.1593182066142462 0.9872272833756269
vn 0 0.1593182066142462 0.9872272833756269
vn 0 0.1593182066142462 0.9872272833756269
vn 0 0.1593182066142462 0.9872272833756269
vn 0 0.1593182066142462 0.9872272833756269
vn 0 0.1593182066142462 0.9872272833756269
vn 0 0.1593182066142462 0.9872272833756269
vn 0 0.1593182066142462 0.9872272833756269
vn 0 0.1593182066142462 0.9872272833756269
vn 0 0.1593182066142462 0.9872272833756269
vn 0 0.1593182066142462 0.9872272833756269
vn 0 0.1593182066142462 0.9872272833756269
vn 0 0.1593182066142462 0.9872272833756269
vn 0 0.1593182066142462 0.9872272833756269
vn 0 0.1593182066142462 0.9872272833756269
vn 0 0.1593182066142462 0.9872272833756269
vn 0 0.1593182066142462 0.9872272833756269
vn 0 0.1593182066142462 0.9872272833756269
vn 0 -0.1593182066142462 -0.9872272833756269
vn 0 -0.1593182066142462 -0.9872272833756269
vn 0 -0.1593182066142462 -0.9872272833756269
vn 0 -0.1593182066142462 -0.9872272833756269
vn 0 -0.1593182066142462 -0.9872272833756269
vn 0 -0.1593182066142462 -0.9872272833756269
vn 0 -0.1593182066142462 -0.9872272833756269
vn 0 -0.1593182066142462 -0.9872272833756269
vn 0 -0.1593182066142462 -0.9872272833756269
vn 0 -0.1593182066142462 -0.9872272833756269
vn 0 -0.1593182066142462 -0.9872272833756269
vn 0 -0.1593182066142462 -0.9872272833756269
vn 0 -0.1593182066142462 -0.9872272833756269
vn 0 -0.1593182066142462 -0.9872272833756269
vn 0 -0.1593182066142462 -0.9872272833756269
vn 0 -0.1593182066142462 -0.9872272833756269
vn 0 -0.1593182066142462 -0.9872272833756269
vn 0 -0.1593182066142462 -0.9872272833756269
vn 0 -0.1593182066142462 -0.9872272833756269
vn 0 -0.1593182066142462 -0.9872272833756269
vn 0 -0.1593182066142462 -0.9872272833756269
f 557/557/557 568/568/568 558/558/558
f 568/568/568 569/569/569 558/558/558
f 558/558/558 569/569/569 559/559/559
f 569/569/569 570/570/570 559/559/559
f 559/559/559 570/570/570 560/560/560
f 570/570/570 571/571/571 560/560/560
f 560/560/560 571/571/571 561/561/561
f 571/571/571 572/572/572 561/561/561
f 561/561/561 572/572/572 562/562/562
f 572/572/572 573/573/573 562/562/562
f 562/562/562 573/573/573 563/563/563
f 573/573/573 574/574/574 563/563/563
f 563/563/563 574/574/574 564/564/564
f 574/574/574 575/575/575 564/564/564
f 564/564/564 575/575/575 565/565/565
f 575/575/575 576/576/576 565/565/565
f 565/565/565 576/576/576 566/566/566
f 576/576/576 577/577/577 566/566/566
f 566/566/566 577/577/577 567/567/567
f 577/577/577 578/578/578 567/567/567
f 589/589/589 590/590/590 579/579/579
f 590/590/590 591/591/591 580/580/580
f 591/591/591 592/592/592 581/581/581
f 592/592/592 593/593/593 582/582/582
f 593/593/593 594/594/594 583/583/583
f 594/594/594 595/595/595 584/584/584
f 595/595/595 596/596/596 585/585/585
f 596/596/596 597/597/597 586/586/586
f 597/597/597 598/598/598 587/587/587
f 598/598/598 599/599/599 588/588/588
f 611/611/611 610/610/610 600/600/600
f 612/612/612 611/611/611 601/601/601
f 613/613/613 612/612/612 602/602/602
f 614/614/614 613/613/613 603/603/603
f 615/615/615 614/614/614 604/604/604
f 616/616/616 615/615/615 605/605/605
f 617/617/617 616/616/616 606/606/606
f 618/618/618 617/617/617 607/607/607
f 619/619/619 618/618/618 608/608/608
f 620/620/620 619/619/619 609/609/609
o brake_stud_1_1
usemtl pedal_rubber
v -12.2 12.577207923995834 0.8571701811572846
v -11.835573148727416 12.69410496840628 0.8383053991687869
v -11.610344958305358 13.00014544331729 0.7889167523645001
v -11.610344958305358 13.37843224547509 0.7278690322290271
v -11.835573148727416 13.6844727203861 0.6784803854247403
v -12.2 13.801369764796545 0.6596156034362426
v -12.564426851272582 13.6844727203861 0.6784803854247403
v -12.78965504169464 13.37843224547509 0.7278690322290271
v -12.78965504169464 13.00014544331729 0.7889167523645001
v -12.564426851272582 12.69410496840628 0.8383053991687869
v -12.2 12.577207923995834 0.8571701811572846
v -12.2 12.497548820688712 0.36355653946947114
v -11.835573148727416 12.614445865099157 0.3446917574809734
v -11.610344958305358 12.920486340010168 0.29530311067668663
v -11.610344958305358 13.298773142167967 0.23425539054121358
v -11.835573148727416 13.604813617078976 0.1848667437369268
v -12.2 13.721710661489423 0.16600196174842907
v -12.564426851272582 13.604813617078976 0.1848667437369268
v -12.78965504169464 13.298773142167967 0.23425539054121358
v -12.78965504169464 12.920486340010168 0.29530311067668663
v -12.564426851272582 12.614445865099157 0.3446917574809734
v -12.2 12.497548820688712 0.36355653946947114
v -12.2 13.18928884439619 0.7583928922967635
v -12.2 13.18928884439619 0.7583928922967635
v -12.2 13.18928884439619 0.7583928922967635
v -12.2 13.18928884439619 0.7583928922967635
v -12.2 13.18928884439619 0.7583928922967635
v -12.2 13.18928884439619 0.7583928922967635
v -12.2 13.18928884439619 0.7583928922967635
v -12.2 13.18928884439619 0.7583928922967635
v -12.2 13.18928884439619 0.7583928922967635
v -12.2 13.18928884439619 0.7583928922967635
v -12.2 12.577207923995834 0.8571701811572846
v -11.835573148727416 12.69410496840628 0.8383053991687869
v -11.610344958305358 13.00014544331729 0.7889167523645001
v -11.610344958305358 13.37843224547509 0.7278690322290271
v -11.835573148727416 13.6844727203861 0.6784803854247403
v -12.2 13.801369764796545 0.6596156034362426
v -12.564426851272582 13.6844727203861 0.6784803854247403
v -12.78965504169464 13.37843224547509 0.7278690322290271
v -12.78965504169464 13.00014544331729 0.7889167523645001
v -12.564426851272582 12.69410496840628 0.8383053991687869
v -12.2 12.577207923995834 0.8571701811572846
v -12.2 13.109629741089067 0.26477925060895013
v -12.2 13.109629741089067 0.26477925060895013
v -12.2 13.109629741089067 0.26477925060895013
v -12.2 13.109629741089067 0.26477925060895013
v -12.2 13.109629741089067 0.26477925060895013
v -12.2 13.109629741089067 0.26477925060895013
v -12.2 13.109629741089067 0.26477925060895013
v -12.2 13.109629741089067 0.26477925060895013
v -12.2 13.109629741089067 0.26477925060895013
v -12.2 13.109629741089067 0.26477925060895013
v -12.2 12.497548820688712 0.36355653946947114
v -11.835573148727416 12.614445865099157 0.3446917574809734
v -11.610344958305358 12.920486340010168 0.29530311067668663
v -11.610344958305358 13.298773142167967 0.23425539054121358
v -11.835573148727416 13.604813617078976 0.1848667437369268
v -12.2 13.721710661489423 0.16600196174842907
v -12.564426851272582 13.604813617078976 0.1848667437369268
v -12.78965504169464 13.298773142167967 0.23425539054121358
v -12.78965504169464 12.920486340010168 0.29530311067668663
v -12.564426851272582 12.614445865099157 0.3446917574809734
v -12.2 12.497548820688712 0.36355653946947114
vt 0 1
vt 0.10000000149011612 1
vt 0.20000000298023224 1
vt 0.30000001192092896 1
vt 0.4000000059604645 1
vt 0.5 1
vt 0.6000000238418579 1
vt 0.699999988079071 1
vt 0.800000011920929 1
vt 0.8999999761581421 1
vt 1 1
vt 0 0
vt 0.10000000149011612 0
vt 0.20000000298023224 0
vt 0.30000001192092896 0
vt 0.4000000059604645 0
vt 0.5 0
vt 0.6000000238418579 0
vt 0.699999988079071 0
vt 0.800000011920929 0
vt 0.8999999761581421 0
vt 1 0
vt 0.5 0.5
vt 0.5 0.5
vt 0.5 0.5
vt 0.5 0.5
vt 0.5 0.5
vt 0.5 0.5
vt 0.5 0.5
vt 0.5 0.5
vt 0.5 0.5
vt 0.5 0.5
vt 1 0.5
vt 0.9045084714889526 0.7938926219940186
vt 0.6545084714889526 0.9755282402038574
vt 0.345491498708725 0.9755282402038574
vt 0.09549150615930557 0.7938926219940186
vt 0 0.5
vt 0.09549150615930557 0.20610737800598145
vt 0.345491498708725 0.024471741169691086
vt 0.6545084714889526 0.024471741169691086
vt 0.9045084714889526 0.20610737800598145
vt 1 0.5
vt 0.5 0.5
vt 0.5 0.5
vt 0.5 0.5
vt 0.5 0.5
vt 0.5 0.5
vt 0.5 0.5
vt 0.5 0.5
vt 0.5 0.5
vt 0.5 0.5
vt 0.5 0.5
vt 1 0.5
vt 0.9045084714889526 0.20610737800598145
vt 0.6545084714889526 0.024471741169691086
vt 0.345491498708725 0.024471741169691086
vt 0.09549150615930557 0.20610737800598145
vt 0 0.5
vt 0.09549150615930557 0.7938926219940186
vt 0.345491498708725 0.9755282402038574
vt 0.6545084714889526 0.9755282402038574
vt 0.9045084714889526 0.7938926219940186
vt 1 0.5
vn 0 -0.9872272833756269 0.1593182066142462
vn 0.5877852429542022 -0.7986836562594867 0.12889113774518274
vn 0.9510565161477913 -0.30507000832142217 0.049232033429397505
vn 0.9510565161477913 0.30507000832142217 -0.049232033429397505
vn 0.5877852429542022 0.7986836562594867 -0.12889113774518274
vn 1.2246468525851679e-16 0.9872272833756269 -0.1593182066142462
vn -0.5877852429542022 0.7986836562594867 -0.12889113774518274
vn -0.9510565161477913 0.30507000832142217 -0.049232033429397505
vn -0.9510565161477913 -0.30507000832142217 0.049232033429397505
vn -0.5877852429542022 -0.7986836562594867 0.12889113774518274
vn -2.4492937051703357e-16 -0.9872272833756269 0.1593182066142462
vn 0 -0.9872272833756269 0.1593182066142462
vn 0.5877852429542022 -0.7986836562594867 0.12889113774518274
vn 0.9510565161477913 -0.30507000832142217 0.049232033429397505
vn 0.9510565161477913 0.30507000832142217 -0.049232033429397505
vn 0.5877852429542022 0.7986836562594867 -0.12889113774518274
vn 1.2246468525851679e-16 0.9872272833756269 -0.1593182066142462
vn -0.5877852429542022 0.7986836562594867 -0.12889113774518274
vn -0.9510565161477913 0.30507000832142217 -0.049232033429397505
vn -0.9510565161477913 -0.30507000832142217 0.049232033429397505
vn -0.5877852429542022 -0.7986836562594867 0.12889113774518274
vn -2.4492937051703357e-16 -0.9872272833756269 0.1593182066142462
vn 0 0.1593182066142462 0.9872272833756269
vn 0 0.1593182066142462 0.9872272833756269
vn 0 0.1593182066142462 0.9872272833756269
vn 0 0.1593182066142462 0.9872272833756269
vn 0 0.1593182066142462 0.9872272833756269
vn 0 0.1593182066142462 0.9872272833756269
vn 0 0.1593182066142462 0.9872272833756269
vn 0 0.1593182066142462 0.9872272833756269
vn 0 0.1593182066142462 0.9872272833756269
vn 0 0.1593182066142462 0.9872272833756269
vn 0 0.1593182066142462 0.9872272833756269
vn 0 0.1593182066142462 0.9872272833756269
vn 0 0.1593182066142462 0.9872272833756269
vn 0 0.1593182066142462 0.9872272833756269
vn 0 0.1593182066142462 0.9872272833756269
vn 0 0.1593182066142462 0.9872272833756269
vn 0 0.1593182066142462 0.9872272833756269
vn 0 0.1593182066142462 0.9872272833756269
vn 0 0.1593182066142462 0.9872272833756269
vn 0 0.1593182066142462 0.9872272833756269
vn 0 0.1593182066142462 0.9872272833756269
vn 0 -0.1593182066142462 -0.9872272833756269
vn 0 -0.1593182066142462 -0.9872272833756269
vn 0 -0.1593182066142462 -0.9872272833756269
vn 0 -0.1593182066142462 -0.9872272833756269
vn 0 -0.1593182066142462 -0.9872272833756269
vn 0 -0.1593182066142462 -0.9872272833756269
vn 0 -0.1593182066142462 -0.9872272833756269
vn 0 -0.1593182066142462 -0.9872272833756269
vn 0 -0.1593182066142462 -0.9872272833756269
vn 0 -0.1593182066142462 -0.9872272833756269
vn 0 -0.1593182066142462 -0.9872272833756269
vn 0 -0.1593182066142462 -0.9872272833756269
vn 0 -0.1593182066142462 -0.9872272833756269
vn 0 -0.1593182066142462 -0.9872272833756269
vn 0 -0.1593182066142462 -0.9872272833756269
vn 0 -0.1593182066142462 -0.9872272833756269
vn 0 -0.1593182066142462 -0.9872272833756269
vn 0 -0.1593182066142462 -0.9872272833756269
vn 0 -0.1593182066142462 -0.9872272833756269
vn 0 -0.1593182066142462 -0.9872272833756269
vn 0 -0.1593182066142462 -0.9872272833756269
f 621/621/621 632/632/632 622/622/622
f 632/632/632 633/633/633 622/622/622
f 622/622/622 633/633/633 623/623/623
f 633/633/633 634/634/634 623/623/623
f 623/623/623 634/634/634 624/624/624
f 634/634/634 635/635/635 624/624/624
f 624/624/624 635/635/635 625/625/625
f 635/635/635 636/636/636 625/625/625
f 625/625/625 636/636/636 626/626/626
f 636/636/636 637/637/637 626/626/626
f 626/626/626 637/637/637 627/627/627
f 637/637/637 638/638/638 627/627/627
f 627/627/627 638/638/638 628/628/628
f 638/638/638 639/639/639 628/628/628
f 628/628/628 639/639/639 629/629/629
f 639/639/639 640/640/640 629/629/629
f 629/629/629 640/640/640 630/630/630
f 640/640/640 641/641/641 630/630/630
f 630/630/630 641/641/641 631/631/631
f 641/641/641 642/642/642 631/631/631
f 653/653/653 654/654/654 643/643/643
f 654/654/654 655/655/655 644/644/644
f 655/655/655 656/656/656 645/645/645
f 656/656/656 657/657/657 646/646/646
f 657/657/657 658/658/658 647/647/647
f 658/658/658 659/659/659 648/648/648
f 659/659/659 660/660/660 649/649/649
f 660/660/660 661/661/661 650/650/650
f 661/661/661 662/662/662 651/651/651
f 662/662/662 663/663/663 652/652/652
f 675/675/675 674/674/674 664/664/664
f 676/676/676 675/675/675 665/665/665
f 677/677/677 676/676/676 666/666/666
f 678/678/678 677/677/677 667/667/667
f 679/679/679 678/678/678 668/668/668
f 680/680/680 679/679/679 669/669/669
f 681/681/681 680/680/680 670/670/670
f 682/682/682 681/681/681 671/671/671
f 683/683/683 682/682/682 672/672/672
f 684/684/684 683/683/683 673/673/673
o brake_stud_1_2
usemtl pedal_rubber
v -12.2 14.946553404097338 0.47480648528309455
v -11.835573148727416 15.063450448507785 0.4559417032945968
v -11.610344958305358 15.369490923418795 0.40655305649031004
v -11.610344958305358 15.747777725576594 0.345505336354837
v -11.835573148727416 16.053818200487605 0.2961166895505502
v -12.2 16.170715244898048 0.2772519075620525
v -12.564426851272582 16.053818200487605 0.2961166895505502
v -12.78965504169464 15.747777725576594 0.345505336354837
v -12.78965504169464 15.369490923418795 0.40655305649031004
v -12.564426851272582 15.063450448507785 0.4559417032945968
v -12.2 14.946553404097338 0.47480648528309455
v -12.2 14.866894300790216 -0.018807156404718917
v -11.835573148727416 14.983791345200661 -0.03767193839321664
v -11.610344958305358 15.289831820111672 -0.08706058519750343
v -11.610344958305358 15.668118622269471 -0.14810830533297648
v -11.835573148727416 15.97415909718048 -0.19749695213726326
v -12.2 16.091056141590926 -0.21636173412576098
v -12.564426851272582 15.97415909718048 -0.19749695213726326
v -12.78965504169464 15.668118622269471 -0.14810830533297648
v -12.78965504169464 15.289831820111672 -0.08706058519750343
v -12.564426851272582 14.983791345200661 -0.03767193839321664
v -12.2 14.866894300790216 -0.018807156404718917
v -12.2 15.558634324497694 0.3760291964225735
v -12.2 15.558634324497694 0.3760291964225735
v -12.2 15.558634324497694 0.3760291964225735
v -12.2 15.558634324497694 0.3760291964225735
v -12.2 15.558634324497694 0.3760291964225735
v -12.2 15.558634324497694 0.3760291964225735
v -12.2 15.558634324497694 0.3760291964225735
v -12.2 15.558634324497694 0.3760291964225735
v -12.2 15.558634324497694 0.3760291964225735
v -12.2 15.558634324497694 0.3760291964225735
v -12.2 14.946553404097338 0.47480648528309455
v -11.835573148727416 15.063450448507785 0.4559417032945968
v -11.610344958305358 15.369490923418795 0.40655305649031004
v -11.610344958305358 15.747777725576594 0.345505336354837
v -11.835573148727416 16.053818200487605 0.2961166895505502
v -12.2 16.170715244898048 0.2772519075620525
v -12.564426851272582 16.053818200487605 0.2961166895505502
v -12.78965504169464 15.747777725576594 0.345505336354837
v -12.78965504169464 15.369490923418795 0.40655305649031004
v -12.564426851272582 15.063450448507785 0.4559417032945968
v -12.2 14.946553404097338 0.47480648528309455
v -12.2 15.478975221190572 -0.11758444526523995
v -12.2 15.478975221190572 -0.11758444526523995
v -12.2 15.478975221190572 -0.11758444526523995
v -12.2 15.478975221190572 -0.11758444526523995
v -12.2 15.478975221190572 -0.11758444526523995
v -12.2 15.478975221190572 -0.11758444526523995
v -12.2 15.478975221190572 -0.11758444526523995
v -12.2 15.478975221190572 -0.11758444526523995
v -12.2 15.478975221190572 -0.11758444526523995
v -12.2 15.478975221190572 -0.11758444526523995
v -12.2 14.866894300790216 -0.018807156404718917
v -11.835573148727416 14.983791345200661 -0.03767193839321664
v -11.610344958305358 15.289831820111672 -0.08706058519750343
v -11.610344958305358 15.668118622269471 -0.14810830533297648
v -11.835573148727416 15.97415909718048 -0.19749695213726326
v -12.2 16.091056141590926 -0.21636173412576098
v -12.564426851272582 15.97415909718048 -0.19749695213726326
v -12.78965504169464 15.668118622269471 -0.14810830533297648
v -12.78965504169464 15.289831820111672 -0.08706058519750343
v -12.564426851272582 14.983791345200661 -0.03767193839321664
v -12.2 14.866894300790216 -0.018807156404718917
vt 0 1
vt 0.10000000149011612 1
vt 0.20000000298023224 1
vt 0.30000001192092896 1
vt 0.4000000059604645 1
vt 0.5 1
vt 0.6000000238418579 1
vt 0.699999988079071 1
vt 0.800000011920929 1
vt 0.8999999761581421 1
vt 1 1
vt 0 0
vt 0.10000000149011612 0
vt 0.20000000298023224 0
vt 0.30000001192092896 0
vt 0.4000000059604645 0
vt 0.5 0
vt 0.6000000238418579 0
vt 0.699999988079071 0
vt 0.800000011920929 0
vt 0.8999999761581421 0
vt 1 0
vt 0.5 0.5
vt 0.5 0.5
vt 0.5 0.5
vt 0.5 0.5
vt 0.5 0.5
vt 0.5 0.5
vt 0.5 0.5
vt 0.5 0.5
vt 0.5 0.5
vt 0.5 0.5
vt 1 0.5
vt 0.9045084714889526 0.7938926219940186
vt 0.6545084714889526 0.9755282402038574
vt 0.345491498708725 0.9755282402038574
vt 0.09549150615930557 0.7938926219940186
vt 0 0.5
vt 0.09549150615930557 0.20610737800598145
vt 0.345491498708725 0.024471741169691086
vt 0.6545084714889526 0.024471741169691086
vt 0.9045084714889526 0.20610737800598145
vt 1 0.5
vt 0.5 0.5
vt 0.5 0.5
vt 0.5 0.5
vt 0.5 0.5
vt 0.5 0.5
vt 0.5 0.5
vt 0.5 0.5
vt 0.5 0.5
vt 0.5 0.5
vt 0.5 0.5
vt 1 0.5
vt 0.9045084714889526 0.20610737800598145
vt 0.6545084714889526 0.024471741169691086
vt 0.345491498708725 0.024471741169691086
vt 0.09549150615930557 0.20610737800598145
vt 0 0.5
vt 0.09549150615930557 0.7938926219940186
vt 0.345491498708725 0.9755282402038574
vt 0.6545084714889526 0.9755282402038574
vt 0.9045084714889526 0.7938926219940186
vt 1 0.5
vn 0 -0.9872272833756269 0.1593182066142462
vn 0.5877852429542022 -0.7986836562594867 0.12889113774518274
vn 0.9510565161477913 -0.30507000832142217 0.049232033429397505
vn 0.9510565161477913 0.30507000832142217 -0.049232033429397505
vn 0.5877852429542022 0.7986836562594867 -0.12889113774518274
vn 1.2246468525851679e-16 0.9872272833756269 -0.1593182066142462
vn -0.5877852429542022 0.7986836562594867 -0.12889113774518274
vn -0.9510565161477913 0.30507000832142217 -0.049232033429397505
vn -0.9510565161477913 -0.30507000832142217 0.049232033429397505
vn -0.5877852429542022 -0.7986836562594867 0.12889113774518274
vn -2.4492937051703357e-16 -0.9872272833756269 0.1593182066142462
vn 0 -0.9872272833756269 0.1593182066142462
vn 0.5877852429542022 -0.7986836562594867 0.12889113774518274
vn 0.9510565161477913 -0.30507000832142217 0.049232033429397505
vn 0.9510565161477913 0.30507000832142217 -0.049232033429397505
vn 0.5877852429542022 0.7986836562594867 -0.12889113774518274
vn 1.2246468525851679e-16 0.9872272833756269 -0.1593182066142462
vn -0.5877852429542022 0.7986836562594867 -0.12889113774518274
vn -0.9510565161477913 0.30507000832142217 -0.049232033429397505
vn -0.9510565161477913 -0.30507000832142217 0.049232033429397505
vn -0.5877852429542022 -0.7986836562594867 0.12889113774518274
vn -2.4492937051703357e-16 -0.9872272833756269 0.1593182066142462
vn 0 0.1593182066142462 0.9872272833756269
vn 0 0.1593182066142462 0.9872272833756269
vn 0 0.1593182066142462 0.9872272833756269
vn 0 0.1593182066142462 0.9872272833756269
vn 0 0.1593182066142462 0.9872272833756269
vn 0 0.1593182066142462 0.9872272833756269
vn 0 0.1593182066142462 0.9872272833756269
vn 0 0.1593182066142462 0.9872272833756269
vn 0 0.1593182066142462 0.9872272833756269
vn 0 0.1593182066142462 0.9872272833756269
vn 0 0.1593182066142462 0.9872272833756269
vn 0 0.1593182066142462 0.9872272833756269
vn 0 0.1593182066142462 0.9872272833756269
vn 0 0.1593182066142462 0.9872272833756269
vn 0 0.1593182066142462 0.9872272833756269
vn 0 0.1593182066142462 0.9872272833756269
vn 0 0.1593182066142462 0.9872272833756269
vn 0 0.1593182066142462 0.9872272833756269
vn 0 0.1593182066142462 0.9872272833756269
vn 0 0.1593182066142462 0.9872272833756269
vn 0 0.1593182066142462 0.9872272833756269
vn 0 -0.1593182066142462 -0.9872272833756269
vn 0 -0.1593182066142462 -0.9872272833756269
vn 0 -0.1593182066142462 -0.9872272833756269
vn 0 -0.1593182066142462 -0.9872272833756269
vn 0 -0.1593182066142462 -0.9872272833756269
vn 0 -0.1593182066142462 -0.9872272833756269
vn 0 -0.1593182066142462 -0.9872272833756269
vn 0 -0.1593182066142462 -0.9872272833756269
vn 0 -0.1593182066142462 -0.9872272833756269
vn 0 -0.1593182066142462 -0.9872272833756269
vn 0 -0.1593182066142462 -0.9872272833756269
vn 0 -0.1593182066142462 -0.9872272833756269
vn 0 -0.1593182066142462 -0.9872272833756269
vn 0 -0.1593182066142462 -0.9872272833756269
vn 0 -0.1593182066142462 -0.9872272833756269
vn 0 -0.1593182066142462 -0.9872272833756269
vn 0 -0.1593182066142462 -0.9872272833756269
vn 0 -0.1593182066142462 -0.9872272833756269
vn 0 -0.1593182066142462 -0.9872272833756269
vn 0 -0.1593182066142462 -0.9872272833756269
vn 0 -0.1593182066142462 -0.9872272833756269
f 685/685/685 696/696/696 686/686/686
f 696/696/696 697/697/697 686/686/686
f 686/686/686 697/697/697 687/687/687
f 697/697/697 698/698/698 687/687/687
f 687/687/687 698/698/698 688/688/688
f 698/698/698 699/699/699 688/688/688
f 688/688/688 699/699/699 689/689/689
f 699/699/699 700/700/700 689/689/689
f 689/689/689 700/700/700 690/690/690
f 700/700/700 701/701/701 690/690/690
f 690/690/690 701/701/701 691/691/691
f 701/701/701 702/702/702 691/691/691
f 691/691/691 702/702/702 692/692/692
f 702/702/702 703/703/703 692/692/692
f 692/692/692 703/703/703 693/693/693
f 703/703/703 704/704/704 693/693/693
f 693/693/693 704/704/704 694/694/694
f 704/704/704 705/705/705 694/694/694
f 694/694/694 705/705/705 695/695/695
f 705/705/705 706/706/706 695/695/695
f 717/717/717 718/718/718 707/707/707
f 718/718/718 719/719/719 708/708/708
f 719/719/719 720/720/720 709/709/709
f 720/720/720 721/721/721 710/710/710
f 721/721/721 722/722/722 711/711/711
f 722/722/722 723/723/723 712/712/712
f 723/723/723 724/724/724 713/713/713
f 724/724/724 725/725/725 714/714/714
f 725/725/725 726/726/726 715/715/715
f 726/726/726 727/727/727 716/716/716
f 739/739/739 738/738/738 728/728/728
f 740/740/740 739/739/739 729/729/729
f 741/741/741 740/740/740 730/730/730
f 742/742/742 741/741/741 731/731/731
f 743/743/743 742/742/742 732/732/732
f 744/744/744 743/743/743 733/733/733
f 745/745/745 744/744/744 734/734/734
f 746/746/746 745/745/745 735/735/735
f 747/747/747 746/746/746 736/736/736
f 748/748/748 747/747/747 737/737/737
o brake_stud_1_3
usemtl pedal_rubber
v -12.2 17.31589888419884 0.09244278940890405
v -11.835573148727416 17.432795928609288 0.07357800742040632
v -11.610344958305358 17.7388364035203 0.024189360616119537
v -11.610344958305358 18.117123205678098 -0.03685835951935351
v -11.835573148727416 18.423163680589106 -0.0862470063236403
v -12.2 18.540060724999552 -0.10511178831213802
v -12.564426851272582 18.423163680589106 -0.0862470063236403
v -12.78965504169464 18.117123205678098 -0.03685835951935351
v -12.78965504169464 17.7388364035203 0.024189360616119537
v -12.564426851272582 17.432795928609288 0.07357800742040632
v -12.2 17.31589888419884 0.09244278940890405
v -12.2 17.23623978089172 -0.4011708522789094
v -11.835573148727416 17.353136825302165 -0.42003563426740714
v -11.610344958305358 17.659177300213173 -0.4694242810716939
v -11.610344958305358 18.037464102370972 -0.530472001207167
v -11.835573148727416 18.343504577281983 -0.5798606480114538
v -12.2 18.46040162169243 -0.5987254299999515
v -12.564426851272582 18.343504577281983 -0.5798606480114538
v -12.78965504169464 18.037464102370972 -0.530472001207167
v -12.78965504169464 17.659177300213173 -0.4694242810716939
v -12.564426851272582 17.353136825302165 -0.42003563426740714
v -12.2 17.23623978089172 -0.4011708522789094
v -12.2 17.927979804599197 -0.006334499451616987
v -12.2 17.927979804599197 -0.006334499451616987
v -12.2 17.927979804599197 -0.006334499451616987
v -12.2 17.927979804599197 -0.006334499451616987
v -12.2 17.927979804599197 -0.006334499451616987
v -12.2 17.927979804599197 -0.006334499451616987
v -12.2 17.927979804599197 -0.006334499451616987
v -12.2 17.927979804599197 -0.006334499451616987
v -12.2 17.927979804599197 -0.006334499451616987
v -12.2 17.927979804599197 -0.006334499451616987
v -12.2 17.31589888419884 0.09244278940890405
v -11.835573148727416 17.432795928609288 0.07357800742040632
v -11.610344958305358 17.7388364035203 0.024189360616119537
v -11.610344958305358 18.117123205678098 -0.03685835951935351
v -11.835573148727416 18.423163680589106 -0.0862470063236403
v -12.2 18.540060724999552 -0.10511178831213802
v -12.564426851272582 18.423163680589106 -0.0862470063236403
v -12.78965504169464 18.117123205678098 -0.03685835951935351
v -12.78965504169464 17.7388364035203 0.024189360616119537
v -12.564426851272582 17.432795928609288 0.07357800742040632
v -12.2 17.31589888419884 0.09244278940890405
v -12.2 17.848320701292074 -0.4999481411394304
v -12.2 17.848320701292074 -0.4999481411394304
v -12.2 17.848320701292074 -0.4999481411394304
v -12.2 17.848320701292074 -0.4999481411394304
v -12.2 17.848320701292074 -0.4999481411394304
v -12.2 17.848320701292074 -0.4999481411394304
v -12.2 17.848320701292074 -0.4999481411394304
v -12.2 17.848320701292074 -0.4999481411394304
v -12.2 17.848320701292074 -0.4999481411394304
v -12.2 17.848320701292074 -0.4999481411394304
v -12.2 17.23623978089172 -0.4011708522789094
v -11.835573148727416 17.353136825302165 -0.42003563426740714
v -11.610344958305358 17.659177300213173 -0.4694242810716939
v -11.610344958305358 18.037464102370972 -0.530472001207167
v -11.835573148727416 18.343504577281983 -0.5798606480114538
v -12.2 18.46040162169243 -0.5987254299999515
v -12.564426851272582 18.343504577281983 -0.5798606480114538
v -12.78965504169464 18.037464102370972 -0.530472001207167
v -12.78965504169464 17.659177300213173 -0.4694242810716939
v -12.564426851272582 17.353136825302165 -0.42003563426740714
v -12.2 17.23623978089172 -0.4011708522789094
vt 0 1
vt 0.10000000149011612 1
vt 0.20000000298023224 1
vt 0.30000001192092896 1
vt 0.4000000059604645 1
vt 0.5 1
vt 0.6000000238418579 1
vt 0.699999988079071 1
vt 0.800000011920929 1
vt 0.8999999761581421 1
vt 1 1
vt 0 0
vt 0.10000000149011612 0
vt 0.20000000298023224 0
vt 0.30000001192092896 0
vt 0.4000000059604645 0
vt 0.5 0
vt 0.6000000238418579 0
vt 0.699999988079071 0
vt 0.800000011920929 0
vt 0.8999999761581421 0
vt 1 0
vt 0.5 0.5
vt 0.5 0.5
vt 0.5 0.5
vt 0.5 0.5
vt 0.5 0.5
vt 0.5 0.5
vt 0.5 0.5
vt 0.5 0.5
vt 0.5 0.5
vt 0.5 0.5
vt 1 0.5
vt 0.9045084714889526 0.7938926219940186
vt 0.6545084714889526 0.9755282402038574
vt 0.345491498708725 0.9755282402038574
vt 0.09549150615930557 0.7938926219940186
vt 0 0.5
vt 0.09549150615930557 0.20610737800598145
vt 0.345491498708725 0.024471741169691086
vt 0.6545084714889526 0.024471741169691086
vt 0.9045084714889526 0.20610737800598145
vt 1 0.5
vt 0.5 0.5
vt 0.5 0.5
vt 0.5 0.5
vt 0.5 0.5
vt 0.5 0.5
vt 0.5 0.5
vt 0.5 0.5
vt 0.5 0.5
vt 0.5 0.5
vt 0.5 0.5
vt 1 0.5
vt 0.9045084714889526 0.20610737800598145
vt 0.6545084714889526 0.024471741169691086
vt 0.345491498708725 0.024471741169691086
vt 0.09549150615930557 0.20610737800598145
vt 0 0.5
vt 0.09549150615930557 0.7938926219940186
vt 0.345491498708725 0.9755282402038574
vt 0.6545084714889526 0.9755282402038574
vt 0.9045084714889526 0.7938926219940186
vt 1 0.5
vn 0 -0.9872272833756269 0.1593182066142462
vn 0.5877852429542022 -0.7986836562594867 0.12889113774518274
vn 0.9510565161477913 -0.30507000832142217 0.049232033429397505
vn 0.9510565161477913 0.30507000832142217 -0.049232033429397505
vn 0.5877852429542022 0.7986836562594867 -0.12889113774518274
vn 1.2246468525851679e-16 0.9872272833756269 -0.1593182066142462
vn -0.5877852429542022 0.7986836562594867 -0.12889113774518274
vn -0.9510565161477913 0.30507000832142217 -0.049232033429397505
vn -0.9510565161477913 -0.30507000832142217 0.049232033429397505
vn -0.5877852429542022 -0.7986836562594867 0.12889113774518274
vn -2.4492937051703357e-16 -0.9872272833756269 0.1593182066142462
vn 0 -0.9872272833756269 0.1593182066142462
vn 0.5877852429542022 -0.7986836562594867 0.12889113774518274
vn 0.9510565161477913 -0.30507000832142217 0.049232033429397505
vn 0.9510565161477913 0.30507000832142217 -0.049232033429397505
vn 0.5877852429542022 0.7986836562594867 -0.12889113774518274
vn 1.2246468525851679e-16 0.9872272833756269 -0.1593182066142462
vn -0.5877852429542022 0.7986836562594867 -0.12889113774518274
vn -0.9510565161477913 0.30507000832142217 -0.049232033429397505
vn -0.9510565161477913 -0.30507000832142217 0.049232033429397505
vn -0.5877852429542022 -0.7986836562594867 0.12889113774518274
vn -2.4492937051703357e-16 -0.9872272833756269 0.1593182066142462
vn 0 0.1593182066142462 0.9872272833756269
vn 0 0.1593182066142462 0.9872272833756269
vn 0 0.1593182066142462 0.9872272833756269
vn 0 0.1593182066142462 0.9872272833756269
vn 0 0.1593182066142462 0.9872272833756269
vn 0 0.1593182066142462 0.9872272833756269
vn 0 0.1593182066142462 0.9872272833756269
vn 0 0.1593182066142462 0.9872272833756269
vn 0 0.1593182066142462 0.9872272833756269
vn 0 0.1593182066142462 0.9872272833756269
vn 0 0.1593182066142462 0.9872272833756269
vn 0 0.1593182066142462 0.9872272833756269
vn 0 0.1593182066142462 0.9872272833756269
vn 0 0.1593182066142462 0.9872272833756269
vn 0 0.1593182066142462 0.9872272833756269
vn 0 0.1593182066142462 0.9872272833756269
vn 0 0.1593182066142462 0.9872272833756269
vn 0 0.1593182066142462 0.9872272833756269
vn 0 0.1593182066142462 0.9872272833756269
vn 0 0.1593182066142462 0.9872272833756269
vn 0 0.1593182066142462 0.9872272833756269
vn 0 -0.1593182066142462 -0.9872272833756269
vn 0 -0.1593182066142462 -0.9872272833756269
vn 0 -0.1593182066142462 -0.9872272833756269
vn 0 -0.1593182066142462 -0.9872272833756269
vn 0 -0.1593182066142462 -0.9872272833756269
vn 0 -0.1593182066142462 -0.9872272833756269
vn 0 -0.1593182066142462 -0.9872272833756269
vn 0 -0.1593182066142462 -0.9872272833756269
vn 0 -0.1593182066142462 -0.9872272833756269
vn 0 -0.1593182066142462 -0.9872272833756269
vn 0 -0.1593182066142462 -0.9872272833756269
vn 0 -0.1593182066142462 -0.9872272833756269
vn 0 -0.1593182066142462 -0.9872272833756269
vn 0 -0.1593182066142462 -0.9872272833756269
vn 0 -0.1593182066142462 -0.9872272833756269
vn 0 -0.1593182066142462 -0.9872272833756269
vn 0 -0.1593182066142462 -0.9872272833756269
vn 0 -0.1593182066142462 -0.9872272833756269
vn 0 -0.1593182066142462 -0.9872272833756269
vn 0 -0.1593182066142462 -0.9872272833756269
vn 0 -0.1593182066142462 -0.9872272833756269
f 749/749/749 760/760/760 750/750/750
f 760/760/760 761/761/761 750/750/750
f 750/750/750 761/761/761 751/751/751
f 761/761/761 762/762/762 751/751/751
f 751/751/751 762/762/762 752/752/752
f 762/762/762 763/763/763 752/752/752
f 752/752/752 763/763/763 753/753/753
f 763/763/763 764/764/764 753/753/753
f 753/753/753 764/764/764 754/754/754
f 764/764/764 765/765/765 754/754/754
f 754/754/754 765/765/765 755/755/755
f 765/765/765 766/766/766 755/755/755
f 755/755/755 766/766/766 756/756/756
f 766/766/766 767/767/767 756/756/756
f 756/756/756 767/767/767 757/757/757
f 767/767/767 768/768/768 757/757/757
f 757/757/757 768/768/768 758/758/758
f 768/768/768 769/769/769 758/758/758
f 758/758/758 769/769/769 759/759/759
f 769/769/769 770/770/770 759/759/759
f 781/781/781 782/782/782 771/771/771
f 782/782/782 783/783/783 772/772/772
f 783/783/783 784/784/784 773/773/773
f 784/784/784 785/785/785 774/774/774
f 785/785/785 786/786/786 775/775/775
f 786/786/786 787/787/787 776/776/776
f 787/787/787 788/788/788 777/777/777
f 788/788/788 789/789/789 778/778/778
f 789/789/789 790/790/790 779/779/779
f 790/790/790 791/791/791 780/780/780
f 803/803/803 802/802/802 792/792/792
f 804/804/804 803/803/803 793/793/793
f 805/805/805 804/804/804 794/794/794
f 806/806/806 805/805/805 795/795/795
f 807/807/807 806/806/806 796/796/796
f 808/808/808 807/807/807 797/797/797
f 809/809/809 808/808/808 798/798/798
f 810/810/810 809/809/809 799/799/799
f 811/811/811 810/810/810 800/800/800
f 812/812/812 811/811/811 801/801/801
o brake_stud_1_4
usemtl pedal_rubber
v -12.2 19.68524436430035 -0.28992090646528645
v -11.835573148727416 19.802141408710796 -0.3087856884537842
v -11.610344958305358 20.108181883621807 -0.35817433525807096
v -11.610344958305358 20.486468685779606 -0.419222055393544
v -11.835573148727416 20.792509160690614 -0.4686107021978308
v -12.2 20.90940620510106 -0.4874754841863285
v -12.564426851272582 20.792509160690614 -0.4686107021978308
v -12.78965504169464 20.486468685779606 -0.419222055393544
v -12.78965504169464 20.108181883621807 -0.35817433525807096
v -12.564426851272582 19.802141408710796 -0.3087856884537842
v -12.2 19.68524436430035 -0.28992090646528645
v -12.2 19.605585260993227 -0.7835345481531
v -11.835573148727416 19.722482305403673 -0.8023993301415977
v -11.610344958305358 20.02852278031468 -0.8517879769458845
v -11.610344958305358 20.40680958247248 -0.9128356970813575
v -11.835573148727416 20.71285005738349 -0.9622243438856443
v -12.2 20.829747101793938 -0.981089125874142
v -12.564426851272582 20.71285005738349 -0.9622243438856443
v -12.78965504169464 20.40680958247248 -0.9128356970813575
v -12.78965504169464 20.02852278031468 -0.8517879769458845
v -12.564426851272582 19.722482305403673 -0.8023993301415977
v -12.2 19.605585260993227 -0.7835345481531
v -12.2 20.297325284700705 -0.3886981953258075
v -12.2 20.297325284700705 -0.3886981953258075
v -12.2 20.297325284700705 -0.3886981953258075
v -12.2 20.297325284700705 -0.3886981953258075
v -12.2 20.297325284700705 -0.3886981953258075
v -12.2 20.297325284700705 -0.3886981953258075
v -12.2 20.297325284700705 -0.3886981953258075
v -12.2 20.297325284700705 -0.3886981953258075
v -12.2 20.297325284700705 -0.3886981953258075
v -12.2 20.297325284700705 -0.3886981953258075
v -12.2 19.68524436430035 -0.28992090646528645
v -11.835573148727416 19.802141408710796 -0.3087856884537842
v -11.610344958305358 20.108181883621807 -0.35817433525807096
v -11.610344958305358 20.486468685779606 -0.419222055393544
v -11.835573148727416 20.792509160690614 -0.4686107021978308
v -12.2 20.90940620510106 -0.4874754841863285
v -12.564426851272582 20.792509160690614 -0.4686107021978308
v -12.78965504169464 20.486468685779606 -0.419222055393544
v -12.78965504169464 20.108181883621807 -0.35817433525807096
v -12.564426851272582 19.802141408710796 -0.3087856884537842
v -12.2 19.68524436430035 -0.28992090646528645
v -12.2 20.217666181393582 -0.8823118370136209
v -12.2 20.217666181393582 -0.8823118370136209
v -12.2 20.217666181393582 -0.8823118370136209
v -12.2 20.217666181393582 -0.8823118370136209
v -12.2 20.217666181393582 -0.8823118370136209
v -12.2 20.217666181393582 -0.8823118370136209
v -12.2 20.217666181393582 -0.8823118370136209
v -12.2 20.217666181393582 -0.8823118370136209
v -12.2 20.217666181393582 -0.8823118370136209
v -12.2 20.217666181393582 -0.8823118370136209
v -12.2 19.605585260993227 -0.7835345481531
v -11.835573148727416 19.722482305403673 -0.8023993301415977
v -11.610344958305358 20.02852278031468 -0.8517879769458845
v -11.610344958305358 20.40680958247248 -0.9128356970813575
v -11.835573148727416 20.71285005738349 -0.9622243438856443
v -12.2 20.829747101793938 -0.981089125874142
v -12.564426851272582 20.71285005738349 -0.9622243438856443
v -12.78965504169464 20.40680958247248 -0.9128356970813575
v -12.78965504169464 20.02852278031468 -0.8517879769458845
v -12.564426851272582 19.722482305403673 -0.8023993301415977
v -12.2 19.605585260993227 -0.7835345481531
vt 0 1
vt 0.10000000149011612 1
vt 0.20000000298023224 1
vt 0.30000001192092896 1
vt 0.4000000059604645 1
vt 0.5 1
vt 0.6000000238418579 1
vt 0.699999988079071 1
vt 0.800000011920929 1
vt 0.8999999761581421 1
vt 1 1
vt 0 0
vt 0.10000000149011612 0
vt 0.20000000298023224 0
vt 0.30000001192092896 0
vt 0.4000000059604645 0
vt 0.5 0
vt 0.6000000238418579 0
vt 0.699999988079071 0
vt 0.800000011920929 0
vt 0.8999999761581421 0
vt 1 0
vt 0.5 0.5
vt 0.5 0.5
vt 0.5 0.5
vt 0.5 0.5
vt 0.5 0.5
vt 0.5 0.5
vt 0.5 0.5
vt 0.5 0.5
vt 0.5 0.5
vt 0.5 0.5
vt 1 0.5
vt 0.9045084714889526 0.7938926219940186
vt 0.6545084714889526 0.9755282402038574
vt 0.345491498708725 0.9755282402038574
vt 0.09549150615930557 0.7938926219940186
vt 0 0.5
vt 0.09549150615930557 0.20610737800598145
vt 0.345491498708725 0.024471741169691086
vt 0.6545084714889526 0.024471741169691086
vt 0.9045084714889526 0.20610737800598145
vt 1 0.5
vt 0.5 0.5
vt 0.5 0.5
vt 0.5 0.5
vt 0.5 0.5
vt 0.5 0.5
vt 0.5 0.5
vt 0.5 0.5
vt 0.5 0.5
vt 0.5 0.5
vt 0.5 0.5
vt 1 0.5
vt 0.9045084714889526 0.20610737800598145
vt 0.6545084714889526 0.024471741169691086
vt 0.345491498708725 0.024471741169691086
vt 0.09549150615930557 0.20610737800598145
vt 0 0.5
vt 0.09549150615930557 0.7938926219940186
vt 0.345491498708725 0.9755282402038574
vt 0.6545084714889526 0.9755282402038574
vt 0.9045084714889526 0.7938926219940186
vt 1 0.5
vn 0 -0.9872272833756269 0.1593182066142462
vn 0.5877852429542022 -0.7986836562594867 0.12889113774518274
vn 0.9510565161477913 -0.30507000832142217 0.049232033429397505
vn 0.9510565161477913 0.30507000832142217 -0.049232033429397505
vn 0.5877852429542022 0.7986836562594867 -0.12889113774518274
vn 1.2246468525851679e-16 0.9872272833756269 -0.1593182066142462
vn -0.5877852429542022 0.7986836562594867 -0.12889113774518274
vn -0.9510565161477913 0.30507000832142217 -0.049232033429397505
vn -0.9510565161477913 -0.30507000832142217 0.049232033429397505
vn -0.5877852429542022 -0.7986836562594867 0.12889113774518274
vn -2.4492937051703357e-16 -0.9872272833756269 0.1593182066142462
vn 0 -0.9872272833756269 0.1593182066142462
vn 0.5877852429542022 -0.7986836562594867 0.12889113774518274
vn 0.9510565161477913 -0.30507000832142217 0.049232033429397505
vn 0.9510565161477913 0.30507000832142217 -0.049232033429397505
vn 0.5877852429542022 0.7986836562594867 -0.12889113774518274
vn 1.2246468525851679e-16 0.9872272833756269 -0.1593182066142462
vn -0.5877852429542022 0.7986836562594867 -0.12889113774518274
vn -0.9510565161477913 0.30507000832142217 -0.049232033429397505
vn -0.9510565161477913 -0.30507000832142217 0.049232033429397505
vn -0.5877852429542022 -0.7986836562594867 0.12889113774518274
vn -2.4492937051703357e-16 -0.9872272833756269 0.1593182066142462
vn 0 0.1593182066142462 0.9872272833756269
vn 0 0.1593182066142462 0.9872272833756269
vn 0 0.1593182066142462 0.9872272833756269
vn 0 0.1593182066142462 0.9872272833756269
vn 0 0.1593182066142462 0.9872272833756269
vn 0 0.1593182066142462 0.9872272833756269
vn 0 0.1593182066142462 0.9872272833756269
vn 0 0.1593182066142462 0.9872272833756269
vn 0 0.1593182066142462 0.9872272833756269
vn 0 0.1593182066142462 0.9872272833756269
vn 0 0.1593182066142462 0.9872272833756269
vn 0 0.1593182066142462 0.9872272833756269
vn 0 0.1593182066142462 0.9872272833756269
vn 0 0.1593182066142462 0.9872272833756269
vn 0 0.1593182066142462 0.9872272833756269
vn 0 0.1593182066142462 0.9872272833756269
vn 0 0.1593182066142462 0.9872272833756269
vn 0 0.1593182066142462 0.9872272833756269
vn 0 0.1593182066142462 0.9872272833756269
vn 0 0.1593182066142462 0.9872272833756269
vn 0 0.1593182066142462 0.9872272833756269
vn 0 -0.1593182066142462 -0.9872272833756269
vn 0 -0.1593182066142462 -0.9872272833756269
vn 0 -0.1593182066142462 -0.9872272833756269
vn 0 -0.1593182066142462 -0.9872272833756269
vn 0 -0.1593182066142462 -0.9872272833756269
vn 0 -0.1593182066142462 -0.9872272833756269
vn 0 -0.1593182066142462 -0.9872272833756269
vn 0 -0.1593182066142462 -0.9872272833756269
vn 0 -0.1593182066142462 -0.9872272833756269
vn 0 -0.1593182066142462 -0.9872272833756269
vn 0 -0.1593182066142462 -0.9872272833756269
vn 0 -0.1593182066142462 -0.9872272833756269
vn 0 -0.1593182066142462 -0.9872272833756269
vn 0 -0.1593182066142462 -0.9872272833756269
vn 0 -0.1593182066142462 -0.9872272833756269
vn 0 -0.1593182066142462 -0.9872272833756269
vn 0 -0.1593182066142462 -0.9872272833756269
vn 0 -0.1593182066142462 -0.9872272833756269
vn 0 -0.1593182066142462 -0.9872272833756269
vn 0 -0.1593182066142462 -0.9872272833756269
vn 0 -0.1593182066142462 -0.9872272833756269
f 813/813/813 824/824/824 814/814/814
f 824/824/824 825/825/825 814/814/814
f 814/814/814 825/825/825 815/815/815
f 825/825/825 826/826/826 815/815/815
f 815/815/815 826/826/826 816/816/816
f 826/826/826 827/827/827 816/816/816
f 816/816/816 827/827/827 817/817/817
f 827/827/827 828/828/828 817/817/817
f 817/817/817 828/828/828 818/818/818
f 828/828/828 829/829/829 818/818/818
f 818/818/818 829/829/829 819/819/819
f 829/829/829 830/830/830 819/819/819
f 819/819/819 830/830/830 820/820/820
f 830/830/830 831/831/831 820/820/820
f 820/820/820 831/831/831 821/821/821
f 831/831/831 832/832/832 821/821/821
f 821/821/821 832/832/832 822/822/822
f 832/832/832 833/833/833 822/822/822
f 822/822/822 833/833/833 823/823/823
f 833/833/833 834/834/834 823/823/823
f 845/845/845 846/846/846 835/835/835
f 846/846/846 847/847/847 836/836/836
f 847/847/847 848/848/848 837/837/837
f 848/848/848 849/849/849 838/838/838
f 849/849/849 850/850/850 839/839/839
f 850/850/850 851/851/851 840/840/840
f 851/851/851 852/852/852 841/841/841
f 852/852/852 853/853/853 842/842/842
f 853/853/853 854/854/854 843/843/843
f 854/854/854 855/855/855 844/844/844
f 867/867/867 866/866/866 856/856/856
f 868/868/868 867/867/867 857/857/857
f 869/869/869 868/868/868 858/858/858
f 870/870/870 869/869/869 859/859/859
f 871/871/871 870/870/870 860/860/860
f 872/872/872 871/871/871 861/861/861
f 873/873/873 872/872/872 862/862/862
f 874/874/874 873/873/873 863/863/863
f 875/875/875 874/874/874 864/864/864
f 876/876/876 875/875/875 865/865/865
o brake_stud_1_5
usemtl pedal_rubber
v -12.2 22.054589844401853 -0.6722846023394765
v -11.835573148727416 22.1714868888123 -0.6911493843279742
v -11.610344958305358 22.47752736372331 -0.740538031132261
v -11.610344958305358 22.85581416588111 -0.801585751267734
v -11.835573148727416 23.161854640792118 -0.8509743980720208
v -12.2 23.278751685202565 -0.8698391800605185
v -12.564426851272582 23.161854640792118 -0.8509743980720208
v -12.78965504169464 22.85581416588111 -0.801585751267734
v -12.78965504169464 22.47752736372331 -0.740538031132261
v -12.564426851272582 22.1714868888123 -0.6911493843279742
v -12.2 22.054589844401853 -0.6722846023394765
v -12.2 21.97493074109473 -1.16589824402729
v -11.835573148727416 22.091827785505178 -1.1847630260157878
v -11.610344958305358 22.397868260416185 -1.2341516728200745
v -11.610344958305358 22.776155062573984 -1.2951993929555474
v -11.835573148727416 23.082195537484996 -1.3445880397598344
v -12.2 23.199092581895442 -1.3634528217483322
v -12.564426851272582 23.082195537484996 -1.3445880397598344
v -12.78965504169464 22.776155062573984 -1.2951993929555474
v -12.78965504169464 22.397868260416185 -1.2341516728200745
v -12.564426851272582 22.091827785505178 -1.1847630260157878
v -12.2 21.97493074109473 -1.16589824402729
v -12.2 22.66667076480221 -0.7710618911999976
v -12.2 22.66667076480221 -0.7710618911999976
v -12.2 22.66667076480221 -0.7710618911999976
v -12.2 22.66667076480221 -0.7710618911999976
v -12.2 22.66667076480221 -0.7710618911999976
v -12.2 22.66667076480221 -0.7710618911999976
v -12.2 22.66667076480221 -0.7710618911999976
v -12.2 22.66667076480221 -0.7710618911999976
v -12.2 22.66667076480221 -0.7710618911999976
v -12.2 22.66667076480221 -0.7710618911999976
v -12.2 22.054589844401853 -0.6722846023394765
v -11.835573148727416 22.1714868888123 -0.6911493843279742
v -11.610344958305358 22.47752736372331 -0.740538031132261
v -11.610344958305358 22.85581416588111 -0.801585751267734
v -11.835573148727416 23.161854640792118 -0.8509743980720208
v -12.2 23.278751685202565 -0.8698391800605185
v -12.564426851272582 23.161854640792118 -0.8509743980720208
v -12.78965504169464 22.85581416588111 -0.801585751267734
v -12.78965504169464 22.47752736372331 -0.740538031132261
v -12.564426851272582 22.1714868888123 -0.6911493843279742
v -12.2 22.054589844401853 -0.6722846023394765
v -12.2 22.587011661495087 -1.264675532887811
v -12.2 22.587011661495087 -1.264675532887811
v -12.2 22.587011661495087 -1.264675532887811
v -12.2 22.587011661495087 -1.264675532887811
v -12.2 22.587011661495087 -1.264675532887811
v -12.2 22.587011661495087 -1.264675532887811
v -12.2 22.587011661495087 -1.264675532887811
v -12.2 22.587011661495087 -1.264675532887811
v -12.2 22.587011661495087 -1.264675532887811
v -12.2 22.587011661495087 -1.264675532887811
v -12.2 21.97493074109473 -1.16589824402729
v -11.835573148727416 22.091827785505178 -1.1847630260157878
v -11.610344958305358 22.397868260416185 -1.2341516728200745
v -11.610344958305358 22.776155062573984 -1.2951993929555474
v -11.835573148727416 23.082195537484996 -1.3445880397598344
v -12.2 23.199092581895442 -1.3634528217483322
v -12.564426851272582 23.082195537484996 -1.3445880397598344
v -12.78965504169464 22.776155062573984 -1.2951993929555474
v -12.78965504169464 22.397868260416185 -1.2341516728200745
v -12.564426851272582 22.091827785505178 -1.1847630260157878
v -12.2 21.97493074109473 -1.16589824402729
vt 0 1
vt 0.10000000149011612 1
vt 0.20000000298023224 1
vt 0.30000001192092896 1
vt 0.4000000059604645 1
vt 0.5 1
vt 0.6000000238418579 1
vt 0.699999988079071 1
vt 0.800000011920929 1
vt 0.8999999761581421 1
vt 1 1
vt 0 0
vt 0.10000000149011612 0
vt 0.20000000298023224 0
vt 0.30000001192092896 0
vt 0.4000000059604645 0
vt 0.5 0
vt 0.6000000238418579 0
vt 0.699999988079071 0
vt 0.800000011920929 0
vt 0.8999999761581421 0
vt 1 0
vt 0.5 0.5
vt 0.5 0.5
vt 0.5 0.5
vt 0.5 0.5
vt 0.5 0.5
vt 0.5 0.5
vt 0.5 0.5
vt 0.5 0.5
vt 0.5 0.5
vt 0.5 0.5
vt 1 0.5
vt 0.9045084714889526 0.7938926219940186
vt 0.6545084714889526 0.9755282402038574
vt 0.345491498708725 0.9755282402038574
vt 0.09549150615930557 0.7938926219940186
vt 0 0.5
vt 0.09549150615930557 0.20610737800598145
vt 0.345491498708725 0.024471741169691086
vt 0.6545084714889526 0.024471741169691086
vt 0.9045084714889526 0.20610737800598145
vt 1 0.5
vt 0.5 0.5
vt 0.5 0.5
vt 0.5 0.5
vt 0.5 0.5
vt 0.5 0.5
vt 0.5 0.5
vt 0.5 0.5
vt 0.5 0.5
vt 0.5 0.5
vt 0.5 0.5
vt 1 0.5
vt 0.9045084714889526 0.20610737800598145
vt 0.6545084714889526 0.024471741169691086
vt 0.345491498708725 0.024471741169691086
vt 0.09549150615930557 0.20610737800598145
vt 0 0.5
vt 0.09549150615930557 0.7938926219940186
vt 0.345491498708725 0.9755282402038574
vt 0.6545084714889526 0.9755282402038574
vt 0.9045084714889526 0.7938926219940186
vt 1 0.5
vn 0 -0.9872272833756269 0.1593182066142462
vn 0.5877852429542022 -0.7986836562594867 0.12889113774518274
vn 0.9510565161477913 -0.30507000832142217 0.049232033429397505
vn 0.9510565161477913 0.30507000832142217 -0.049232033429397505
vn 0.5877852429542022 0.7986836562594867 -0.12889113774518274
vn 1.2246468525851679e-16 0.9872272833756269 -0.1593182066142462
vn -0.5877852429542022 0.7986836562594867 -0.12889113774518274
vn -0.9510565161477913 0.30507000832142217 -0.049232033429397505
vn -0.9510565161477913 -0.30507000832142217 0.049232033429397505
vn -0.5877852429542022 -0.7986836562594867 0.12889113774518274
vn -2.4492937051703357e-16 -0.9872272833756269 0.1593182066142462
vn 0 -0.9872272833756269 0.1593182066142462
vn 0.5877852429542022 -0.7986836562594867 0.12889113774518274
vn 0.9510565161477913 -0.30507000832142217 0.049232033429397505
vn 0.9510565161477913 0.30507000832142217 -0.049232033429397505
vn 0.5877852429542022 0.7986836562594867 -0.12889113774518274
vn 1.2246468525851679e-16 0.9872272833756269 -0.1593182066142462
vn -0.5877852429542022 0.7986836562594867 -0.12889113774518274
vn -0.9510565161477913 0.30507000832142217 -0.049232033429397505
vn -0.9510565161477913 -0.30507000832142217 0.049232033429397505
vn -0.5877852429542022 -0.7986836562594867 0.12889113774518274
vn -2.4492937051703357e-16 -0.9872272833756269 0.1593182066142462
vn 0 0.1593182066142462 0.9872272833756269
vn 0 0.1593182066142462 0.9872272833756269
vn 0 0.1593182066142462 0.9872272833756269
vn 0 0.1593182066142462 0.9872272833756269
vn 0 0.1593182066142462 0.9872272833756269
vn 0 0.1593182066142462 0.9872272833756269
vn 0 0.1593182066142462 0.9872272833756269
vn 0 0.1593182066142462 0.9872272833756269
vn 0 0.1593182066142462 0.9872272833756269
vn 0 0.1593182066142462 0.9872272833756269
vn 0 0.1593182066142462 0.9872272833756269
vn 0 0.1593182066142462 0.9872272833756269
vn 0 0.1593182066142462 0.9872272833756269
vn 0 0.1593182066142462 0.9872272833756269
vn 0 0.1593182066142462 0.9872272833756269
vn 0 0.1593182066142462 0.9872272833756269
vn 0 0.1593182066142462 0.9872272833756269
vn 0 0.1593182066142462 0.9872272833756269
vn 0 0.1593182066142462 0.9872272833756269
vn 0 0.1593182066142462 0.9872272833756269
vn 0 0.1593182066142462 0.9872272833756269
vn 0 -0.1593182066142462 -0.9872272833756269
vn 0 -0.1593182066142462 -0.9872272833756269
vn 0 -0.1593182066142462 -0.9872272833756269
vn 0 -0.1593182066142462 -0.9872272833756269
vn 0 -0.1593182066142462 -0.9872272833756269
vn 0 -0.1593182066142462 -0.9872272833756269
vn 0 -0.1593182066142462 -0.9872272833756269
vn 0 -0.1593182066142462 -0.9872272833756269
vn 0 -0.1593182066142462 -0.9872272833756269
vn 0 -0.1593182066142462 -0.9872272833756269
vn 0 -0.1593182066142462 -0.9872272833756269
vn 0 -0.1593182066142462 -0.9872272833756269
vn 0 -0.1593182066142462 -0.9872272833756269
vn 0 -0.1593182066142462 -0.9872272833756269
vn 0 -0.1593182066142462 -0.9872272833756269
vn 0 -0.1593182066142462 -0.9872272833756269
vn 0 -0.1593182066142462 -0.9872272833756269
vn 0 -0.1593182066142462 -0.9872272833756269
vn 0 -0.1593182066142462 -0.9872272833756269
vn 0 -0.1593182066142462 -0.9872272833756269
vn 0 -0.1593182066142462 -0.9872272833756269
f 877/877/877 888/888/888 878/878/878
f 888/888/888 889/889/889 878/878/878
f 878/878/878 889/889/889 879/879/879
f 889/889/889 890/890/890 879/879/879
f 879/879/879 890/890/890 880/880/880
f 890/890/890 891/891/891 880/880/880
f 880/880/880 891/891/891 881/881/881
f 891/891/891 892/892/892 881/881/881
f 881/881/881 892/892/892 882/882/882
f 892/892/892 893/893/893 882/882/882
f 882/882/882 893/893/893 883/883/883
f 893/893/893 894/894/894 883/883/883
f 883/883/883 894/894/894 884/884/884
f 894/894/894 895/895/895 884/884/884
f 884/884/884 895/895/895 885/885/885
f 895/895/895 896/896/896 885/885/885
f 885/885/885 896/896/896 886/886/886
f 896/896/896 897/897/897 886/886/886
f 886/886/886 897/897/897 887/887/887
f 897/897/897 898/898/898 887/887/887
f 909/909/909 910/910/910 899/899/899
f 910/910/910 911/911/911 900/900/900
f 911/911/911 912/912/912 901/901/901
f 912/912/912 913/913/913 902/902/902
f 913/913/913 914/914/914 903/903/903
f 914/914/914 915/915/915 904/904/904
f 915/915/915 916/916/916 905/905/905
f 916/916/916 917/917/917 906/906/906
f 917/917/917 918/918/918 907/907/907
f 918/918/918 919/919/919 908/908/908
f 931/931/931 930/930/930 920/920/920
f 932/932/932 931/931/931 921/921/921
f 933/933/933 932/932/932 922/922/922
f 934/934/934 933/933/933 923/923/923
f 935/935/935 934/934/934 924/924/924
f 936/936/936 935/935/935 925/925/925
f 937/937/937 936/936/936 926/926/926
f 938/938/938 937/937/937 927/927/927
f 939/939/939 938/938/938 928/928/928
f 940/940/940 939/939/939 929/929/929
o brake_stud_2_0
usemtl pedal_rubber
v -9.8 10.207862443894328 1.2395338770314752
v -9.435573148727418 10.324759488304775 1.2206690950429775
v -9.21034495830536 10.630799963215784 1.1712804482386905
v -9.21034495830536 11.009086765373583 1.1102327281032176
v -9.435573148727418 11.315127240284594 1.0608440812989308
v -9.8 11.43202428469504 1.041979299310433
v -10.164426851272584 11.315127240284594 1.0608440812989308
v -10.389655041694642 11.009086765373583 1.1102327281032176
v -10.389655041694642 10.630799963215784 1.1712804482386905
v -10.164426851272584 10.324759488304775 1.2206690950429775
v -9.8 10.207862443894328 1.2395338770314752
v -9.8 10.128203340587206 0.7459202353436616
v -9.435573148727418 10.24510038499765 0.7270554533551639
v -9.21034495830536 10.551140859908662 0.6776668065508771
v -9.21034495830536 10.92942766206646 0.6166190864154041
v -9.435573148727418 11.23546813697747 0.5672304396111173
v -9.8 11.352365181387917 0.5483656576226196
v -10.164426851272584 11.23546813697747 0.5672304396111173
v -10.389655041694642 10.92942766206646 0.6166190864154041
v -10.389655041694642 10.551140859908662 0.6776668065508771
v -10.164426851272584 10.24510038499765 0.7270554533551639
v -9.8 10.128203340587206 0.7459202353436616
v -9.8 10.819943364294684 1.140756588170954
v -9.8 10.819943364294684 1.140756588170954
v -9.8 10.819943364294684 1.140756588170954
v -9.8 10.819943364294684 1.140756588170954
v -9.8 10.819943364294684 1.140756588170954
v -9.8 10.819943364294684 1.140756588170954
v -9.8 10.819943364294684 1.140756588170954
v -9.8 10.819943364294684 1.140756588170954
v -9.8 10.819943364294684 1.140756588170954
v -9.8 10.819943364294684 1.140756588170954
v -9.8 10.207862443894328 1.2395338770314752
v -9.435573148727418 10.324759488304775 1.2206690950429775
v -9.21034495830536 10.630799963215784 1.1712804482386905
v -9.21034495830536 11.009086765373583 1.1102327281032176
v -9.435573148727418 11.315127240284594 1.0608440812989308
v -9.8 11.43202428469504 1.041979299310433
v -10.164426851272584 11.315127240284594 1.0608440812989308
v -10.389655041694642 11.009086765373583 1.1102327281032176
v -10.389655041694642 10.630799963215784 1.1712804482386905
v -10.164426851272584 10.324759488304775 1.2206690950429775
v -9.8 10.207862443894328 1.2395338770314752
v -9.8 10.740284260987561 0.6471429464831406
v -9.8 10.740284260987561 0.6471429464831406
v -9.8 10.740284260987561 0.6471429464831406
v -9.8 10.740284260987561 0.6471429464831406
v -9.8 10.740284260987561 0.6471429464831406
v -9.8 10.740284260987561 0.6471429464831406
v -9.8 10.740284260987561 0.6471429464831406
v -9.8 10.740284260987561 0.6471429464831406
v -9.8 10.740284260987561 0.6471429464831406
v -9.8 10.740284260987561 0.6471429464831406
v -9.8 10.128203340587206 0.7459202353436616
v -9.435573148727418 10.24510038499765 0.7270554533551639
v -9.21034495830536 10.551140859908662 0.6776668065508771
v -9.21034495830536 10.92942766206646 0.6166190864154041
v -9.435573148727418 11.23546813697747 0.5672304396111173
v -9.8 11.352365181387917 0.5483656576226196
v -10.164426851272584 11.23546813697747 0.5672304396111173
v -10.389655041694642 10.92942766206646 0.6166190864154041
v -10.389655041694642 10.551140859908662 0.6776668065508771
v -10.164426851272584 10.24510038499765 0.7270554533551639
v -9.8 10.128203340587206 0.7459202353436616
vt 0 1
vt 0.10000000149011612 1
vt 0.20000000298023224 1
vt 0.30000001192092896 1
vt 0.4000000059604645 1
vt 0.5 1
vt 0.6000000238418579 1
vt 0.699999988079071 1
vt 0.800000011920929 1
vt 0.8999999761581421 1
vt 1 1
vt 0 0
vt 0.10000000149011612 0
vt 0.20000000298023224 0
vt 0.30000001192092896 0
vt 0.4000000059604645 0
vt 0.5 0
vt 0.6000000238418579 0
vt 0.699999988079071 0
vt 0.800000011920929 0
vt 0.8999999761581421 0
vt 1 0
vt 0.5 0.5
vt 0.5 0.5
vt 0.5 0.5
vt 0.5 0.5
vt 0.5 0.5
vt 0.5 0.5
vt 0.5 0.5
vt 0.5 0.5
vt 0.5 0.5
vt 0.5 0.5
vt 1 0.5
vt 0.9045084714889526 0.7938926219940186
vt 0.6545084714889526 0.9755282402038574
vt 0.345491498708725 0.9755282402038574
vt 0.09549150615930557 0.7938926219940186
vt 0 0.5
vt 0.09549150615930557 0.20610737800598145
vt 0.345491498708725 0.024471741169691086
vt 0.6545084714889526 0.024471741169691086
vt 0.9045084714889526 0.20610737800598145
vt 1 0.5
vt 0.5 0.5
vt 0.5 0.5
vt 0.5 0.5
vt 0.5 0.5
vt 0.5 0.5
vt 0.5 0.5
vt 0.5 0.5
vt 0.5 0.5
vt 0.5 0.5
vt 0.5 0.5
vt 1 0.5
vt 0.9045084714889526 0.20610737800598145
vt 0.6545084714889526 0.024471741169691086
vt 0.345491498708725 0.024471741169691086
vt 0.09549150615930557 0.20610737800598145
vt 0 0.5
vt 0.09549150615930557 0.7938926219940186
vt 0.345491498708725 0.9755282402038574
vt 0.6545084714889526 0.9755282402038574
vt 0.9045084714889526 0.7938926219940186
vt 1 0.5
vn 0 -0.9872272833756269 0.1593182066142462
vn 0.5877852429542022 -0.7986836562594867 0.12889113774518274
vn 0.9510565161477913 -0.30507000832142217 0.049232033429397505
vn 0.9510565161477913 0.30507000832142217 -0.049232033429397505
vn 0.5877852429542022 0.7986836562594867 -0.12889113774518274
vn 1.2246468525851679e-16 0.9872272833756269 -0.1593182066142462
vn -0.5877852429542022 0.7986836562594867 -0.12889113774518274
vn -0.9510565161477913 0.30507000832142217 -0.049232033429397505
vn -0.9510565161477913 -0.30507000832142217 0.049232033429397505
vn -0.5877852429542022 -0.7986836562594867 0.12889113774518274
vn -2.4492937051703357e-16 -0.9872272833756269 0.1593182066142462
vn 0 -0.9872272833756269 0.1593182066142462
vn 0.5877852429542022 -0.7986836562594867 0.12889113774518274
vn 0.9510565161477913 -0.30507000832142217 0.049232033429397505
vn 0.9510565161477913 0.30507000832142217 -0.049232033429397505
vn 0.5877852429542022 0.7986836562594867 -0.12889113774518274
vn 1.2246468525851679e-16 0.9872272833756269 -0.1593182066142462
vn -0.5877852429542022 0.7986836562594867 -0.12889113774518274
vn -0.9510565161477913 0.30507000832142217 -0.049232033429397505
vn -0.9510565161477913 -0.30507000832142217 0.049232033429397505
vn -0.5877852429542022 -0.7986836562594867 0.12889113774518274
vn -2.4492937051703357e-16 -0.9872272833756269 0.1593182066142462
vn 0 0.1593182066142462 0.9872272833756269
vn 0 0.1593182066142462 0.9872272833756269
vn 0 0.1593182066142462 0.9872272833756269
vn 0 0.1593182066142462 0.9872272833756269
vn 0 0.1593182066142462 0.9872272833756269
vn 0 0.1593182066142462 0.9872272833756269
vn 0 0.1593182066142462 0.9872272833756269
vn 0 0.1593182066142462 0.9872272833756269
vn 0 0.1593182066142462 0.9872272833756269
vn 0 0.1593182066142462 0.9872272833756269
vn 0 0.1593182066142462 0.9872272833756269
vn 0 0.1593182066142462 0.9872272833756269
vn 0 0.1593182066142462 0.9872272833756269
vn 0 0.1593182066142462 0.9872272833756269
vn 0 0.1593182066142462 0.9872272833756269
vn 0 0.1593182066142462 0.9872272833756269
vn 0 0.1593182066142462 0.9872272833756269
vn 0 0.1593182066142462 0.9872272833756269
vn 0 0.1593182066142462 0.9872272833756269
vn 0 0.1593182066142462 0.9872272833756269
vn 0 0.1593182066142462 0.9872272833756269
vn 0 -0.1593182066142462 -0.9872272833756269
vn 0 -0.1593182066142462 -0.9872272833756269
vn 0 -0.1593182066142462 -0.9872272833756269
vn 0 -0.1593182066142462 -0.9872272833756269
vn 0 -0.1593182066142462 -0.9872272833756269
vn 0 -0.1593182066142462 -0.9872272833756269
vn 0 -0.1593182066142462 -0.9872272833756269
vn 0 -0.1593182066142462 -0.9872272833756269
vn 0 -0.1593182066142462 -0.9872272833756269
vn 0 -0.1593182066142462 -0.9872272833756269
vn 0 -0.1593182066142462 -0.9872272833756269
vn 0 -0.1593182066142462 -0.9872272833756269
vn 0 -0.1593182066142462 -0.9872272833756269
vn 0 -0.1593182066142462 -0.9872272833756269
vn 0 -0.1593182066142462 -0.9872272833756269
vn 0 -0.1593182066142462 -0.9872272833756269
vn 0 -0.1593182066142462 -0.9872272833756269
vn 0 -0.1593182066142462 -0.9872272833756269
vn 0 -0.1593182066142462 -0.9872272833756269
vn 0 -0.1593182066142462 -0.9872272833756269
vn 0 -0.1593182066142462 -0.9872272833756269
f 941/941/941 952/952/952 942/942/942
f 952/952/952 953/953/953 942/942/942
f 942/942/942 953/953/953 943/943/943
f 953/953/953 954/954/954 943/943/943
f 943/943/943 954/954/954 944/944/944
f 954/954/954 955/955/955 944/944/944
f 944/944/944 955/955/955 945/945/945
f 955/955/955 956/956/956 945/945/945
f 945/945/945 956/956/956 946/946/946
f 956/956/956 957/957/957 946/946/946
f 946/946/946 957/957/957 947/947/947
f 957/957/957 958/958/958 947/947/947
f 947/947/947 958/958/958 948/948/948
f 958/958/958 959/959/959 948/948/948
f 948/948/948 959/959/959 949/949/949
f 959/959/959 960/960/960 949/949/949
f 949/949/949 960/960/960 950/950/950
f 960/960/960 961/961/961 950/950/950
f 950/950/950 961/961/961 951/951/951
f 961/961/961 962/962/962 951/951/951
f 973/973/973 974/974/974 963/963/963
f 974/974/974 975/975/975 964/964/964
f 975/975/975 976/976/976 965/965/965
f 976/976/976 977/977/977 966/966/966
f 977/977/977 978/978/978 967/967/967
f 978/978/978 979/979/979 968/968/968
f 979/979/979 980/980/980 969/969/969
f 980/980/980 981/981/981 970/970/970
f 981/981/981 982/982/982 971/971/971
f 982/982/982 983/983/983 972/972/972
f 995/995/995 994/994/994 984/984/984
f 996/996/996 995/995/995 985/985/985
f 997/997/997 996/996/996 986/986/986
f 998/998/998 997/997/997 987/987/987
f 999/999/999 998/998/998 988/988/988
f 1000/1000/1000 999/999/999 989/989/989
f 1001/1001/1001 1000/1000/1000 990/990/990
f 1002/1002/1002 1001/1001/1001 991/991/991
f 1003/1003/1003 1002/1002/1002 992/992/992
f 1004/1004/1004 1003/1003/1003 993/993/993
o brake_stud_2_1
usemtl pedal_rubber
v -9.8 12.577207923995834 0.8571701811572846
v -9.435573148727418 12.69410496840628 0.8383053991687869
v -9.21034495830536 13.00014544331729 0.7889167523645001
v -9.21034495830536 13.37843224547509 0.7278690322290271
v -9.435573148727418 13.6844727203861 0.6784803854247403
v -9.8 13.801369764796545 0.6596156034362426
v -10.164426851272584 13.6844727203861 0.6784803854247403
v -10.389655041694642 13.37843224547509 0.7278690322290271
v -10.389655041694642 13.00014544331729 0.7889167523645001
v -10.164426851272584 12.69410496840628 0.8383053991687869
v -9.8 12.577207923995834 0.8571701811572846
v -9.8 12.497548820688712 0.36355653946947114
v -9.435573148727418 12.614445865099157 0.3446917574809734
v -9.21034495830536 12.920486340010168 0.29530311067668663
v -9.21034495830536 13.298773142167967 0.23425539054121358
v -9.435573148727418 13.604813617078976 0.1848667437369268
v -9.8 13.721710661489423 0.16600196174842907
v -10.164426851272584 13.604813617078976 0.1848667437369268
v -10.389655041694642 13.298773142167967 0.23425539054121358
v -10.389655041694642 12.920486340010168 0.29530311067668663
v -10.164426851272584 12.614445865099157 0.3446917574809734
v -9.8 12.497548820688712 0.36355653946947114
v -9.8 13.18928884439619 0.7583928922967635
v -9.8 13.18928884439619 0.7583928922967635
v -9.8 13.18928884439619 0.7583928922967635
v -9.8 13.18928884439619 0.7583928922967635
v -9.8 13.18928884439619 0.7583928922967635
v -9.8 13.18928884439619 0.7583928922967635
v -9.8 13.18928884439619 0.7583928922967635
v -9.8 13.18928884439619 0.7583928922967635
v -9.8 13.18928884439619 0.7583928922967635
v -9.8 13.18928884439619 0.7583928922967635
v -9.8 12.577207923995834 0.8571701811572846
v -9.435573148727418 12.69410496840628 0.8383053991687869
v -9.21034495830536 13.00014544331729 0.7889167523645001
v -9.21034495830536 13.37843224547509 0.7278690322290271
v -9.435573148727418 13.6844727203861 0.6784803854247403
v -9.8 13.801369764796545 0.6596156034362426
v -10.164426851272584 13.6844727203861 0.6784803854247403
v -10.389655041694642 13.37843224547509 0.7278690322290271
v -10.389655041694642 13.00014544331729 0.7889167523645001
v -10.164426851272584 12.69410496840628 0.8383053991687869
v -9.8 12.577207923995834 0.8571701811572846
v -9.8 13.109629741089067 0.26477925060895013
v -9.8 13.109629741089067 0.26477925060895013
v -9.8 13.109629741089067 0.26477925060895013
v -9.8 13.109629741089067 0.26477925060895013
v -9.8 13.109629741089067 0.26477925060895013
v -9.8 13.109629741089067 0.26477925060895013
v -9.8 13.109629741089067 0.26477925060895013
v -9.8 13.109629741089067 0.26477925060895013
v -9.8 13.109629741089067 0.26477925060895013
v -9.8 13.109629741089067 0.26477925060895013
v -9.8 12.497548820688712 0.36355653946947114
v -9.435573148727418 12.614445865099157 0.3446917574809734
v -9.21034495830536 12.920486340010168 0.29530311067668663
v -9.21034495830536 13.298773142167967 0.23425539054121358
v -9.435573148727418 13.604813617078976 0.1848667437369268
v -9.8 13.721710661489423 0.16600196174842907
v -10.164426851272584 13.604813617078976 0.1848667437369268
v -10.389655041694642 13.298773142167967 0.23425539054121358
v -10.389655041694642 12.920486340010168 0.29530311067668663
v -10.164426851272584 12.614445865099157 0.3446917574809734
v -9.8 12.497548820688712 0.36355653946947114
vt 0 1
vt 0.10000000149011612 1
vt 0.20000000298023224 1
vt 0.30000001192092896 1
vt 0.4000000059604645 1
vt 0.5 1
vt 0.6000000238418579 1
vt 0.699999988079071 1
vt 0.800000011920929 1
vt 0.8999999761581421 1
vt 1 1
vt 0 0
vt 0.10000000149011612 0
vt 0.20000000298023224 0
vt 0.30000001192092896 0
vt 0.4000000059604645 0
vt 0.5 0
vt 0.6000000238418579 0
vt 0.699999988079071 0
vt 0.800000011920929 0
vt 0.8999999761581421 0
vt 1 0
vt 0.5 0.5
vt 0.5 0.5
vt 0.5 0.5
vt 0.5 0.5
vt 0.5 0.5
vt 0.5 0.5
vt 0.5 0.5
vt 0.5 0.5
vt 0.5 0.5
vt 0.5 0.5
vt 1 0.5
vt 0.9045084714889526 0.7938926219940186
vt 0.6545084714889526 0.9755282402038574
vt 0.345491498708725 0.9755282402038574
vt 0.09549150615930557 0.7938926219940186
vt 0 0.5
vt 0.09549150615930557 0.20610737800598145
vt 0.345491498708725 0.024471741169691086
vt 0.6545084714889526 0.024471741169691086
vt 0.9045084714889526 0.20610737800598145
vt 1 0.5
vt 0.5 0.5
vt 0.5 0.5
vt 0.5 0.5
vt 0.5 0.5
vt 0.5 0.5
vt 0.5 0.5
vt 0.5 0.5
vt 0.5 0.5
vt 0.5 0.5
vt 0.5 0.5
vt 1 0.5
vt 0.9045084714889526 0.20610737800598145
vt 0.6545084714889526 0.024471741169691086
vt 0.345491498708725 0.024471741169691086
vt 0.09549150615930557 0.20610737800598145
vt 0 0.5
vt 0.09549150615930557 0.7938926219940186
vt 0.345491498708725 0.9755282402038574
vt 0.6545084714889526 0.9755282402038574
vt 0.9045084714889526 0.7938926219940186
vt 1 0.5
vn 0 -0.9872272833756269 0.1593182066142462
vn 0.5877852429542022 -0.7986836562594867 0.12889113774518274
vn 0.9510565161477913 -0.30507000832142217 0.049232033429397505
vn 0.9510565161477913 0.30507000832142217 -0.049232033429397505
vn 0.5877852429542022 0.7986836562594867 -0.12889113774518274
vn 1.2246468525851679e-16 0.9872272833756269 -0.1593182066142462
vn -0.5877852429542022 0.7986836562594867 -0.12889113774518274
vn -0.9510565161477913 0.30507000832142217 -0.049232033429397505
vn -0.9510565161477913 -0.30507000832142217 0.049232033429397505
vn -0.5877852429542022 -0.7986836562594867 0.12889113774518274
vn -2.4492937051703357e-16 -0.9872272833756269 0.1593182066142462
vn 0 -0.9872272833756269 0.1593182066142462
vn 0.5877852429542022 -0.7986836562594867 0.12889113774518274
vn 0.9510565161477913 -0.30507000832142217 0.049232033429397505
vn 0.9510565161477913 0.30507000832142217 -0.049232033429397505
vn 0.5877852429542022 0.7986836562594867 -0.12889113774518274
vn 1.2246468525851679e-16 0.9872272833756269 -0.1593182066142462
vn -0.5877852429542022 0.7986836562594867 -0.12889113774518274
vn -0.9510565161477913 0.30507000832142217 -0.049232033429397505
vn -0.9510565161477913 -0.30507000832142217 0.049232033429397505
vn -0.5877852429542022 -0.7986836562594867 0.12889113774518274
vn -2.4492937051703357e-16 -0.9872272833756269 0.1593182066142462
vn 0 0.1593182066142462 0.9872272833756269
vn 0 0.1593182066142462 0.9872272833756269
vn 0 0.1593182066142462 0.9872272833756269
vn 0 0.1593182066142462 0.9872272833756269
vn 0 0.1593182066142462 0.9872272833756269
vn 0 0.1593182066142462 0.9872272833756269
vn 0 0.1593182066142462 0.9872272833756269
vn 0 0.1593182066142462 0.9872272833756269
vn 0 0.1593182066142462 0.9872272833756269
vn 0 0.1593182066142462 0.9872272833756269
vn 0 0.1593182066142462 0.9872272833756269
vn 0 0.1593182066142462 0.9872272833756269
vn 0 0.1593182066142462 0.9872272833756269
vn 0 0.1593182066142462 0.9872272833756269
vn 0 0.1593182066142462 0.9872272833756269
vn 0 0.1593182066142462 0.9872272833756269
vn 0 0.1593182066142462 0.9872272833756269
vn 0 0.1593182066142462 0.9872272833756269
vn 0 0.1593182066142462 0.9872272833756269
vn 0 0.1593182066142462 0.9872272833756269
vn 0 0.1593182066142462 0.9872272833756269
vn 0 -0.1593182066142462 -0.9872272833756269
vn 0 -0.1593182066142462 -0.9872272833756269
vn 0 -0.1593182066142462 -0.9872272833756269
vn 0 -0.1593182066142462 -0.9872272833756269
vn 0 -0.1593182066142462 -0.9872272833756269
vn 0 -0.1593182066142462 -0.9872272833756269
vn 0 -0.1593182066142462 -0.9872272833756269
vn 0 -0.1593182066142462 -0.9872272833756269
vn 0 -0.1593182066142462 -0.9872272833756269
vn 0 -0.1593182066142462 -0.9872272833756269
vn 0 -0.1593182066142462 -0.9872272833756269
vn 0 -0.1593182066142462 -0.9872272833756269
vn 0 -0.1593182066142462 -0.9872272833756269
vn 0 -0.1593182066142462 -0.9872272833756269
vn 0 -0.1593182066142462 -0.9872272833756269
vn 0 -0.1593182066142462 -0.9872272833756269
vn 0 -0.1593182066142462 -0.9872272833756269
vn 0 -0.1593182066142462 -0.9872272833756269
vn 0 -0.1593182066142462 -0.9872272833756269
vn 0 -0.1593182066142462 -0.9872272833756269
vn 0 -0.1593182066142462 -0.9872272833756269
f 1005/1005/1005 1016/1016/1016 1006/1006/1006
f 1016/1016/1016 1017/1017/1017 1006/1006/1006
f 1006/1006/1006 1017/1017/1017 1007/1007/1007
f 1017/1017/1017 1018/1018/1018 1007/1007/1007
f 1007/1007/1007 1018/1018/1018 1008/1008/1008
f 1018/1018/1018 1019/1019/1019 1008/1008/1008
f 1008/1008/1008 1019/1019/1019 1009/1009/1009
f 1019/1019/1019 1020/1020/1020 1009/1009/1009
f 1009/1009/1009 1020/1020/1020 1010/1010/1010
f 1020/1020/1020 1021/1021/1021 1010/1010/1010
f 1010/1010/1010 1021/1021/1021 1011/1011/1011
f 1021/1021/1021 1022/1022/1022 1011/1011/1011
f 1011/1011/1011 1022/1022/1022 1012/1012/1012
f 1022/1022/1022 1023/1023/1023 1012/1012/1012
f 1012/1012/1012 1023/1023/1023 1013/1013/1013
f 1023/1023/1023 1024/1024/1024 1013/1013/1013
f 1013/1013/1013 1024/1024/1024 1014/1014/1014
f 1024/1024/1024 1025/1025/1025 1014/1014/1014
f 1014/1014/1014 1025/1025/1025 1015/1015/1015
f 1025/1025/1025 1026/1026/1026 1015/1015/1015
f 1037/1037/1037 1038/1038/1038 1027/1027/1027
f 1038/1038/1038 1039/1039/1039 1028/1028/1028
f 1039/1039/1039 1040/1040/1040 1029/1029/1029
f 1040/1040/1040 1041/1041/1041 1030/1030/1030
f 1041/1041/1041 1042/1042/1042 1031/1031/1031
f 1042/1042/1042 1043/1043/1043 1032/1032/1032
f 1043/1043/1043 1044/1044/1044 1033/1033/1033
f 1044/1044/1044 1045/1045/1045 1034/1034/1034
f 1045/1045/1045 1046/1046/1046 1035/1035/1035
f 1046/1046/1046 1047/1047/1047 1036/1036/1036
f 1059/1059/1059 1058/1058/1058 1048/1048/1048
f 1060/1060/1060 1059/1059/1059 1049/1049/1049
f 1061/1061/1061 1060/1060/1060 1050/1050/1050
f 1062/1062/1062 1061/1061/1061 1051/1051/1051
f 1063/1063/1063 1062/1062/1062 1052/1052/1052
f 1064/1064/1064 1063/1063/1063 1053/1053/1053
f 1065/1065/1065 1064/1064/1064 1054/1054/1054
f 1066/1066/1066 1065/1065/1065 1055/1055/1055
f 1067/1067/1067 1066/1066/1066 1056/1056/1056
f 1068/1068/1068 1067/1067/1067 1057/1057/1057
o brake_stud_2_2
usemtl pedal_rubber
v -9.8 14.946553404097338 0.47480648528309455
v -9.435573148727418 15.063450448507785 0.4559417032945968
v -9.21034495830536 15.369490923418795 0.40655305649031004
v -9.21034495830536 15.747777725576594 0.345505336354837
v -9.435573148727418 16.053818200487605 0.2961166895505502
v -9.8 16.170715244898048 0.2772519075620525
v -10.164426851272584 16.053818200487605 0.2961166895505502
v -10.389655041694642 15.747777725576594 0.345505336354837
v -10.389655041694642 15.369490923418795 0.40655305649031004
v -10.164426851272584 15.063450448507785 0.4559417032945968
v -9.8 14.946553404097338 0.47480648528309455
v -9.8 14.866894300790216 -0.018807156404718917
v -9.435573148727418 14.983791345200661 -0.03767193839321664
v -9.21034495830536 15.289831820111672 -0.08706058519750343
v -9.21034495830536 15.668118622269471 -0.14810830533297648
v -9.435573148727418 15.97415909718048 -0.19749695213726326
v -9.8 16.091056141590926 -0.21636173412576098
v -10.164426851272584 15.97415909718048 -0.19749695213726326
v -10.389655041694642 15.668118622269471 -0.14810830533297648
v -10.389655041694642 15.289831820111672 -0.08706058519750343
v -10.164426851272584 14.983791345200661 -0.03767193839321664
v -9.8 14.866894300790216 -0.018807156404718917
v -9.8 15.558634324497694 0.3760291964225735
v -9.8 15.558634324497694 0.3760291964225735
v -9.8 15.558634324497694 0.3760291964225735
v -9.8 15.558634324497694 0.3760291964225735
v -9.8 15.558634324497694 0.3760291964225735
v -9.8 15.558634324497694 0.3760291964225735
v -9.8 15.558634324497694 0.3760291964225735
v -9.8 15.558634324497694 0.3760291964225735
v -9.8 15.558634324497694 0.3760291964225735
v -9.8 15.558634324497694 0.3760291964225735
v -9.8 14.946553404097338 0.47480648528309455
v -9.435573148727418 15.063450448507785 0.4559417032945968
v -9.21034495830536 15.369490923418795 0.40655305649031004
v -9.21034495830536 15.747777725576594 0.345505336354837
v -9.435573148727418 16.053818200487605 0.2961166895505502
v -9.8 16.170715244898048 0.2772519075620525
v -10.164426851272584 16.053818200487605 0.2961166895505502
v -10.389655041694642 15.747777725576594 0.345505336354837
v -10.389655041694642 15.369490923418795 0.40655305649031004
v -10.164426851272584 15.063450448507785 0.4559417032945968
v -9.8 14.946553404097338 0.47480648528309455
v -9.8 15.478975221190572 -0.11758444526523995
v -9.8 15.478975221190572 -0.11758444526523995
v -9.8 15.478975221190572 -0.11758444526523995
v -9.8 15.478975221190572 -0.11758444526523995
v -9.8 15.478975221190572 -0.11758444526523995
v -9.8 15.478975221190572 -0.11758444526523995
v -9.8 15.478975221190572 -0.11758444526523995
v -9.8 15.478975221190572 -0.11758444526523995
v -9.8 15.478975221190572 -0.11758444526523995
v -9.8 15.478975221190572 -0.11758444526523995
v -9.8 14.866894300790216 -0.018807156404718917
v -9.435573148727418 14.983791345200661 -0.03767193839321664
v -9.21034495830536 15.289831820111672 -0.08706058519750343
v -9.21034495830536 15.668118622269471 -0.14810830533297648
v -9.435573148727418 15.97415909718048 -0.19749695213726326
v -9.8 16.091056141590926 -0.21636173412576098
v -10.164426851272584 15.97415909718048 -0.19749695213726326
v -10.389655041694642 15.668118622269471 -0.14810830533297648
v -10.389655041694642 15.289831820111672 -0.08706058519750343
v -10.164426851272584 14.983791345200661 -0.03767193839321664
v -9.8 14.866894300790216 -0.018807156404718917
vt 0 1
vt 0.10000000149011612 1
vt 0.20000000298023224 1
vt 0.30000001192092896 1
vt 0.4000000059604645 1
vt 0.5 1
vt 0.6000000238418579 1
vt 0.699999988079071 1
vt 0.800000011920929 1
vt 0.8999999761581421 1
vt 1 1
vt 0 0
vt 0.10000000149011612 0
vt 0.20000000298023224 0
vt 0.30000001192092896 0
vt 0.4000000059604645 0
vt 0.5 0
vt 0.6000000238418579 0
vt 0.699999988079071 0
vt 0.800000011920929 0
vt 0.8999999761581421 0
vt 1 0
vt 0.5 0.5
vt 0.5 0.5
vt 0.5 0.5
vt 0.5 0.5
vt 0.5 0.5
vt 0.5 0.5
vt 0.5 0.5
vt 0.5 0.5
vt 0.5 0.5
vt 0.5 0.5
vt 1 0.5
vt 0.9045084714889526 0.7938926219940186
vt 0.6545084714889526 0.9755282402038574
vt 0.345491498708725 0.9755282402038574
vt 0.09549150615930557 0.7938926219940186
vt 0 0.5
vt 0.09549150615930557 0.20610737800598145
vt 0.345491498708725 0.024471741169691086
vt 0.6545084714889526 0.024471741169691086
vt 0.9045084714889526 0.20610737800598145
vt 1 0.5
vt 0.5 0.5
vt 0.5 0.5
vt 0.5 0.5
vt 0.5 0.5
vt 0.5 0.5
vt 0.5 0.5
vt 0.5 0.5
vt 0.5 0.5
vt 0.5 0.5
vt 0.5 0.5
vt 1 0.5
vt 0.9045084714889526 0.20610737800598145
vt 0.6545084714889526 0.024471741169691086
vt 0.345491498708725 0.024471741169691086
vt 0.09549150615930557 0.20610737800598145
vt 0 0.5
vt 0.09549150615930557 0.7938926219940186
vt 0.345491498708725 0.9755282402038574
vt 0.6545084714889526 0.9755282402038574
vt 0.9045084714889526 0.7938926219940186
vt 1 0.5
vn 0 -0.9872272833756269 0.1593182066142462
vn 0.5877852429542022 -0.7986836562594867 0.12889113774518274
vn 0.9510565161477913 -0.30507000832142217 0.049232033429397505
vn 0.9510565161477913 0.30507000832142217 -0.049232033429397505
vn 0.5877852429542022 0.7986836562594867 -0.12889113774518274
vn 1.2246468525851679e-16 0.9872272833756269 -0.1593182066142462
vn -0.5877852429542022 0.7986836562594867 -0.12889113774518274
vn -0.9510565161477913 0.30507000832142217 -0.049232033429397505
vn -0.9510565161477913 -0.30507000832142217 0.049232033429397505
vn -0.5877852429542022 -0.7986836562594867 0.12889113774518274
vn -2.4492937051703357e-16 -0.9872272833756269 0.1593182066142462
vn 0 -0.9872272833756269 0.1593182066142462
vn 0.5877852429542022 -0.7986836562594867 0.12889113774518274
vn 0.9510565161477913 -0.30507000832142217 0.049232033429397505
vn 0.9510565161477913 0.30507000832142217 -0.049232033429397505
vn 0.5877852429542022 0.7986836562594867 -0.12889113774518274
vn 1.2246468525851679e-16 0.9872272833756269 -0.1593182066142462
vn -0.5877852429542022 0.7986836562594867 -0.12889113774518274
vn -0.9510565161477913 0.30507000832142217 -0.049232033429397505
vn -0.9510565161477913 -0.30507000832142217 0.049232033429397505
vn -0.5877852429542022 -0.7986836562594867 0.12889113774518274
vn -2.4492937051703357e-16 -0.9872272833756269 0.1593182066142462
vn 0 0.1593182066142462 0.9872272833756269
vn 0 0.1593182066142462 0.9872272833756269
vn 0 0.1593182066142462 0.9872272833756269
vn 0 0.1593182066142462 0.9872272833756269
vn 0 0.1593182066142462 0.9872272833756269
vn 0 0.1593182066142462 0.9872272833756269
vn 0 0.1593182066142462 0.9872272833756269
vn 0 0.1593182066142462 0.9872272833756269
vn 0 0.1593182066142462 0.9872272833756269
vn 0 0.1593182066142462 0.9872272833756269
vn 0 0.1593182066142462 0.9872272833756269
vn 0 0.1593182066142462 0.9872272833756269
vn 0 0.1593182066142462 0.9872272833756269
vn 0 0.1593182066142462 0.9872272833756269
vn 0 0.1593182066142462 0.9872272833756269
vn 0 0.1593182066142462 0.9872272833756269
vn 0 0.1593182066142462 0.9872272833756269
vn 0 0.1593182066142462 0.9872272833756269
vn 0 0.1593182066142462 0.9872272833756269
vn 0 0.1593182066142462 0.9872272833756269
vn 0 0.1593182066142462 0.9872272833756269
vn 0 -0.1593182066142462 -0.9872272833756269
vn 0 -0.1593182066142462 -0.9872272833756269
vn 0 -0.1593182066142462 -0.9872272833756269
vn 0 -0.1593182066142462 -0.9872272833756269
vn 0 -0.1593182066142462 -0.9872272833756269
vn 0 -0.1593182066142462 -0.9872272833756269
vn 0 -0.1593182066142462 -0.9872272833756269
vn 0 -0.1593182066142462 -0.9872272833756269
vn 0 -0.1593182066142462 -0.9872272833756269
vn 0 -0.1593182066142462 -0.9872272833756269
vn 0 -0.1593182066142462 -0.9872272833756269
vn 0 -0.1593182066142462 -0.9872272833756269
vn 0 -0.1593182066142462 -0.9872272833756269
vn 0 -0.1593182066142462 -0.9872272833756269
vn 0 -0.1593182066142462 -0.9872272833756269
vn 0 -0.1593182066142462 -0.9872272833756269
vn 0 -0.1593182066142462 -0.9872272833756269
vn 0 -0.1593182066142462 -0.9872272833756269
vn 0 -0.1593182066142462 -0.9872272833756269
vn 0 -0.1593182066142462 -0.9872272833756269
vn 0 -0.1593182066142462 -0.9872272833756269
f 1069/1069/1069 1080/1080/1080 1070/1070/1070
f 1080/1080/1080 1081/1081/1081 1070/1070/1070
f 1070/1070/1070 1081/1081/1081 1071/1071/1071
f 1081/1081/1081 1082/1082/1082 1071/1071/1071
f 1071/1071/1071 1082/1082/1082 1072/1072/1072
f 1082/1082/1082 1083/1083/1083 1072/1072/1072
f 1072/1072/1072 1083/1083/1083 1073/1073/1073
f 1083/1083/1083 1084/1084/1084 1073/1073/1073
f 1073/1073/1073 1084/1084/1084 1074/1074/1074
f 1084/1084/1084 1085/1085/1085 1074/1074/1074
f 1074/1074/1074 1085/1085/1085 1075/1075/1075
f 1085/1085/1085 1086/1086/1086 1075/1075/1075
f 1075/1075/1075 1086/1086/1086 1076/1076/1076
f 1086/1086/1086 1087/1087/1087 1076/1076/1076
f 1076/1076/1076 1087/1087/1087 1077/1077/1077
f 1087/1087/1087 1088/1088/1088 1077/1077/1077
f 1077/1077/1077 1088/1088/1088 1078/1078/1078
f 1088/1088/1088 1089/1089/1089 1078/1078/1078
f 1078/1078/1078 1089/1089/1089 1079/1079/1079
f 1089/1089/1089 1090/1090/1090 1079/1079/1079
f 1101/1101/1101 1102/1102/1102 1091/1091/1091
f 1102/1102/1102 1103/1103/1103 1092/1092/1092
f 1103/1103/1103 1104/1104/1104 1093/1093/1093
f 1104/1104/1104 1105/1105/1105 1094/1094/1094
f 1105/1105/1105 1106/1106/1106 1095/1095/1095
f 1106/1106/1106 1107/1107/1107 1096/1096/1096
f 1107/1107/1107 1108/1108/1108 1097/1097/1097
f 1108/1108/1108 1109/1109/1109 1098/1098/1098
f 1109/1109/1109 1110/1110/1110 1099/1099/1099
f 1110/1110/1110 1111/1111/1111 1100/1100/1100
f 1123/1123/1123 1122/1122/1122 1112/1112/1112
f 1124/1124/1124 1123/1123/1123 1113/1113/1113
f 1125/1125/1125 1124/1124/1124 1114/1114/1114
f 1126/1126/1126 1125/1125/1125 1115/1115/1115
f 1127/1127/1127 1126/1126/1126 1116/1116/1116
f 1128/1128/1128 1127/1127/1127 1117/1117/1117
f 1129/1129/1129 1128/1128/1128 1118/1118/1118
f 1130/1130/1130 1129/1129/1129 1119/1119/1119
f 1131/1131/1131 1130/1130/1130 1120/1120/1120
f 1132/1132/1132 1131/1131/1131 1121/1121/1121
o brake_stud_2_3
usemtl pedal_rubber
v -9.8 17.31589888419884 0.09244278940890405
v -9.435573148727418 17.432795928609288 0.07357800742040632
v -9.21034495830536 17.7388364035203 0.024189360616119537
v -9.21034495830536 18.117123205678098 -0.03685835951935351
v -9.435573148727418 18.423163680589106 -0.0862470063236403
v -9.8 18.540060724999552 -0.10511178831213802
v -10.164426851272584 18.423163680589106 -0.0862470063236403
v -10.389655041694642 18.117123205678098 -0.03685835951935351
v -10.389655041694642 17.7388364035203 0.024189360616119537
v -10.164426851272584 17.432795928609288 0.07357800742040632
v -9.8 17.31589888419884 0.09244278940890405
v -9.8 17.23623978089172 -0.4011708522789094
v -9.435573148727418 17.353136825302165 -0.42003563426740714
v -9.21034495830536 17.659177300213173 -0.4694242810716939
v -9.21034495830536 18.037464102370972 -0.530472001207167
v -9.435573148727418 18.343504577281983 -0.5798606480114538
v -9.8 18.46040162169243 -0.5987254299999515
v -10.164426851272584 18.343504577281983 -0.5798606480114538
v -10.389655041694642 18.037464102370972 -0.530472001207167
v -10.389655041694642 17.659177300213173 -0.4694242810716939
v -10.164426851272584 17.353136825302165 -0.42003563426740714
v -9.8 17.23623978089172 -0.4011708522789094
v -9.8 17.927979804599197 -0.006334499451616987
v -9.8 17.927979804599197 -0.006334499451616987
v -9.8 17.927979804599197 -0.006334499451616987
v -9.8 17.927979804599197 -0.006334499451616987
v -9.8 17.927979804599197 -0.006334499451616987
v -9.8 17.927979804599197 -0.006334499451616987
v -9.8 17.927979804599197 -0.006334499451616987
v -9.8 17.927979804599197 -0.006334499451616987
v -9.8 17.927979804599197 -0.006334499451616987
v -9.8 17.927979804599197 -0.006334499451616987
v -9.8 17.31589888419884 0.09244278940890405
v -9.435573148727418 17.432795928609288 0.07357800742040632
v -9.21034495830536 17.7388364035203 0.024189360616119537
v -9.21034495830536 18.117123205678098 -0.03685835951935351
v -9.435573148727418 18.423163680589106 -0.0862470063236403
v -9.8 18.540060724999552 -0.10511178831213802
v -10.164426851272584 18.423163680589106 -0.0862470063236403
v -10.389655041694642 18.117123205678098 -0.03685835951935351
v -10.389655041694642 17.7388364035203 0.024189360616119537
v -10.164426851272584 17.432795928609288 0.07357800742040632
v -9.8 17.31589888419884 0.09244278940890405
v -9.8 17.848320701292074 -0.4999481411394304
v -9.8 17.848320701292074 -0.4999481411394304
v -9.8 17.848320701292074 -0.4999481411394304
v -9.8 17.848320701292074 -0.4999481411394304
v -9.8 17.848320701292074 -0.4999481411394304
v -9.8 17.848320701292074 -0.4999481411394304
v -9.8 17.848320701292074 -0.4999481411394304
v -9.8 17.848320701292074 -0.4999481411394304
v -9.8 17.848320701292074 -0.4999481411394304
v -9.8 17.848320701292074 -0.4999481411394304
v -9.8 17.23623978089172 -0.4011708522789094
v -9.435573148727418 17.353136825302165 -0.42003563426740714
v -9.21034495830536 17.659177300213173 -0.4694242810716939
v -9.21034495830536 18.037464102370972 -0.530472001207167
v -9.435573148727418 18.343504577281983 -0.5798606480114538
v -9.8 18.46040162169243 -0.5987254299999515
v -10.164426851272584 18.343504577281983 -0.5798606480114538
v -10.389655041694642 18.037464102370972 -0.530472001207167
v -10.389655041694642 17.659177300213173 -0.4694242810716939
v -10.164426851272584 17.353136825302165 -0.42003563426740714
v -9.8 17.23623978089172 -0.4011708522789094
vt 0 1
vt 0.10000000149011612 1
vt 0.20000000298023224 1
vt 0.30000001192092896 1
vt 0.4000000059604645 1
vt 0.5 1
vt 0.6000000238418579 1
vt 0.699999988079071 1
vt 0.800000011920929 1
vt 0.8999999761581421 1
vt 1 1
vt 0 0
vt 0.10000000149011612 0
vt 0.20000000298023224 0
vt 0.30000001192092896 0
vt 0.4000000059604645 0
vt 0.5 0
vt 0.6000000238418579 0
vt 0.699999988079071 0
vt 0.800000011920929 0
vt 0.8999999761581421 0
vt 1 0
vt 0.5 0.5
vt 0.5 0.5
vt 0.5 0.5
vt 0.5 0.5
vt 0.5 0.5
vt 0.5 0.5
vt 0.5 0.5
vt 0.5 0.5
vt 0.5 0.5
vt 0.5 0.5
vt 1 0.5
vt 0.9045084714889526 0.7938926219940186
vt 0.6545084714889526 0.9755282402038574
vt 0.345491498708725 0.9755282402038574
vt 0.09549150615930557 0.7938926219940186
vt 0 0.5
vt 0.09549150615930557 0.20610737800598145
vt 0.345491498708725 0.024471741169691086
vt 0.6545084714889526 0.024471741169691086
vt 0.9045084714889526 0.20610737800598145
vt 1 0.5
vt 0.5 0.5
vt 0.5 0.5
vt 0.5 0.5
vt 0.5 0.5
vt 0.5 0.5
vt 0.5 0.5
vt 0.5 0.5
vt 0.5 0.5
vt 0.5 0.5
vt 0.5 0.5
vt 1 0.5
vt 0.9045084714889526 0.20610737800598145
vt 0.6545084714889526 0.024471741169691086
vt 0.345491498708725 0.024471741169691086
vt 0.09549150615930557 0.20610737800598145
vt 0 0.5
vt 0.09549150615930557 0.7938926219940186
vt 0.345491498708725 0.9755282402038574
vt 0.6545084714889526 0.9755282402038574
vt 0.9045084714889526 0.7938926219940186
vt 1 0.5
vn 0 -0.9872272833756269 0.1593182066142462
vn 0.5877852429542022 -0.7986836562594867 0.12889113774518274
vn 0.9510565161477913 -0.30507000832142217 0.049232033429397505
vn 0.9510565161477913 0.30507000832142217 -0.049232033429397505
vn 0.5877852429542022 0.7986836562594867 -0.12889113774518274
vn 1.2246468525851679e-16 0.9872272833756269 -0.1593182066142462
vn -0.5877852429542022 0.7986836562594867 -0.12889113774518274
vn -0.9510565161477913 0.30507000832142217 -0.049232033429397505
vn -0.9510565161477913 -0.30507000832142217 0.049232033429397505
vn -0.5877852429542022 -0.7986836562594867 0.12889113774518274
vn -2.4492937051703357e-16 -0.9872272833756269 0.1593182066142462
vn 0 -0.9872272833756269 0.1593182066142462
vn 0.5877852429542022 -0.7986836562594867 0.12889113774518274
vn 0.9510565161477913 -0.30507000832142217 0.049232033429397505
vn 0.9510565161477913 0.30507000832142217 -0.049232033429397505
vn 0.5877852429542022 0.7986836562594867 -0.12889113774518274
vn 1.2246468525851679e-16 0.9872272833756269 -0.1593182066142462
vn -0.5877852429542022 0.7986836562594867 -0.12889113774518274
vn -0.9510565161477913 0.30507000832142217 -0.049232033429397505
vn -0.9510565161477913 -0.30507000832142217 0.049232033429397505
vn -0.5877852429542022 -0.7986836562594867 0.12889113774518274
vn -2.4492937051703357e-16 -0.9872272833756269 0.1593182066142462
vn 0 0.1593182066142462 0.9872272833756269
vn 0 0.1593182066142462 0.9872272833756269
vn 0 0.1593182066142462 0.9872272833756269
vn 0 0.1593182066142462 0.9872272833756269
vn 0 0.1593182066142462 0.9872272833756269
vn 0 0.1593182066142462 0.9872272833756269
vn 0 0.1593182066142462 0.9872272833756269
vn 0 0.1593182066142462 0.9872272833756269
vn 0 0.1593182066142462 0.9872272833756269
vn 0 0.1593182066142462 0.9872272833756269
vn 0 0.1593182066142462 0.9872272833756269
vn 0 0.1593182066142462 0.9872272833756269
vn 0 0.1593182066142462 0.9872272833756269
vn 0 0.1593182066142462 0.9872272833756269
vn 0 0.1593182066142462 0.9872272833756269
vn 0 0.1593182066142462 0.9872272833756269
vn 0 0.1593182066142462 0.9872272833756269
vn 0 0.1593182066142462 0.9872272833756269
vn 0 0.1593182066142462 0.9872272833756269
vn 0 0.1593182066142462 0.9872272833756269
vn 0 0.1593182066142462 0.9872272833756269
vn 0 -0.1593182066142462 -0.9872272833756269
vn 0 -0.1593182066142462 -0.9872272833756269
vn 0 -0.1593182066142462 -0.9872272833756269
vn 0 -0.1593182066142462 -0.9872272833756269
vn 0 -0.1593182066142462 -0.9872272833756269
vn 0 -0.1593182066142462 -0.9872272833756269
vn 0 -0.1593182066142462 -0.9872272833756269
vn 0 -0.1593182066142462 -0.9872272833756269
vn 0 -0.1593182066142462 -0.9872272833756269
vn 0 -0.1593182066142462 -0.9872272833756269
vn 0 -0.1593182066142462 -0.9872272833756269
vn 0 -0.1593182066142462 -0.9872272833756269
vn 0 -0.1593182066142462 -0.9872272833756269
vn 0 -0.1593182066142462 -0.9872272833756269
vn 0 -0.1593182066142462 -0.9872272833756269
vn 0 -0.1593182066142462 -0.9872272833756269
vn 0 -0.1593182066142462 -0.9872272833756269
vn 0 -0.1593182066142462 -0.9872272833756269
vn 0 -0.1593182066142462 -0.9872272833756269
vn 0 -0.1593182066142462 -0.9872272833756269
vn 0 -0.1593182066142462 -0.9872272833756269
f 1133/1133/1133 1144/1144/1144 1134/1134/1134
f 1144/1144/1144 1145/1145/1145 1134/1134/1134
f 1134/1134/1134 1145/1145/1145 1135/1135/1135
f 1145/1145/1145 1146/1146/1146 1135/1135/1135
f 1135/1135/1135 1146/1146/1146 1136/1136/1136
f 1146/1146/1146 1147/1147/1147 1136/1136/1136
f 1136/1136/1136 1147/1147/1147 1137/1137/1137
f 1147/1147/1147 1148/1148/1148 1137/1137/1137
f 1137/1137/1137 1148/1148/1148 1138/1138/1138
f 1148/1148/1148 1149/1149/1149 1138/1138/1138
f 1138/1138/1138 1149/1149/1149 1139/1139/1139
f 1149/1149/1149 1150/1150/1150 1139/1139/1139
f 1139/1139/1139 1150/1150/1150 1140/1140/1140
f 1150/1150/1150 1151/1151/1151 1140/1140/1140
f 1140/1140/1140 1151/1151/1151 1141/1141/1141
f 1151/1151/1151 1152/1152/1152 1141/1141/1141
f 1141/1141/1141 1152/1152/1152 1142/1142/1142
f 1152/1152/1152 1153/1153/1153 1142/1142/1142
f 1142/1142/1142 1153/1153/1153 1143/1143/1143
f 1153/1153/1153 1154/1154/1154 1143/1143/1143
f 1165/1165/1165 1166/1166/1166 1155/1155/1155
f 1166/1166/1166 1167/1167/1167 1156/1156/1156
f 1167/1167/1167 1168/1168/1168 1157/1157/1157
f 1168/1168/1168 1169/1169/1169 1158/1158/1158
f 1169/1169/1169 1170/1170/1170 1159/1159/1159
f 1170/1170/1170 1171/1171/1171 1160/1160/1160
f 1171/1171/1171 1172/1172/1172 1161/1161/1161
f 1172/1172/1172 1173/1173/1173 1162/1162/1162
f 1173/1173/1173 1174/1174/1174 1163/1163/1163
f 1174/1174/1174 1175/1175/1175 1164/1164/1164
f 1187/1187/1187 1186/1186/1186 1176/1176/1176
f 1188/1188/1188 1187/1187/1187 1177/1177/1177
f 1189/1189/1189 1188/1188/1188 1178/1178/1178
f 1190/1190/1190 1189/1189/1189 1179/1179/1179
f 1191/1191/1191 1190/1190/1190 1180/1180/1180
f 1192/1192/1192 1191/1191/1191 1181/1181/1181
f 1193/1193/1193 1192/1192/1192 1182/1182/1182
f 1194/1194/1194 1193/1193/1193 1183/1183/1183
f 1195/1195/1195 1194/1194/1194 1184/1184/1184
f 1196/1196/1196 1195/1195/1195 1185/1185/1185
o brake_stud_2_4
usemtl pedal_rubber
v -9.8 19.68524436430035 -0.28992090646528645
v -9.435573148727418 19.802141408710796 -0.3087856884537842
v -9.21034495830536 20.108181883621807 -0.35817433525807096
v -9.21034495830536 20.486468685779606 -0.419222055393544
v -9.435573148727418 20.792509160690614 -0.4686107021978308
v -9.8 20.90940620510106 -0.4874754841863285
v -10.164426851272584 20.792509160690614 -0.4686107021978308
v -10.389655041694642 20.486468685779606 -0.419222055393544
v -10.389655041694642 20.108181883621807 -0.35817433525807096
v -10.164426851272584 19.802141408710796 -0.3087856884537842
v -9.8 19.68524436430035 -0.28992090646528645
v -9.8 19.605585260993227 -0.7835345481531
v -9.435573148727418 19.722482305403673 -0.8023993301415977
v -9.21034495830536 20.02852278031468 -0.8517879769458845
v -9.21034495830536 20.40680958247248 -0.9128356970813575
v -9.435573148727418 20.71285005738349 -0.9622243438856443
v -9.8 20.829747101793938 -0.981089125874142
v -10.164426851272584 20.71285005738349 -0.9622243438856443
v -10.389655041694642 20.40680958247248 -0.9128356970813575
v -10.389655041694642 20.02852278031468 -0.8517879769458845
v -10.164426851272584 19.722482305403673 -0.8023993301415977
v -9.8 19.605585260993227 -0.7835345481531
v -9.8 20.297325284700705 -0.3886981953258075
v -9.8 20.297325284700705 -0.3886981953258075
v -9.8 20.297325284700705 -0.3886981953258075
v -9.8 20.297325284700705 -0.3886981953258075
v -9.8 20.297325284700705 -0.3886981953258075
v -9.8 20.297325284700705 -0.3886981953258075
v -9.8 20.297325284700705 -0.3886981953258075
v -9.8 20.297325284700705 -0.3886981953258075
v -9.8 20.297325284700705 -0.3886981953258075
v -9.8 20.297325284700705 -0.3886981953258075
v -9.8 19.68524436430035 -0.28992090646528645
v -9.435573148727418 19.802141408710796 -0.3087856884537842
v -9.21034495830536 20.108181883621807 -0.35817433525807096
v -9.21034495830536 20.486468685779606 -0.419222055393544
v -9.435573148727418 20.792509160690614 -0.4686107021978308
v -9.8 20.90940620510106 -0.4874754841863285
v -10.164426851272584 20.792509160690614 -0.4686107021978308
v -10.389655041694642 20.486468685779606 -0.419222055393544
v -10.389655041694642 20.108181883621807 -0.35817433525807096
v -10.164426851272584 19.802141408710796 -0.3087856884537842
v -9.8 19.68524436430035 -0.28992090646528645
v -9.8 20.217666181393582 -0.8823118370136209
v -9.8 20.217666181393582 -0.8823118370136209
v -9.8 20.217666181393582 -0.8823118370136209
v -9.8 20.217666181393582 -0.8823118370136209
v -9.8 20.217666181393582 -0.8823118370136209
v -9.8 20.217666181393582 -0.8823118370136209
v -9.8 20.217666181393582 -0.8823118370136209
v -9.8 20.217666181393582 -0.8823118370136209
v -9.8 20.217666181393582 -0.8823118370136209
v -9.8 20.217666181393582 -0.8823118370136209
v -9.8 19.605585260993227 -0.7835345481531
v -9.435573148727418 19.722482305403673 -0.8023993301415977
v -9.21034495830536 20.02852278031468 -0.8517879769458845
v -9.21034495830536 20.40680958247248 -0.9128356970813575
v -9.435573148727418 20.71285005738349 -0.9622243438856443
v -9.8 20.829747101793938 -0.981089125874142
v -10.164426851272584 20.71285005738349 -0.9622243438856443
v -10.389655041694642 20.40680958247248 -0.9128356970813575
v -10.389655041694642 20.02852278031468 -0.8517879769458845
v -10.164426851272584 19.722482305403673 -0.8023993301415977
v -9.8 19.605585260993227 -0.7835345481531
vt 0 1
vt 0.10000000149011612 1
vt 0.20000000298023224 1
vt 0.30000001192092896 1
vt 0.4000000059604645 1
vt 0.5 1
vt 0.6000000238418579 1
vt 0.699999988079071 1
vt 0.800000011920929 1
vt 0.8999999761581421 1
vt 1 1
vt 0 0
vt 0.10000000149011612 0
vt 0.20000000298023224 0
vt 0.30000001192092896 0
vt 0.4000000059604645 0
vt 0.5 0
vt 0.6000000238418579 0
vt 0.699999988079071 0
vt 0.800000011920929 0
vt 0.8999999761581421 0
vt 1 0
vt 0.5 0.5
vt 0.5 0.5
vt 0.5 0.5
vt 0.5 0.5
vt 0.5 0.5
vt 0.5 0.5
vt 0.5 0.5
vt 0.5 0.5
vt 0.5 0.5
vt 0.5 0.5
vt 1 0.5
vt 0.9045084714889526 0.7938926219940186
vt 0.6545084714889526 0.9755282402038574
vt 0.345491498708725 0.9755282402038574
vt 0.09549150615930557 0.7938926219940186
vt 0 0.5
vt 0.09549150615930557 0.20610737800598145
vt 0.345491498708725 0.024471741169691086
vt 0.6545084714889526 0.024471741169691086
vt 0.9045084714889526 0.20610737800598145
vt 1 0.5
vt 0.5 0.5
vt 0.5 0.5
vt 0.5 0.5
vt 0.5 0.5
vt 0.5 0.5
vt 0.5 0.5
vt 0.5 0.5
vt 0.5 0.5
vt 0.5 0.5
vt 0.5 0.5
vt 1 0.5
vt 0.9045084714889526 0.20610737800598145
vt 0.6545084714889526 0.024471741169691086
vt 0.345491498708725 0.024471741169691086
vt 0.09549150615930557 0.20610737800598145
vt 0 0.5
vt 0.09549150615930557 0.7938926219940186
vt 0.345491498708725 0.9755282402038574
vt 0.6545084714889526 0.9755282402038574
vt 0.9045084714889526 0.7938926219940186
vt 1 0.5
vn 0 -0.9872272833756269 0.1593182066142462
vn 0.5877852429542022 -0.7986836562594867 0.12889113774518274
vn 0.9510565161477913 -0.30507000832142217 0.049232033429397505
vn 0.9510565161477913 0.30507000832142217 -0.049232033429397505
vn 0.5877852429542022 0.7986836562594867 -0.12889113774518274
vn 1.2246468525851679e-16 0.9872272833756269 -0.1593182066142462
vn -0.5877852429542022 0.7986836562594867 -0.12889113774518274
vn -0.9510565161477913 0.30507000832142217 -0.049232033429397505
vn -0.9510565161477913 -0.30507000832142217 0.049232033429397505
vn -0.5877852429542022 -0.7986836562594867 0.12889113774518274
vn -2.4492937051703357e-16 -0.9872272833756269 0.1593182066142462
vn 0 -0.9872272833756269 0.1593182066142462
vn 0.5877852429542022 -0.7986836562594867 0.12889113774518274
vn 0.9510565161477913 -0.30507000832142217 0.049232033429397505
vn 0.9510565161477913 0.30507000832142217 -0.049232033429397505
vn 0.5877852429542022 0.7986836562594867 -0.12889113774518274
vn 1.2246468525851679e-16 0.9872272833756269 -0.1593182066142462
vn -0.5877852429542022 0.7986836562594867 -0.12889113774518274
vn -0.9510565161477913 0.30507000832142217 -0.049232033429397505
vn -0.9510565161477913 -0.30507000832142217 0.049232033429397505
vn -0.5877852429542022 -0.7986836562594867 0.12889113774518274
vn -2.4492937051703357e-16 -0.9872272833756269 0.1593182066142462
vn 0 0.1593182066142462 0.9872272833756269
vn 0 0.1593182066142462 0.9872272833756269
vn 0 0.1593182066142462 0.9872272833756269
vn 0 0.1593182066142462 0.9872272833756269
vn 0 0.1593182066142462 0.9872272833756269
vn 0 0.1593182066142462 0.9872272833756269
vn 0 0.1593182066142462 0.9872272833756269
vn 0 0.1593182066142462 0.9872272833756269
vn 0 0.1593182066142462 0.9872272833756269
vn 0 0.1593182066142462 0.9872272833756269
vn 0 0.1593182066142462 0.9872272833756269
vn 0 0.1593182066142462 0.9872272833756269
vn 0 0.1593182066142462 0.9872272833756269
vn 0 0.1593182066142462 0.9872272833756269
vn 0 0.1593182066142462 0.9872272833756269
vn 0 0.1593182066142462 0.9872272833756269
vn 0 0.1593182066142462 0.9872272833756269
vn 0 0.1593182066142462 0.9872272833756269
vn 0 0.1593182066142462 0.9872272833756269
vn 0 0.1593182066142462 0.9872272833756269
vn 0 0.1593182066142462 0.9872272833756269
vn 0 -0.1593182066142462 -0.9872272833756269
vn 0 -0.1593182066142462 -0.9872272833756269
vn 0 -0.1593182066142462 -0.9872272833756269
vn 0 -0.1593182066142462 -0.9872272833756269
vn 0 -0.1593182066142462 -0.9872272833756269
vn 0 -0.1593182066142462 -0.9872272833756269
vn 0 -0.1593182066142462 -0.9872272833756269
vn 0 -0.1593182066142462 -0.9872272833756269
vn 0 -0.1593182066142462 -0.9872272833756269
vn 0 -0.1593182066142462 -0.9872272833756269
vn 0 -0.1593182066142462 -0.9872272833756269
vn 0 -0.1593182066142462 -0.9872272833756269
vn 0 -0.1593182066142462 -0.9872272833756269
vn 0 -0.1593182066142462 -0.9872272833756269
vn 0 -0.1593182066142462 -0.9872272833756269
vn 0 -0.1593182066142462 -0.9872272833756269
vn 0 -0.1593182066142462 -0.9872272833756269
vn 0 -0.1593182066142462 -0.9872272833756269
vn 0 -0.1593182066142462 -0.9872272833756269
vn 0 -0.1593182066142462 -0.9872272833756269
vn 0 -0.1593182066142462 -0.9872272833756269
f 1197/1197/1197 1208/1208/1208 1198/1198/1198
f 1208/1208/1208 1209/1209/1209 1198/1198/1198
f 1198/1198/1198 1209/1209/1209 1199/1199/1199
f 1209/1209/1209 1210/1210/1210 1199/1199/1199
f 1199/1199/1199 1210/1210/1210 1200/1200/1200
f 1210/1210/1210 1211/1211/1211 1200/1200/1200
f 1200/1200/1200 1211/1211/1211 1201/1201/1201
f 1211/1211/1211 1212/1212/1212 1201/1201/1201
f 1201/1201/1201 1212/1212/1212 1202/1202/1202
f 1212/1212/1212 1213/1213/1213 1202/1202/1202
f 1202/1202/1202 1213/1213/1213 1203/1203/1203
f 1213/1213/1213 1214/1214/1214 1203/1203/1203
f 1203/1203/1203 1214/1214/1214 1204/1204/1204
f 1214/1214/1214 1215/1215/1215 1204/1204/1204
f 1204/1204/1204 1215/1215/1215 1205/1205/1205
f 1215/1215/1215 1216/1216/1216 1205/1205/1205
f 1205/1205/1205 1216/1216/1216 1206/1206/1206
f 1216/1216/1216 1217/1217/1217 1206/1206/1206
f 1206/1206/1206 1217/1217/1217 1207/1207/1207
f 1217/1217/1217 1218/1218/1218 1207/1207/1207
f 1229/1229/1229 1230/1230/1230 1219/1219/1219
f 1230/1230/1230 1231/1231/1231 1220/1220/1220
f 1231/1231/1231 1232/1232/1232 1221/1221/1221
f 1232/1232/1232 1233/1233/1233 1222/1222/1222
f 1233/1233/1233 1234/1234/1234 1223/1223/1223
f 1234/1234/1234 1235/1235/1235 1224/1224/1224
f 1235/1235/1235 1236/1236/1236 1225/1225/1225
f 1236/1236/1236 1237/1237/1237 1226/1226/1226
f 1237/1237/1237 1238/1238/1238 1227/1227/1227
f 1238/1238/1238 1239/1239/1239 1228/1228/1228
f 1251/1251/1251 1250/1250/1250 1240/1240/1240
f 1252/1252/1252 1251/1251/1251 1241/1241/1241
f 1253/1253/1253 1252/1252/1252 1242/1242/1242
f 1254/1254/1254 1253/1253/1253 1243/1243/1243
f 1255/1255/1255 1254/1254/1254 1244/1244/1244
f 1256/1256/1256 1255/1255/1255 1245/1245/1245
f 1257/1257/1257 1256/1256/1256 1246/1246/1246
f 1258/1258/1258 1257/1257/1257 1247/1247/1247
f 1259/1259/1259 1258/1258/1258 1248/1248/1248
f 1260/1260/1260 1259/1259/1259 1249/1249/1249
o brake_stud_2_5
usemtl pedal_rubber
v -9.8 22.054589844401853 -0.6722846023394765
v -9.435573148727418 22.1714868888123 -0.6911493843279742
v -9.21034495830536 22.47752736372331 -0.740538031132261
v -9.21034495830536 22.85581416588111 -0.801585751267734
v -9.435573148727418 23.161854640792118 -0.8509743980720208
v -9.8 23.278751685202565 -0.8698391800605185
v -10.164426851272584 23.161854640792118 -0.8509743980720208
v -10.389655041694642 22.85581416588111 -0.801585751267734
v -10.389655041694642 22.47752736372331 -0.740538031132261
v -10.164426851272584 22.1714868888123 -0.6911493843279742
v -9.8 22.054589844401853 -0.6722846023394765
v -9.8 21.97493074109473 -1.16589824402729
v -9.435573148727418 22.091827785505178 -1.1847630260157878
v -9.21034495830536 22.397868260416185 -1.2341516728200745
v -9.21034495830536 22.776155062573984 -1.2951993929555474
v -9.435573148727418 23.082195537484996 -1.3445880397598344
v -9.8 23.199092581895442 -1.3634528217483322
v -10.164426851272584 23.082195537484996 -1.3445880397598344
v -10.389655041694642 22.776155062573984 -1.2951993929555474
v -10.389655041694642 22.397868260416185 -1.2341516728200745
v -10.164426851272584 22.091827785505178 -1.1847630260157878
v -9.8 21.97493074109473 -1.16589824402729
v -9.8 22.66667076480221 -0.7710618911999976
v -9.8 22.66667076480221 -0.7710618911999976
v -9.8 22.66667076480221 -0.7710618911999976
v -9.8 22.66667076480221 -0.7710618911999976
v -9.8 22.66667076480221 -0.7710618911999976
v -9.8 22.66667076480221 -0.7710618911999976
v -9.8 22.66667076480221 -0.7710618911999976
v -9.8 22.66667076480221 -0.7710618911999976
v -9.8 22.66667076480221 -0.7710618911999976
v -9.8 22.66667076480221 -0.7710618911999976
v -9.8 22.054589844401853 -0.6722846023394765
v -9.435573148727418 22.1714868888123 -0.6911493843279742
v -9.21034495830536 22.47752736372331 -0.740538031132261
v -9.21034495830536 22.85581416588111 -0.801585751267734
v -9.435573148727418 23.161854640792118 -0.8509743980720208
v -9.8 23.278751685202565 -0.8698391800605185
v -10.164426851272584 23.161854640792118 -0.8509743980720208
v -10.389655041694642 22.85581416588111 -0.801585751267734
v -10.389655041694642 22.47752736372331 -0.740538031132261
v -10.164426851272584 22.1714868888123 -0.6911493843279742
v -9.8 22.054589844401853 -0.6722846023394765
v -9.8 22.587011661495087 -1.264675532887811
v -9.8 22.587011661495087 -1.264675532887811
v -9.8 22.587011661495087 -1.264675532887811
v -9.8 22.587011661495087 -1.264675532887811
v -9.8 22.587011661495087 -1.264675532887811
v -9.8 22.587011661495087 -1.264675532887811
v -9.8 22.587011661495087 -1.264675532887811
v -9.8 22.587011661495087 -1.264675532887811
v -9.8 22.587011661495087 -1.264675532887811
v -9.8 22.587011661495087 -1.264675532887811
v -9.8 21.97493074109473 -1.16589824402729
v -9.435573148727418 22.091827785505178 -1.1847630260157878
v -9.21034495830536 22.397868260416185 -1.2341516728200745
v -9.21034495830536 22.776155062573984 -1.2951993929555474
v -9.435573148727418 23.082195537484996 -1.3445880397598344
v -9.8 23.199092581895442 -1.3634528217483322
v -10.164426851272584 23.082195537484996 -1.3445880397598344
v -10.389655041694642 22.776155062573984 -1.2951993929555474
v -10.389655041694642 22.397868260416185 -1.2341516728200745
v -10.164426851272584 22.091827785505178 -1.1847630260157878
v -9.8 21.97493074109473 -1.16589824402729
vt 0 1
vt 0.10000000149011612 1
vt 0.20000000298023224 1
vt 0.30000001192092896 1
vt 0.4000000059604645 1
vt 0.5 1
vt 0.6000000238418579 1
vt 0.699999988079071 1
vt 0.800000011920929 1
vt 0.8999999761581421 1
vt 1 1
vt 0 0
vt 0.10000000149011612 0
vt 0.20000000298023224 0
vt 0.30000001192092896 0
vt 0.4000000059604645 0
vt 0.5 0
vt 0.6000000238418579 0
vt 0.699999988079071 0
vt 0.800000011920929 0
vt 0.8999999761581421 0
vt 1 0
vt 0.5 0.5
vt 0.5 0.5
vt 0.5 0.5
vt 0.5 0.5
vt 0.5 0.5
vt 0.5 0.5
vt 0.5 0.5
vt 0.5 0.5
vt 0.5 0.5
vt 0.5 0.5
vt 1 0.5
vt 0.9045084714889526 0.7938926219940186
vt 0.6545084714889526 0.9755282402038574
vt 0.345491498708725 0.9755282402038574
vt 0.09549150615930557 0.7938926219940186
vt 0 0.5
vt 0.09549150615930557 0.20610737800598145
vt 0.345491498708725 0.024471741169691086
vt 0.6545084714889526 0.024471741169691086
vt 0.9045084714889526 0.20610737800598145
vt 1 0.5
vt 0.5 0.5
vt 0.5 0.5
vt 0.5 0.5
vt 0.5 0.5
vt 0.5 0.5
vt 0.5 0.5
vt 0.5 0.5
vt 0.5 0.5
vt 0.5 0.5
vt 0.5 0.5
vt 1 0.5
vt 0.9045084714889526 0.20610737800598145
vt 0.6545084714889526 0.024471741169691086
vt 0.345491498708725 0.024471741169691086
vt 0.09549150615930557 0.20610737800598145
vt 0 0.5
vt 0.09549150615930557 0.7938926219940186
vt 0.345491498708725 0.9755282402038574
vt 0.6545084714889526 0.9755282402038574
vt 0.9045084714889526 0.7938926219940186
vt 1 0.5
vn 0 -0.9872272833756269 0.1593182066142462
vn 0.5877852429542022 -0.7986836562594867 0.12889113774518274
vn 0.9510565161477913 -0.30507000832142217 0.049232033429397505
vn 0.9510565161477913 0.30507000832142217 -0.049232033429397505
vn 0.5877852429542022 0.7986836562594867 -0.12889113774518274
vn 1.2246468525851679e-16 0.9872272833756269 -0.1593182066142462
vn -0.5877852429542022 0.7986836562594867 -0.12889113774518274
vn -0.9510565161477913 0.30507000832142217 -0.049232033429397505
vn -0.9510565161477913 -0.30507000832142217 0.049232033429397505
vn -0.5877852429542022 -0.7986836562594867 0.12889113774518274
vn -2.4492937051703357e-16 -0.9872272833756269 0.1593182066142462
vn 0 -0.9872272833756269 0.1593182066142462
vn 0.5877852429542022 -0.7986836562594867 0.12889113774518274
vn 0.9510565161477913 -0.30507000832142217 0.049232033429397505
vn 0.9510565161477913 0.30507000832142217 -0.049232033429397505
vn 0.5877852429542022 0.7986836562594867 -0.12889113774518274
vn 1.2246468525851679e-16 0.9872272833756269 -0.1593182066142462
vn -0.5877852429542022 0.7986836562594867 -0.12889113774518274
vn -0.9510565161477913 0.30507000832142217 -0.049232033429397505
vn -0.9510565161477913 -0.30507000832142217 0.049232033429397505
vn -0.5877852429542022 -0.7986836562594867 0.12889113774518274
vn -2.4492937051703357e-16 -0.9872272833756269 0.1593182066142462
vn 0 0.1593182066142462 0.9872272833756269
vn 0 0.1593182066142462 0.9872272833756269
vn 0 0.1593182066142462 0.9872272833756269
vn 0 0.1593182066142462 0.9872272833756269
vn 0 0.1593182066142462 0.9872272833756269
vn 0 0.1593182066142462 0.9872272833756269
vn 0 0.1593182066142462 0.9872272833756269
vn 0 0.1593182066142462 0.9872272833756269
vn 0 0.1593182066142462 0.9872272833756269
vn 0 0.1593182066142462 0.9872272833756269
vn 0 0.1593182066142462 0.9872272833756269
vn 0 0.1593182066142462 0.9872272833756269
vn 0 0.1593182066142462 0.9872272833756269
vn 0 0.1593182066142462 0.9872272833756269
vn 0 0.1593182066142462 0.9872272833756269
vn 0 0.1593182066142462 0.9872272833756269
vn 0 0.1593182066142462 0.9872272833756269
vn 0 0.1593182066142462 0.9872272833756269
vn 0 0.1593182066142462 0.9872272833756269
vn 0 0.1593182066142462 0.9872272833756269
vn 0 0.1593182066142462 0.9872272833756269
vn 0 -0.1593182066142462 -0.9872272833756269
vn 0 -0.1593182066142462 -0.9872272833756269
vn 0 -0.1593182066142462 -0.9872272833756269
vn 0 -0.1593182066142462 -0.9872272833756269
vn 0 -0.1593182066142462 -0.9872272833756269
vn 0 -0.1593182066142462 -0.9872272833756269
vn 0 -0.1593182066142462 -0.9872272833756269
vn 0 -0.1593182066142462 -0.9872272833756269
vn 0 -0.1593182066142462 -0.9872272833756269
vn 0 -0.1593182066142462 -0.9872272833756269
vn 0 -0.1593182066142462 -0.9872272833756269
vn 0 -0.1593182066142462 -0.9872272833756269
vn 0 -0.1593182066142462 -0.9872272833756269
vn 0 -0.1593182066142462 -0.9872272833756269
vn 0 -0.1593182066142462 -0.9872272833756269
vn 0 -0.1593182066142462 -0.9872272833756269
vn 0 -0.1593182066142462 -0.9872272833756269
vn 0 -0.1593182066142462 -0.9872272833756269
vn 0 -0.1593182066142462 -0.9872272833756269
vn 0 -0.1593182066142462 -0.9872272833756269
vn 0 -0.1593182066142462 -0.9872272833756269
f 1261/1261/1261 1272/1272/1272 1262/1262/1262
f 1272/1272/1272 1273/1273/1273 1262/1262/1262
f 1262/1262/1262 1273/1273/1273 1263/1263/1263
f 1273/1273/1273 1274/1274/1274 1263/1263/1263
f 1263/1263/1263 1274/1274/1274 1264/1264/1264
f 1274/1274/1274 1275/1275/1275 1264/1264/1264
f 1264/1264/1264 1275/1275/1275 1265/1265/1265
f 1275/1275/1275 1276/1276/1276 1265/1265/1265
f 1265/1265/1265 1276/1276/1276 1266/1266/1266
f 1276/1276/1276 1277/1277/1277 1266/1266/1266
f 1266/1266/1266 1277/1277/1277 1267/1267/1267
f 1277/1277/1277 1278/1278/1278 1267/1267/1267
f 1267/1267/1267 1278/1278/1278 1268/1268/1268
f 1278/1278/1278 1279/1279/1279 1268/1268/1268
f 1268/1268/1268 1279/1279/1279 1269/1269/1269
f 1279/1279/1279 1280/1280/1280 1269/1269/1269
f 1269/1269/1269 1280/1280/1280 1270/1270/1270
f 1280/1280/1280 1281/1281/1281 1270/1270/1270
f 1270/1270/1270 1281/1281/1281 1271/1271/1271
f 1281/1281/1281 1282/1282/1282 1271/1271/1271
f 1293/1293/1293 1294/1294/1294 1283/1283/1283
f 1294/1294/1294 1295/1295/1295 1284/1284/1284
f 1295/1295/1295 1296/1296/1296 1285/1285/1285
f 1296/1296/1296 1297/1297/1297 1286/1286/1286
f 1297/1297/1297 1298/1298/1298 1287/1287/1287
f 1298/1298/1298 1299/1299/1299 1288/1288/1288
f 1299/1299/1299 1300/1300/1300 1289/1289/1289
f 1300/1300/1300 1301/1301/1301 1290/1290/1290
f 1301/1301/1301 1302/1302/1302 1291/1291/1291
f 1302/1302/1302 1303/1303/1303 1292/1292/1292
f 1315/1315/1315 1314/1314/1314 1304/1304/1304
f 1316/1316/1316 1315/1315/1315 1305/1305/1305
f 1317/1317/1317 1316/1316/1316 1306/1306/1306
f 1318/1318/1318 1317/1317/1317 1307/1307/1307
f 1319/1319/1319 1318/1318/1318 1308/1308/1308
f 1320/1320/1320 1319/1319/1319 1309/1309/1309
f 1321/1321/1321 1320/1320/1320 1310/1310/1310
f 1322/1322/1322 1321/1321/1321 1311/1311/1311
f 1323/1323/1323 1322/1322/1322 1312/1312/1312
f 1324/1324/1324 1323/1323/1323 1313/1313/1313
o brake_stud_3_0
usemtl pedal_rubber
v -7.4 10.207862443894328 1.2395338770314752
v -7.035573148727417 10.324759488304775 1.2206690950429775
v -6.810344958305359 10.630799963215784 1.1712804482386905
v -6.810344958305359 11.009086765373583 1.1102327281032176
v -7.035573148727417 11.315127240284594 1.0608440812989308
v -7.4 11.43202428469504 1.041979299310433
v -7.764426851272583 11.315127240284594 1.0608440812989308
v -7.9896550416946415 11.009086765373583 1.1102327281032176
v -7.9896550416946415 10.630799963215784 1.1712804482386905
v -7.764426851272583 10.324759488304775 1.2206690950429775
v -7.4 10.207862443894328 1.2395338770314752
v -7.4 10.128203340587206 0.7459202353436616
v -7.035573148727417 10.24510038499765 0.7270554533551639
v -6.810344958305359 10.551140859908662 0.6776668065508771
v -6.810344958305359 10.92942766206646 0.6166190864154041
v -7.035573148727417 11.23546813697747 0.5672304396111173
v -7.4 11.352365181387917 0.5483656576226196
v -7.764426851272583 11.23546813697747 0.5672304396111173
v -7.9896550416946415 10.92942766206646 0.6166190864154041
v -7.9896550416946415 10.551140859908662 0.6776668065508771
v -7.764426851272583 10.24510038499765 0.7270554533551639
v -7.4 10.128203340587206 0.7459202353436616
v -7.4 10.819943364294684 1.140756588170954
v -7.4 10.819943364294684 1.140756588170954
v -7.4 10.819943364294684 1.140756588170954
v -7.4 10.819943364294684 1.140756588170954
v -7.4 10.819943364294684 1.140756588170954
v -7.4 10.819943364294684 1.140756588170954
v -7.4 10.819943364294684 1.140756588170954
v -7.4 10.819943364294684 1.140756588170954
v -7.4 10.819943364294684 1.140756588170954
v -7.4 10.819943364294684 1.140756588170954
v -7.4 10.207862443894328 1.2395338770314752
v -7.035573148727417 10.324759488304775 1.2206690950429775
v -6.810344958305359 10.630799963215784 1.1712804482386905
v -6.810344958305359 11.009086765373583 1.1102327281032176
v -7.035573148727417 11.315127240284594 1.0608440812989308
v -7.4 11.43202428469504 1.041979299310433
v -7.764426851272583 11.315127240284594 1.0608440812989308
v -7.9896550416946415 11.009086765373583 1.1102327281032176
v -7.9896550416946415 10.630799963215784 1.1712804482386905
v -7.764426851272583 10.324759488304775 1.2206690950429775
v -7.4 10.207862443894328 1.2395338770314752
v -7.4 10.740284260987561 0.6471429464831406
v -7.4 10.740284260987561 0.6471429464831406
v -7.4 10.740284260987561 0.6471429464831406
v -7.4 10.740284260987561 0.6471429464831406
v -7.4 10.740284260987561 0.6471429464831406
v -7.4 10.740284260987561 0.6471429464831406
v -7.4 10.740284260987561 0.6471429464831406
v -7.4 10.740284260987561 0.6471429464831406
v -7.4 10.740284260987561 0.6471429464831406
v -7.4 10.740284260987561 0.6471429464831406
v -7.4 10.128203340587206 0.7459202353436616
v -7.035573148727417 10.24510038499765 0.7270554533551639
v -6.810344958305359 10.551140859908662 0.6776668065508771
v -6.810344958305359 10.92942766206646 0.6166190864154041
v -7.035573148727417 11.23546813697747 0.5672304396111173
v -7.4 11.352365181387917 0.5483656576226196
v -7.764426851272583 11.23546813697747 0.5672304396111173
v -7.9896550416946415 10.92942766206646 0.6166190864154041
v -7.9896550416946415 10.551140859908662 0.6776668065508771
v -7.764426851272583 10.24510038499765 0.7270554533551639
v -7.4 10.128203340587206 0.7459202353436616
vt 0 1
vt 0.10000000149011612 1
vt 0.20000000298023224 1
vt 0.30000001192092896 1
vt 0.4000000059604645 1
vt 0.5 1
vt 0.6000000238418579 1
vt 0.699999988079071 1
vt 0.800000011920929 1
vt 0.8999999761581421 1
vt 1 1
vt 0 0
vt 0.10000000149011612 0
vt 0.20000000298023224 0
vt 0.30000001192092896 0
vt 0.4000000059604645 0
vt 0.5 0
vt 0.6000000238418579 0
vt 0.699999988079071 0
vt 0.800000011920929 0
vt 0.8999999761581421 0
vt 1 0
vt 0.5 0.5
vt 0.5 0.5
vt 0.5 0.5
vt 0.5 0.5
vt 0.5 0.5
vt 0.5 0.5
vt 0.5 0.5
vt 0.5 0.5
vt 0.5 0.5
vt 0.5 0.5
vt 1 0.5
vt 0.9045084714889526 0.7938926219940186
vt 0.6545084714889526 0.9755282402038574
vt 0.345491498708725 0.9755282402038574
vt 0.09549150615930557 0.7938926219940186
vt 0 0.5
vt 0.09549150615930557 0.20610737800598145
vt 0.345491498708725 0.024471741169691086
vt 0.6545084714889526 0.024471741169691086
vt 0.9045084714889526 0.20610737800598145
vt 1 0.5
vt 0.5 0.5
vt 0.5 0.5
vt 0.5 0.5
vt 0.5 0.5
vt 0.5 0.5
vt 0.5 0.5
vt 0.5 0.5
vt 0.5 0.5
vt 0.5 0.5
vt 0.5 0.5
vt 1 0.5
vt 0.9045084714889526 0.20610737800598145
vt 0.6545084714889526 0.024471741169691086
vt 0.345491498708725 0.024471741169691086
vt 0.09549150615930557 0.20610737800598145
vt 0 0.5
vt 0.09549150615930557 0.7938926219940186
vt 0.345491498708725 0.9755282402038574
vt 0.6545084714889526 0.9755282402038574
vt 0.9045084714889526 0.7938926219940186
vt 1 0.5
vn 0 -0.9872272833756269 0.1593182066142462
vn 0.5877852429542022 -0.7986836562594867 0.12889113774518274
vn 0.9510565161477913 -0.30507000832142217 0.049232033429397505
vn 0.9510565161477913 0.30507000832142217 -0.049232033429397505
vn 0.5877852429542022 0.7986836562594867 -0.12889113774518274
vn 1.2246468525851679e-16 0.9872272833756269 -0.1593182066142462
vn -0.5877852429542022 0.7986836562594867 -0.12889113774518274
vn -0.9510565161477913 0.30507000832142217 -0.049232033429397505
vn -0.9510565161477913 -0.30507000832142217 0.049232033429397505
vn -0.5877852429542022 -0.7986836562594867 0.12889113774518274
vn -2.4492937051703357e-16 -0.9872272833756269 0.1593182066142462
vn 0 -0.9872272833756269 0.1593182066142462
vn 0.5877852429542022 -0.7986836562594867 0.12889113774518274
vn 0.9510565161477913 -0.30507000832142217 0.049232033429397505
vn 0.9510565161477913 0.30507000832142217 -0.049232033429397505
vn 0.5877852429542022 0.7986836562594867 -0.12889113774518274
vn 1.2246468525851679e-16 0.9872272833756269 -0.1593182066142462
vn -0.5877852429542022 0.7986836562594867 -0.12889113774518274
vn -0.9510565161477913 0.30507000832142217 -0.049232033429397505
vn -0.9510565161477913 -0.30507000832142217 0.049232033429397505
vn -0.5877852429542022 -0.7986836562594867 0.12889113774518274
vn -2.4492937051703357e-16 -0.9872272833756269 0.1593182066142462
vn 0 0.1593182066142462 0.9872272833756269
vn 0 0.1593182066142462 0.9872272833756269
vn 0 0.1593182066142462 0.9872272833756269
vn 0 0.1593182066142462 0.9872272833756269
vn 0 0.1593182066142462 0.9872272833756269
vn 0 0.1593182066142462 0.9872272833756269
vn 0 0.1593182066142462 0.9872272833756269
vn 0 0.1593182066142462 0.9872272833756269
vn 0 0.1593182066142462 0.9872272833756269
vn 0 0.1593182066142462 0.9872272833756269
vn 0 0.1593182066142462 0.9872272833756269
vn 0 0.1593182066142462 0.9872272833756269
vn 0 0.1593182066142462 0.9872272833756269
vn 0 0.1593182066142462 0.9872272833756269
vn 0 0.1593182066142462 0.9872272833756269
vn 0 0.1593182066142462 0.9872272833756269
vn 0 0.1593182066142462 0.9872272833756269
vn 0 0.1593182066142462 0.9872272833756269
vn 0 0.1593182066142462 0.9872272833756269
vn 0 0.1593182066142462 0.9872272833756269
vn 0 0.1593182066142462 0.9872272833756269
vn 0 -0.1593182066142462 -0.9872272833756269
vn 0 -0.1593182066142462 -0.9872272833756269
vn 0 -0.1593182066142462 -0.9872272833756269
vn 0 -0.1593182066142462 -0.9872272833756269
vn 0 -0.1593182066142462 -0.9872272833756269
vn 0 -0.1593182066142462 -0.9872272833756269
vn 0 -0.1593182066142462 -0.9872272833756269
vn 0 -0.1593182066142462 -0.9872272833756269
vn 0 -0.1593182066142462 -0.9872272833756269
vn 0 -0.1593182066142462 -0.9872272833756269
vn 0 -0.1593182066142462 -0.9872272833756269
vn 0 -0.1593182066142462 -0.9872272833756269
vn 0 -0.1593182066142462 -0.9872272833756269
vn 0 -0.1593182066142462 -0.9872272833756269
vn 0 -0.1593182066142462 -0.9872272833756269
vn 0 -0.1593182066142462 -0.9872272833756269
vn 0 -0.1593182066142462 -0.9872272833756269
vn 0 -0.1593182066142462 -0.9872272833756269
vn 0 -0.1593182066142462 -0.9872272833756269
vn 0 -0.1593182066142462 -0.9872272833756269
vn 0 -0.1593182066142462 -0.9872272833756269
f 1325/1325/1325 1336/1336/1336 1326/1326/1326
f 1336/1336/1336 1337/1337/1337 1326/1326/1326
f 1326/1326/1326 1337/1337/1337 1327/1327/1327
f 1337/1337/1337 1338/1338/1338 1327/1327/1327
f 1327/1327/1327 1338/1338/1338 1328/1328/1328
f 1338/1338/1338 1339/1339/1339 1328/1328/1328
f 1328/1328/1328 1339/1339/1339 1329/1329/1329
f 1339/1339/1339 1340/1340/1340 1329/1329/1329
f 1329/1329/1329 1340/1340/1340 1330/1330/1330
f 1340/1340/1340 1341/1341/1341 1330/1330/1330
f 1330/1330/1330 1341/1341/1341 1331/1331/1331
f 1341/1341/1341 1342/1342/1342 1331/1331/1331
f 1331/1331/1331 1342/1342/1342 1332/1332/1332
f 1342/1342/1342 1343/1343/1343 1332/1332/1332
f 1332/1332/1332 1343/1343/1343 1333/1333/1333
f 1343/1343/1343 1344/1344/1344 1333/1333/1333
f 1333/1333/1333 1344/1344/1344 1334/1334/1334
f 1344/1344/1344 1345/1345/1345 1334/1334/1334
f 1334/1334/1334 1345/1345/1345 1335/1335/1335
f 1345/1345/1345 1346/1346/1346 1335/1335/1335
f 1357/1357/1357 1358/1358/1358 1347/1347/1347
f 1358/1358/1358 1359/1359/1359 1348/1348/1348
f 1359/1359/1359 1360/1360/1360 1349/1349/1349
f 1360/1360/1360 1361/1361/1361 1350/1350/1350
f 1361/1361/1361 1362/1362/1362 1351/1351/1351
f 1362/1362/1362 1363/1363/1363 1352/1352/1352
f 1363/1363/1363 1364/1364/1364 1353/1353/1353
f 1364/1364/1364 1365/1365/1365 1354/1354/1354
f 1365/1365/1365 1366/1366/1366 1355/1355/1355
f 1366/1366/1366 1367/1367/1367 1356/1356/1356
f 1379/1379/1379 1378/1378/1378 1368/1368/1368
f 1380/1380/1380 1379/1379/1379 1369/1369/1369
f 1381/1381/1381 1380/1380/1380 1370/1370/1370
f 1382/1382/1382 1381/1381/1381 1371/1371/1371
f 1383/1383/1383 1382/1382/1382 1372/1372/1372
f 1384/1384/1384 1383/1383/1383 1373/1373/1373
f 1385/1385/1385 1384/1384/1384 1374/1374/1374
f 1386/1386/1386 1385/1385/1385 1375/1375/1375
f 1387/1387/1387 1386/1386/1386 1376/1376/1376
f 1388/1388/1388 1387/1387/1387 1377/1377/1377
o brake_stud_3_1
usemtl pedal_rubber
v -7.4 12.577207923995834 0.8571701811572846
v -7.035573148727417 12.69410496840628 0.8383053991687869
v -6.810344958305359 13.00014544331729 0.7889167523645001
v -6.810344958305359 13.37843224547509 0.7278690322290271
v -7.035573148727417 13.6844727203861 0.6784803854247403
v -7.4 13.801369764796545 0.6596156034362426
v -7.764426851272583 13.6844727203861 0.6784803854247403
v -7.9896550416946415 13.37843224547509 0.7278690322290271
v -7.9896550416946415 13.00014544331729 0.7889167523645001
v -7.764426851272583 12.69410496840628 0.8383053991687869
v -7.4 12.577207923995834 0.8571701811572846
v -7.4 12.497548820688712 0.36355653946947114
v -7.035573148727417 12.614445865099157 0.3446917574809734
v -6.810344958305359 12.920486340010168 0.29530311067668663
v -6.810344958305359 13.298773142167967 0.23425539054121358
v -7.035573148727417 13.604813617078976 0.1848667437369268
v -7.4 13.721710661489423 0.16600196174842907
v -7.764426851272583 13.604813617078976 0.1848667437369268
v -7.9896550416946415 13.298773142167967 0.23425539054121358
v -7.9896550416946415 12.920486340010168 0.29530311067668663
v -7.764426851272583 12.614445865099157 0.3446917574809734
v -7.4 12.497548820688712 0.36355653946947114
v -7.4 13.18928884439619 0.7583928922967635
v -7.4 13.18928884439619 0.7583928922967635
v -7.4 13.18928884439619 0.7583928922967635
v -7.4 13.18928884439619 0.7583928922967635
v -7.4 13.18928884439619 0.7583928922967635
v -7.4 13.18928884439619 0.7583928922967635
v -7.4 13.18928884439619 0.7583928922967635
v -7.4 13.18928884439619 0.7583928922967635
v -7.4 13.18928884439619 0.7583928922967635
v -7.4 13.18928884439619 0.7583928922967635
v -7.4 12.577207923995834 0.8571701811572846
v -7.035573148727417 12.69410496840628 0.8383053991687869
v -6.810344958305359 13.00014544331729 0.7889167523645001
v -6.810344958305359 13.37843224547509 0.7278690322290271
v -7.035573148727417 13.6844727203861 0.6784803854247403
v -7.4 13.801369764796545 0.6596156034362426
v -7.764426851272583 13.6844727203861 0.6784803854247403
v -7.9896550416946415 13.37843224547509 0.7278690322290271
v -7.9896550416946415 13.00014544331729 0.7889167523645001
v -7.764426851272583 12.69410496840628 0.8383053991687869
v -7.4 12.577207923995834 0.8571701811572846
v -7.4 13.109629741089067 0.26477925060895013
v -7.4 13.109629741089067 0.26477925060895013
v -7.4 13.109629741089067 0.26477925060895013
v -7.4 13.109629741089067 0.26477925060895013
v -7.4 13.109629741089067 0.26477925060895013
v -7.4 13.109629741089067 0.26477925060895013
v -7.4 13.109629741089067 0.26477925060895013
v -7.4 13.109629741089067 0.26477925060895013
v -7.4 13.109629741089067 0.26477925060895013
v -7.4 13.109629741089067 0.26477925060895013
v -7.4 12.497548820688712 0.36355653946947114
v -7.035573148727417 12.614445865099157 0.3446917574809734
v -6.810344958305359 12.920486340010168 0.29530311067668663
v -6.810344958305359 13.298773142167967 0.23425539054121358
v -7.035573148727417 13.604813617078976 0.1848667437369268
v -7.4 13.721710661489423 0.16600196174842907
v -7.764426851272583 13.604813617078976 0.1848667437369268
v -7.9896550416946415 13.298773142167967 0.23425539054121358
v -7.9896550416946415 12.920486340010168 0.29530311067668663
v -7.764426851272583 12.614445865099157 0.3446917574809734
v -7.4 12.497548820688712 0.36355653946947114
vt 0 1
vt 0.10000000149011612 1
vt 0.20000000298023224 1
vt 0.30000001192092896 1
vt 0.4000000059604645 1
vt 0.5 1
vt 0.6000000238418579 1
vt 0.699999988079071 1
vt 0.800000011920929 1
vt 0.8999999761581421 1
vt 1 1
vt 0 0
vt 0.10000000149011612 0
vt 0.20000000298023224 0
vt 0.30000001192092896 0
vt 0.4000000059604645 0
vt 0.5 0
vt 0.6000000238418579 0
vt 0.699999988079071 0
vt 0.800000011920929 0
vt 0.8999999761581421 0
vt 1 0
vt 0.5 0.5
vt 0.5 0.5
vt 0.5 0.5
vt 0.5 0.5
vt 0.5 0.5
vt 0.5 0.5
vt 0.5 0.5
vt 0.5 0.5
vt 0.5 0.5
vt 0.5 0.5
vt 1 0.5
vt 0.9045084714889526 0.7938926219940186
vt 0.6545084714889526 0.9755282402038574
vt 0.345491498708725 0.9755282402038574
vt 0.09549150615930557 0.7938926219940186
vt 0 0.5
vt 0.09549150615930557 0.20610737800598145
vt 0.345491498708725 0.024471741169691086
vt 0.6545084714889526 0.024471741169691086
vt 0.9045084714889526 0.20610737800598145
vt 1 0.5
vt 0.5 0.5
vt 0.5 0.5
vt 0.5 0.5
vt 0.5 0.5
vt 0.5 0.5
vt 0.5 0.5
vt 0.5 0.5
vt 0.5 0.5
vt 0.5 0.5
vt 0.5 0.5
vt 1 0.5
vt 0.9045084714889526 0.20610737800598145
vt 0.6545084714889526 0.024471741169691086
vt 0.345491498708725 0.024471741169691086
vt 0.09549150615930557 0.20610737800598145
vt 0 0.5
vt 0.09549150615930557 0.7938926219940186
vt 0.345491498708725 0.9755282402038574
vt 0.6545084714889526 0.9755282402038574
vt 0.9045084714889526 0.7938926219940186
vt 1 0.5
vn 0 -0.9872272833756269 0.1593182066142462
vn 0.5877852429542022 -0.7986836562594867 0.12889113774518274
vn 0.9510565161477913 -0.30507000832142217 0.049232033429397505
vn 0.9510565161477913 0.30507000832142217 -0.049232033429397505
vn 0.5877852429542022 0.7986836562594867 -0.12889113774518274
vn 1.2246468525851679e-16 0.9872272833756269 -0.1593182066142462
vn -0.5877852429542022 0.7986836562594867 -0.12889113774518274
vn -0.9510565161477913 0.30507000832142217 -0.049232033429397505
vn -0.9510565161477913 -0.30507000832142217 0.049232033429397505
vn -0.5877852429542022 -0.7986836562594867 0.12889113774518274
vn -2.4492937051703357e-16 -0.9872272833756269 0.1593182066142462
vn 0 -0.9872272833756269 0.1593182066142462
vn 0.5877852429542022 -0.7986836562594867 0.12889113774518274
vn 0.9510565161477913 -0.30507000832142217 0.049232033429397505
vn 0.9510565161477913 0.30507000832142217 -0.049232033429397505
vn 0.5877852429542022 0.7986836562594867 -0.12889113774518274
vn 1.2246468525851679e-16 0.9872272833756269 -0.1593182066142462
vn -0.5877852429542022 0.7986836562594867 -0.12889113774518274
vn -0.9510565161477913 0.30507000832142217 -0.049232033429397505
vn -0.9510565161477913 -0.30507000832142217 0.049232033429397505
vn -0.5877852429542022 -0.7986836562594867 0.12889113774518274
vn -2.4492937051703357e-16 -0.9872272833756269 0.1593182066142462
vn 0 0.1593182066142462 0.9872272833756269
vn 0 0.1593182066142462 0.9872272833756269
vn 0 0.1593182066142462 0.9872272833756269
vn 0 0.1593182066142462 0.9872272833756269
vn 0 0.1593182066142462 0.9872272833756269
vn 0 0.1593182066142462 0.9872272833756269
vn 0 0.1593182066142462 0.9872272833756269
vn 0 0.1593182066142462 0.9872272833756269
vn 0 0.1593182066142462 0.9872272833756269
vn 0 0.1593182066142462 0.9872272833756269
vn 0 0.1593182066142462 0.9872272833756269
vn 0 0.1593182066142462 0.9872272833756269
vn 0 0.1593182066142462 0.9872272833756269
vn 0 0.1593182066142462 0.9872272833756269
vn 0 0.1593182066142462 0.9872272833756269
vn 0 0.1593182066142462 0.9872272833756269
vn 0 0.1593182066142462 0.9872272833756269
vn 0 0.1593182066142462 0.9872272833756269
vn 0 0.1593182066142462 0.9872272833756269
vn 0 0.1593182066142462 0.9872272833756269
vn 0 0.1593182066142462 0.9872272833756269
vn 0 -0.1593182066142462 -0.9872272833756269
vn 0 -0.1593182066142462 -0.9872272833756269
vn 0 -0.1593182066142462 -0.9872272833756269
vn 0 -0.1593182066142462 -0.9872272833756269
vn 0 -0.1593182066142462 -0.9872272833756269
vn 0 -0.1593182066142462 -0.9872272833756269
vn 0 -0.1593182066142462 -0.9872272833756269
vn 0 -0.1593182066142462 -0.9872272833756269
vn 0 -0.1593182066142462 -0.9872272833756269
vn 0 -0.1593182066142462 -0.9872272833756269
vn 0 -0.1593182066142462 -0.9872272833756269
vn 0 -0.1593182066142462 -0.9872272833756269
vn 0 -0.1593182066142462 -0.9872272833756269
vn 0 -0.1593182066142462 -0.9872272833756269
vn 0 -0.1593182066142462 -0.9872272833756269
vn 0 -0.1593182066142462 -0.9872272833756269
vn 0 -0.1593182066142462 -0.9872272833756269
vn 0 -0.1593182066142462 -0.9872272833756269
vn 0 -0.1593182066142462 -0.9872272833756269
vn 0 -0.1593182066142462 -0.9872272833756269
vn 0 -0.1593182066142462 -0.9872272833756269
f 1389/1389/1389 1400/1400/1400 1390/1390/1390
f 1400/1400/1400 1401/1401/1401 1390/1390/1390
f 1390/1390/1390 1401/1401/1401 1391/1391/1391
f 1401/1401/1401 1402/1402/1402 1391/1391/1391
f 1391/1391/1391 1402/1402/1402 1392/1392/1392
f 1402/1402/1402 1403/1403/1403 1392/1392/1392
f 1392/1392/1392 1403/1403/1403 1393/1393/1393
f 1403/1403/1403 1404/1404/1404 1393/1393/1393
f 1393/1393/1393 1404/1404/1404 1394/1394/1394
f 1404/1404/1404 1405/1405/1405 1394/1394/1394
f 1394/1394/1394 1405/1405/1405 1395/1395/1395
f 1405/1405/1405 1406/1406/1406 1395/1395/1395
f 1395/1395/1395 1406/1406/1406 1396/1396/1396
f 1406/1406/1406 1407/1407/1407 1396/1396/1396
f 1396/1396/1396 1407/1407/1407 1397/1397/1397
f 1407/1407/1407 1408/1408/1408 1397/1397/1397
f 1397/1397/1397 1408/1408/1408 1398/1398/1398
f 1408/1408/1408 1409/1409/1409 1398/1398/1398
f 1398/1398/1398 1409/1409/1409 1399/1399/1399
f 1409/1409/1409 1410/1410/1410 1399/1399/1399
f 1421/1421/1421 1422/1422/1422 1411/1411/1411
f 1422/1422/1422 1423/1423/1423 1412/1412/1412
f 1423/1423/1423 1424/1424/1424 1413/1413/1413
f 1424/1424/1424 1425/1425/1425 1414/1414/1414
f 1425/1425/1425 1426/1426/1426 1415/1415/1415
f 1426/1426/1426 1427/1427/1427 1416/1416/1416
f 1427/1427/1427 1428/1428/1428 1417/1417/1417
f 1428/1428/1428 1429/1429/1429 1418/1418/1418
f 1429/1429/1429 1430/1430/1430 1419/1419/1419
f 1430/1430/1430 1431/1431/1431 1420/1420/1420
f 1443/1443/1443 1442/1442/1442 1432/1432/1432
f 1444/1444/1444 1443/1443/1443 1433/1433/1433
f 1445/1445/1445 1444/1444/1444 1434/1434/1434
f 1446/1446/1446 1445/1445/1445 1435/1435/1435
f 1447/1447/1447 1446/1446/1446 1436/1436/1436
f 1448/1448/1448 1447/1447/1447 1437/1437/1437
f 1449/1449/1449 1448/1448/1448 1438/1438/1438
f 1450/1450/1450 1449/1449/1449 1439/1439/1439
f 1451/1451/1451 1450/1450/1450 1440/1440/1440
f 1452/1452/1452 1451/1451/1451 1441/1441/1441
o brake_stud_3_2
usemtl pedal_rubber
v -7.4 14.946553404097338 0.47480648528309455
v -7.035573148727417 15.063450448507785 0.4559417032945968
v -6.810344958305359 15.369490923418795 0.40655305649031004
v -6.810344958305359 15.747777725576594 0.345505336354837
v -7.035573148727417 16.053818200487605 0.2961166895505502
v -7.4 16.170715244898048 0.2772519075620525
v -7.764426851272583 16.053818200487605 0.2961166895505502
v -7.9896550416946415 15.747777725576594 0.345505336354837
v -7.9896550416946415 15.369490923418795 0.40655305649031004
v -7.764426851272583 15.063450448507785 0.4559417032945968
v -7.4 14.946553404097338 0.47480648528309455
v -7.4 14.866894300790216 -0.018807156404718917
v -7.035573148727417 14.983791345200661 -0.03767193839321664
v -6.810344958305359 15.289831820111672 -0.08706058519750343
v -6.810344958305359 15.668118622269471 -0.14810830533297648
v -7.035573148727417 15.97415909718048 -0.19749695213726326
v -7.4 16.091056141590926 -0.21636173412576098
v -7.764426851272583 15.97415909718048 -0.19749695213726326
v -7.9896550416946415 15.668118622269471 -0.14810830533297648
v -7.9896550416946415 15.289831820111672 -0.08706058519750343
v -7.764426851272583 14.983791345200661 -0.03767193839321664
v -7.4 14.866894300790216 -0.018807156404718917
v -7.4 15.558634324497694 0.3760291964225735
v -7.4 15.558634324497694 0.3760291964225735
v -7.4 15.558634324497694 0.3760291964225735
v -7.4 15.558634324497694 0.3760291964225735
v -7.4 15.558634324497694 0.3760291964225735
v -7.4 15.558634324497694 0.3760291964225735
v -7.4 15.558634324497694 0.3760291964225735
v -7.4 15.558634324497694 0.3760291964225735
v -7.4 15.558634324497694 0.3760291964225735
v -7.4 15.558634324497694 0.3760291964225735
v -7.4 14.946553404097338 0.47480648528309455
v -7.035573148727417 15.063450448507785 0.4559417032945968
v -6.810344958305359 15.369490923418795 0.40655305649031004
v -6.810344958305359 15.747777725576594 0.345505336354837
v -7.035573148727417 16.053818200487605 0.2961166895505502
v -7.4 16.170715244898048 0.2772519075620525
v -7.764426851272583 16.053818200487605 0.2961166895505502
v -7.9896550416946415 15.747777725576594 0.345505336354837
v -7.9896550416946415 15.369490923418795 0.40655305649031004
v -7.764426851272583 15.063450448507785 0.4559417032945968
v -7.4 14.946553404097338 0.47480648528309455
v -7.4 15.478975221190572 -0.11758444526523995
v -7.4 15.478975221190572 -0.11758444526523995
v -7.4 15.478975221190572 -0.11758444526523995
v -7.4 15.478975221190572 -0.11758444526523995
v -7.4 15.478975221190572 -0.11758444526523995
v -7.4 15.478975221190572 -0.11758444526523995
v -7.4 15.478975221190572 -0.11758444526523995
v -7.4 15.478975221190572 -0.11758444526523995
v -7.4 15.478975221190572 -0.11758444526523995
v -7.4 15.478975221190572 -0.11758444526523995
v -7.4 14.866894300790216 -0.018807156404718917
v -7.035573148727417 14.983791345200661 -0.03767193839321664
v -6.810344958305359 15.289831820111672 -0.08706058519750343
v -6.810344958305359 15.668118622269471 -0.14810830533297648
v -7.035573148727417 15.97415909718048 -0.19749695213726326
v -7.4 16.091056141590926 -0.21636173412576098
v -7.764426851272583 15.97415909718048 -0.19749695213726326
v -7.9896550416946415 15.668118622269471 -0.14810830533297648
v -7.9896550416946415 15.289831820111672 -0.08706058519750343
v -7.764426851272583 14.983791345200661 -0.03767193839321664
v -7.4 14.866894300790216 -0.018807156404718917
vt 0 1
vt 0.10000000149011612 1
vt 0.20000000298023224 1
vt 0.30000001192092896 1
vt 0.4000000059604645 1
vt 0.5 1
vt 0.6000000238418579 1
vt 0.699999988079071 1
vt 0.800000011920929 1
vt 0.8999999761581421 1
vt 1 1
vt 0 0
vt 0.10000000149011612 0
vt 0.20000000298023224 0
vt 0.30000001192092896 0
vt 0.4000000059604645 0
vt 0.5 0
vt 0.6000000238418579 0
vt 0.699999988079071 0
vt 0.800000011920929 0
vt 0.8999999761581421 0
vt 1 0
vt 0.5 0.5
vt 0.5 0.5
vt 0.5 0.5
vt 0.5 0.5
vt 0.5 0.5
vt 0.5 0.5
vt 0.5 0.5
vt 0.5 0.5
vt 0.5 0.5
vt 0.5 0.5
vt 1 0.5
vt 0.9045084714889526 0.7938926219940186
vt 0.6545084714889526 0.9755282402038574
vt 0.345491498708725 0.9755282402038574
vt 0.09549150615930557 0.7938926219940186
vt 0 0.5
vt 0.09549150615930557 0.20610737800598145
vt 0.345491498708725 0.024471741169691086
vt 0.6545084714889526 0.024471741169691086
vt 0.9045084714889526 0.20610737800598145
vt 1 0.5
vt 0.5 0.5
vt 0.5 0.5
vt 0.5 0.5
vt 0.5 0.5
vt 0.5 0.5
vt 0.5 0.5
vt 0.5 0.5
vt 0.5 0.5
vt 0.5 0.5
vt 0.5 0.5
vt 1 0.5
vt 0.9045084714889526 0.20610737800598145
vt 0.6545084714889526 0.024471741169691086
vt 0.345491498708725 0.024471741169691086
vt 0.09549150615930557 0.20610737800598145
vt 0 0.5
vt 0.09549150615930557 0.7938926219940186
vt 0.345491498708725 0.9755282402038574
vt 0.6545084714889526 0.9755282402038574
vt 0.9045084714889526 0.7938926219940186
vt 1 0.5
vn 0 -0.9872272833756269 0.1593182066142462
vn 0.5877852429542022 -0.7986836562594867 0.12889113774518274
vn 0.9510565161477913 -0.30507000832142217 0.049232033429397505
vn 0.9510565161477913 0.30507000832142217 -0.049232033429397505
vn 0.5877852429542022 0.7986836562594867 -0.12889113774518274
vn 1.2246468525851679e-16 0.9872272833756269 -0.1593182066142462
vn -0.5877852429542022 0.7986836562594867 -0.12889113774518274
vn -0.9510565161477913 0.30507000832142217 -0.049232033429397505
vn -0.9510565161477913 -0.30507000832142217 0.049232033429397505
vn -0.5877852429542022 -0.7986836562594867 0.12889113774518274
vn -2.4492937051703357e-16 -0.9872272833756269 0.1593182066142462
vn 0 -0.9872272833756269 0.1593182066142462
vn 0.5877852429542022 -0.7986836562594867 0.12889113774518274
vn 0.9510565161477913 -0.30507000832142217 0.049232033429397505
vn 0.9510565161477913 0.30507000832142217 -0.049232033429397505
vn 0.5877852429542022 0.7986836562594867 -0.12889113774518274
vn 1.2246468525851679e-16 0.9872272833756269 -0.1593182066142462
vn -0.5877852429542022 0.7986836562594867 -0.12889113774518274
vn -0.9510565161477913 0.30507000832142217 -0.049232033429397505
vn -0.9510565161477913 -0.30507000832142217 0.049232033429397505
vn -0.5877852429542022 -0.7986836562594867 0.12889113774518274
vn -2.4492937051703357e-16 -0.9872272833756269 0.1593182066142462
vn 0 0.1593182066142462 0.9872272833756269
vn 0 0.1593182066142462 0.9872272833756269
vn 0 0.1593182066142462 0.9872272833756269
vn 0 0.1593182066142462 0.9872272833756269
vn 0 0.1593182066142462 0.9872272833756269
vn 0 0.1593182066142462 0.9872272833756269
vn 0 0.1593182066142462 0.9872272833756269
vn 0 0.1593182066142462 0.9872272833756269
vn 0 0.1593182066142462 0.9872272833756269
vn 0 0.1593182066142462 0.9872272833756269
vn 0 0.1593182066142462 0.9872272833756269
vn 0 0.1593182066142462 0.9872272833756269
vn 0 0.1593182066142462 0.9872272833756269
vn 0 0.1593182066142462 0.9872272833756269
vn 0 0.1593182066142462 0.9872272833756269
vn 0 0.1593182066142462 0.9872272833756269
vn 0 0.1593182066142462 0.9872272833756269
vn 0 0.1593182066142462 0.9872272833756269
vn 0 0.1593182066142462 0.9872272833756269
vn 0 0.1593182066142462 0.9872272833756269
vn 0 0.1593182066142462 0.9872272833756269
vn 0 -0.1593182066142462 -0.9872272833756269
vn 0 -0.1593182066142462 -0.9872272833756269
vn 0 -0.1593182066142462 -0.9872272833756269
vn 0 -0.1593182066142462 -0.9872272833756269
vn 0 -0.1593182066142462 -0.9872272833756269
vn 0 -0.1593182066142462 -0.9872272833756269
vn 0 -0.1593182066142462 -0.9872272833756269
vn 0 -0.1593182066142462 -0.9872272833756269
vn 0 -0.1593182066142462 -0.9872272833756269
vn 0 -0.1593182066142462 -0.9872272833756269
vn 0 -0.1593182066142462 -0.9872272833756269
vn 0 -0.1593182066142462 -0.9872272833756269
vn 0 -0.1593182066142462 -0.9872272833756269
vn 0 -0.1593182066142462 -0.9872272833756269
vn 0 -0.1593182066142462 -0.9872272833756269
vn 0 -0.1593182066142462 -0.9872272833756269
vn 0 -0.1593182066142462 -0.9872272833756269
vn 0 -0.1593182066142462 -0.9872272833756269
vn 0 -0.1593182066142462 -0.9872272833756269
vn 0 -0.1593182066142462 -0.9872272833756269
vn 0 -0.1593182066142462 -0.9872272833756269
f 1453/1453/1453 1464/1464/1464 1454/1454/1454
f 1464/1464/1464 1465/1465/1465 1454/1454/1454
f 1454/1454/1454 1465/1465/1465 1455/1455/1455
f 1465/1465/1465 1466/1466/1466 1455/1455/1455
f 1455/1455/1455 1466/1466/1466 1456/1456/1456
f 1466/1466/1466 1467/1467/1467 1456/1456/1456
f 1456/1456/1456 1467/1467/1467 1457/1457/1457
f 1467/1467/1467 1468/1468/1468 1457/1457/1457
f 1457/1457/1457 1468/1468/1468 1458/1458/1458
f 1468/1468/1468 1469/1469/1469 1458/1458/1458
f 1458/1458/1458 1469/1469/1469 1459/1459/1459
f 1469/1469/1469 1470/1470/1470 1459/1459/1459
f 1459/1459/1459 1470/1470/1470 1460/1460/1460
f 1470/1470/1470 1471/1471/1471 1460/1460/1460
f 1460/1460/1460 1471/1471/1471 1461/1461/1461
f 1471/1471/1471 1472/1472/1472 1461/1461/1461
f 1461/1461/1461 1472/1472/1472 1462/1462/1462
f 1472/1472/1472 1473/1473/1473 1462/1462/1462
f 1462/1462/1462 1473/1473/1473 1463/1463/1463
f 1473/1473/1473 1474/1474/1474 1463/1463/1463
f 1485/1485/1485 1486/1486/1486 1475/1475/1475
f 1486/1486/1486 1487/1487/1487 1476/1476/1476
f 1487/1487/1487 1488/1488/1488 1477/1477/1477
f 1488/1488/1488 1489/1489/1489 1478/1478/1478
f 1489/1489/1489 1490/1490/1490 1479/1479/1479
f 1490/1490/1490 1491/1491/1491 1480/1480/1480
f 1491/1491/1491 1492/1492/1492 1481/1481/1481
f 1492/1492/1492 1493/1493/1493 1482/1482/1482
f 1493/1493/1493 1494/1494/1494 1483/1483/1483
f 1494/1494/1494 1495/1495/1495 1484/1484/1484
f 1507/1507/1507 1506/1506/1506 1496/1496/1496
f 1508/1508/1508 1507/1507/1507 1497/1497/1497
f 1509/1509/1509 1508/1508/1508 1498/1498/1498
f 1510/1510/1510 1509/1509/1509 1499/1499/1499
f 1511/1511/1511 1510/1510/1510 1500/1500/1500
f 1512/1512/1512 1511/1511/1511 1501/1501/1501
f 1513/1513/1513 1512/1512/1512 1502/1502/1502
f 1514/1514/1514 1513/1513/1513 1503/1503/1503
f 1515/1515/1515 1514/1514/1514 1504/1504/1504
f 1516/1516/1516 1515/1515/1515 1505/1505/1505
o brake_stud_3_3
usemtl pedal_rubber
v -7.4 17.31589888419884 0.09244278940890405
v -7.035573148727417 17.432795928609288 0.07357800742040632
v -6.810344958305359 17.7388364035203 0.024189360616119537
v -6.810344958305359 18.117123205678098 -0.03685835951935351
v -7.035573148727417 18.423163680589106 -0.0862470063236403
v -7.4 18.540060724999552 -0.10511178831213802
v -7.764426851272583 18.423163680589106 -0.0862470063236403
v -7.9896550416946415 18.117123205678098 -0.03685835951935351
v -7.9896550416946415 17.7388364035203 0.024189360616119537
v -7.764426851272583 17.432795928609288 0.07357800742040632
v -7.4 17.31589888419884 0.09244278940890405
v -7.4 17.23623978089172 -0.4011708522789094
v -7.035573148727417 17.353136825302165 -0.42003563426740714
v -6.810344958305359 17.659177300213173 -0.4694242810716939
v -6.810344958305359 18.037464102370972 -0.530472001207167
v -7.035573148727417 18.343504577281983 -0.5798606480114538
v -7.4 18.46040162169243 -0.5987254299999515
v -7.764426851272583 18.343504577281983 -0.5798606480114538
v -7.9896550416946415 18.037464102370972 -0.530472001207167
v -7.9896550416946415 17.659177300213173 -0.4694242810716939
v -7.764426851272583 17.353136825302165 -0.42003563426740714
v -7.4 17.23623978089172 -0.4011708522789094
v -7.4 17.927979804599197 -0.006334499451616987
v -7.4 17.927979804599197 -0.006334499451616987
v -7.4 17.927979804599197 -0.006334499451616987
v -7.4 17.927979804599197 -0.006334499451616987
v -7.4 17.927979804599197 -0.006334499451616987
v -7.4 17.927979804599197 -0.006334499451616987
v -7.4 17.927979804599197 -0.006334499451616987
v -7.4 17.927979804599197 -0.006334499451616987
v -7.4 17.927979804599197 -0.006334499451616987
v -7.4 17.927979804599197 -0.006334499451616987
v -7.4 17.31589888419884 0.09244278940890405
v -7.035573148727417 17.432795928609288 0.07357800742040632
v -6.810344958305359 17.7388364035203 0.024189360616119537
v -6.810344958305359 18.117123205678098 -0.03685835951935351
v -7.035573148727417 18.423163680589106 -0.0862470063236403
v -7.4 18.540060724999552 -0.10511178831213802
v -7.764426851272583 18.423163680589106 -0.0862470063236403
v -7.9896550416946415 18.117123205678098 -0.03685835951935351
v -7.9896550416946415 17.7388364035203 0.024189360616119537
v -7.764426851272583 17.432795928609288 0.07357800742040632
v -7.4 17.31589888419884 0.09244278940890405
v -7.4 17.848320701292074 -0.4999481411394304
v -7.4 17.848320701292074 -0.4999481411394304
v -7.4 17.848320701292074 -0.4999481411394304
v -7.4 17.848320701292074 -0.4999481411394304
v -7.4 17.848320701292074 -0.4999481411394304
v -7.4 17.848320701292074 -0.4999481411394304
v -7.4 17.848320701292074 -0.4999481411394304
v -7.4 17.848320701292074 -0.4999481411394304
v -7.4 17.848320701292074 -0.4999481411394304
v -7.4 17.848320701292074 -0.4999481411394304
v -7.4 17.23623978089172 -0.4011708522789094
v -7.035573148727417 17.353136825302165 -0.42003563426740714
v -6.810344958305359 17.659177300213173 -0.4694242810716939
v -6.810344958305359 18.037464102370972 -0.530472001207167
v -7.035573148727417 18.343504577281983 -0.5798606480114538
v -7.4 18.46040162169243 -0.5987254299999515
v -7.764426851272583 18.343504577281983 -0.5798606480114538
v -7.9896550416946415 18.037464102370972 -0.530472001207167
v -7.9896550416946415 17.659177300213173 -0.4694242810716939
v -7.764426851272583 17.353136825302165 -0.42003563426740714
v -7.4 17.23623978089172 -0.4011708522789094
vt 0 1
vt 0.10000000149011612 1
vt 0.20000000298023224 1
vt 0.30000001192092896 1
vt 0.4000000059604645 1
vt 0.5 1
vt 0.6000000238418579 1
vt 0.699999988079071 1
vt 0.800000011920929 1
vt 0.8999999761581421 1
vt 1 1
vt 0 0
vt 0.10000000149011612 0
vt 0.20000000298023224 0
vt 0.30000001192092896 0
vt 0.4000000059604645 0
vt 0.5 0
vt 0.6000000238418579 0
vt 0.699999988079071 0
vt 0.800000011920929 0
vt 0.8999999761581421 0
vt 1 0
vt 0.5 0.5
vt 0.5 0.5
vt 0.5 0.5
vt 0.5 0.5
vt 0.5 0.5
vt 0.5 0.5
vt 0.5 0.5
vt 0.5 0.5
vt 0.5 0.5
vt 0.5 0.5
vt 1 0.5
vt 0.9045084714889526 0.7938926219940186
vt 0.6545084714889526 0.9755282402038574
vt 0.345491498708725 0.9755282402038574
vt 0.09549150615930557 0.7938926219940186
vt 0 0.5
vt 0.09549150615930557 0.20610737800598145
vt 0.345491498708725 0.024471741169691086
vt 0.6545084714889526 0.024471741169691086
vt 0.9045084714889526 0.20610737800598145
vt 1 0.5
vt 0.5 0.5
vt 0.5 0.5
vt 0.5 0.5
vt 0.5 0.5
vt 0.5 0.5
vt 0.5 0.5
vt 0.5 0.5
vt 0.5 0.5
vt 0.5 0.5
vt 0.5 0.5
vt 1 0.5
vt 0.9045084714889526 0.20610737800598145
vt 0.6545084714889526 0.024471741169691086
vt 0.345491498708725 0.024471741169691086
vt 0.09549150615930557 0.20610737800598145
vt 0 0.5
vt 0.09549150615930557 0.7938926219940186
vt 0.345491498708725 0.9755282402038574
vt 0.6545084714889526 0.9755282402038574
vt 0.9045084714889526 0.7938926219940186
vt 1 0.5
vn 0 -0.9872272833756269 0.1593182066142462
vn 0.5877852429542022 -0.7986836562594867 0.12889113774518274
vn 0.9510565161477913 -0.30507000832142217 0.049232033429397505
vn 0.9510565161477913 0.30507000832142217 -0.049232033429397505
vn 0.5877852429542022 0.7986836562594867 -0.12889113774518274
vn 1.2246468525851679e-16 0.9872272833756269 -0.1593182066142462
vn -0.5877852429542022 0.7986836562594867 -0.12889113774518274
vn -0.9510565161477913 0.30507000832142217 -0.049232033429397505
vn -0.9510565161477913 -0.30507000832142217 0.049232033429397505
vn -0.5877852429542022 -0.7986836562594867 0.12889113774518274
vn -2.4492937051703357e-16 -0.9872272833756269 0.1593182066142462
vn 0 -0.9872272833756269 0.1593182066142462
vn 0.5877852429542022 -0.7986836562594867 0.12889113774518274
vn 0.9510565161477913 -0.30507000832142217 0.049232033429397505
vn 0.9510565161477913 0.30507000832142217 -0.049232033429397505
vn 0.5877852429542022 0.7986836562594867 -0.12889113774518274
vn 1.2246468525851679e-16 0.9872272833756269 -0.1593182066142462
vn -0.5877852429542022 0.7986836562594867 -0.12889113774518274
vn -0.9510565161477913 0.30507000832142217 -0.049232033429397505
vn -0.9510565161477913 -0.30507000832142217 0.049232033429397505
vn -0.5877852429542022 -0.7986836562594867 0.12889113774518274
vn -2.4492937051703357e-16 -0.9872272833756269 0.1593182066142462
vn 0 0.1593182066142462 0.9872272833756269
vn 0 0.1593182066142462 0.9872272833756269
vn 0 0.1593182066142462 0.9872272833756269
vn 0 0.1593182066142462 0.9872272833756269
vn 0 0.1593182066142462 0.9872272833756269
vn 0 0.1593182066142462 0.9872272833756269
vn 0 0.1593182066142462 0.9872272833756269
vn 0 0.1593182066142462 0.9872272833756269
vn 0 0.1593182066142462 0.9872272833756269
vn 0 0.1593182066142462 0.9872272833756269
vn 0 0.1593182066142462 0.9872272833756269
vn 0 0.1593182066142462 0.9872272833756269
vn 0 0.1593182066142462 0.9872272833756269
vn 0 0.1593182066142462 0.9872272833756269
vn 0 0.1593182066142462 0.9872272833756269
vn 0 0.1593182066142462 0.9872272833756269
vn 0 0.1593182066142462 0.9872272833756269
vn 0 0.1593182066142462 0.9872272833756269
vn 0 0.1593182066142462 0.9872272833756269
vn 0 0.1593182066142462 0.9872272833756269
vn 0 0.1593182066142462 0.9872272833756269
vn 0 -0.1593182066142462 -0.9872272833756269
vn 0 -0.1593182066142462 -0.9872272833756269
vn 0 -0.1593182066142462 -0.9872272833756269
vn 0 -0.1593182066142462 -0.9872272833756269
vn 0 -0.1593182066142462 -0.9872272833756269
vn 0 -0.1593182066142462 -0.9872272833756269
vn 0 -0.1593182066142462 -0.9872272833756269
vn 0 -0.1593182066142462 -0.9872272833756269
vn 0 -0.1593182066142462 -0.9872272833756269
vn 0 -0.1593182066142462 -0.9872272833756269
vn 0 -0.1593182066142462 -0.9872272833756269
vn 0 -0.1593182066142462 -0.9872272833756269
vn 0 -0.1593182066142462 -0.9872272833756269
vn 0 -0.1593182066142462 -0.9872272833756269
vn 0 -0.1593182066142462 -0.9872272833756269
vn 0 -0.1593182066142462 -0.9872272833756269
vn 0 -0.1593182066142462 -0.9872272833756269
vn 0 -0.1593182066142462 -0.9872272833756269
vn 0 -0.1593182066142462 -0.9872272833756269
vn 0 -0.1593182066142462 -0.9872272833756269
vn 0 -0.1593182066142462 -0.9872272833756269
f 1517/1517/1517 1528/1528/1528 1518/1518/1518
f 1528/1528/1528 1529/1529/1529 1518/1518/1518
f 1518/1518/1518 1529/1529/1529 1519/1519/1519
f 1529/1529/1529 1530/1530/1530 1519/1519/1519
f 1519/1519/1519 1530/1530/1530 1520/1520/1520
f 1530/1530/1530 1531/1531/1531 1520/1520/1520
f 1520/1520/1520 1531/1531/1531 1521/1521/1521
f 1531/1531/1531 1532/1532/1532 1521/1521/1521
f 1521/1521/1521 1532/1532/1532 1522/1522/1522
f 1532/1532/1532 1533/1533/1533 1522/1522/1522
f 1522/1522/1522 1533/1533/1533 1523/1523/1523
f 1533/1533/1533 1534/1534/1534 1523/1523/1523
f 1523/1523/1523 1534/1534/1534 1524/1524/1524
f 1534/1534/1534 1535/1535/1535 1524/1524/1524
f 1524/1524/1524 1535/1535/1535 1525/1525/1525
f 1535/1535/1535 1536/1536/1536 1525/1525/1525
f 1525/1525/1525 1536/1536/1536 1526/1526/1526
f 1536/1536/1536 1537/1537/1537 1526/1526/1526
f 1526/1526/1526 1537/1537/1537 1527/1527/1527
f 1537/1537/1537 1538/1538/1538 1527/1527/1527
f 1549/1549/1549 1550/1550/1550 1539/1539/1539
f 1550/1550/1550 1551/1551/1551 1540/1540/1540
f 1551/1551/1551 1552/1552/1552 1541/1541/1541
f 1552/1552/1552 1553/1553/1553 1542/1542/1542
f 1553/1553/1553 1554/1554/1554 1543/1543/1543
f 1554/1554/1554 1555/1555/1555 1544/1544/1544
f 1555/1555/1555 1556/1556/1556 1545/1545/1545
f 1556/1556/1556 1557/1557/1557 1546/1546/1546
f 1557/1557/1557 1558/1558/1558 1547/1547/1547
f 1558/1558/1558 1559/1559/1559 1548/1548/1548
f 1571/1571/1571 1570/1570/1570 1560/1560/1560
f 1572/1572/1572 1571/1571/1571 1561/1561/1561
f 1573/1573/1573 1572/1572/1572 1562/1562/1562
f 1574/1574/1574 1573/1573/1573 1563/1563/1563
f 1575/1575/1575 1574/1574/1574 1564/1564/1564
f 1576/1576/1576 1575/1575/1575 1565/1565/1565
f 1577/1577/1577 1576/1576/1576 1566/1566/1566
f 1578/1578/1578 1577/1577/1577 1567/1567/1567
f 1579/1579/1579 1578/1578/1578 1568/1568/1568
f 1580/1580/1580 1579/1579/1579 1569/1569/1569
o brake_stud_3_4
usemtl pedal_rubber
v -7.4 19.68524436430035 -0.28992090646528645
v -7.035573148727417 19.802141408710796 -0.3087856884537842
v -6.810344958305359 20.108181883621807 -0.35817433525807096
v -6.810344958305359 20.486468685779606 -0.419222055393544
v -7.035573148727417 20.792509160690614 -0.4686107021978308
v -7.4 20.90940620510106 -0.4874754841863285
v -7.764426851272583 20.792509160690614 -0.4686107021978308
v -7.9896550416946415 20.486468685779606 -0.419222055393544
v -7.9896550416946415 20.108181883621807 -0.35817433525807096
v -7.764426851272583 19.802141408710796 -0.3087856884537842
v -7.4 19.68524436430035 -0.28992090646528645
v -7.4 19.605585260993227 -0.7835345481531
v -7.035573148727417 19.722482305403673 -0.8023993301415977
v -6.810344958305359 20.02852278031468 -0.8517879769458845
v -6.810344958305359 20.40680958247248 -0.9128356970813575
v -7.035573148727417 20.71285005738349 -0.9622243438856443
v -7.4 20.829747101793938 -0.981089125874142
v -7.764426851272583 20.71285005738349 -0.9622243438856443
v -7.9896550416946415 20.40680958247248 -0.9128356970813575
v -7.9896550416946415 20.02852278031468 -0.8517879769458845
v -7.764426851272583 19.722482305403673 -0.8023993301415977
v -7.4 19.605585260993227 -0.7835345481531
v -7.4 20.297325284700705 -0.3886981953258075
v -7.4 20.297325284700705 -0.3886981953258075
v -7.4 20.297325284700705 -0.3886981953258075
v -7.4 20.297325284700705 -0.3886981953258075
v -7.4 20.297325284700705 -0.3886981953258075
v -7.4 20.297325284700705 -0.3886981953258075
v -7.4 20.297325284700705 -0.3886981953258075
v -7.4 20.297325284700705 -0.3886981953258075
v -7.4 20.297325284700705 -0.3886981953258075
v -7.4 20.297325284700705 -0.3886981953258075
v -7.4 19.68524436430035 -0.28992090646528645
v -7.035573148727417 19.802141408710796 -0.3087856884537842
v -6.810344958305359 20.108181883621807 -0.35817433525807096
v -6.810344958305359 20.486468685779606 -0.419222055393544
v -7.035573148727417 20.792509160690614 -0.4686107021978308
v -7.4 20.90940620510106 -0.4874754841863285
v -7.764426851272583 20.792509160690614 -0.4686107021978308
v -7.9896550416946415 20.486468685779606 -0.419222055393544
v -7.9896550416946415 20.108181883621807 -0.35817433525807096
v -7.764426851272583 19.802141408710796 -0.3087856884537842
v -7.4 19.68524436430035 -0.28992090646528645
v -7.4 20.217666181393582 -0.8823118370136209
v -7.4 20.217666181393582 -0.8823118370136209
v -7.4 20.217666181393582 -0.8823118370136209
v -7.4 20.217666181393582 -0.8823118370136209
v -7.4 20.217666181393582 -0.8823118370136209
v -7.4 20.217666181393582 -0.8823118370136209
v -7.4 20.217666181393582 -0.8823118370136209
v -7.4 20.217666181393582 -0.8823118370136209
v -7.4 20.217666181393582 -0.8823118370136209
v -7.4 20.217666181393582 -0.8823118370136209
v -7.4 19.605585260993227 -0.7835345481531
v -7.035573148727417 19.722482305403673 -0.8023993301415977
v -6.810344958305359 20.02852278031468 -0.8517879769458845
v -6.810344958305359 20.40680958247248 -0.9128356970813575
v -7.035573148727417 20.71285005738349 -0.9622243438856443
v -7.4 20.829747101793938 -0.981089125874142
v -7.764426851272583 20.71285005738349 -0.9622243438856443
v -7.9896550416946415 20.40680958247248 -0.9128356970813575
v -7.9896550416946415 20.02852278031468 -0.8517879769458845
v -7.764426851272583 19.722482305403673 -0.8023993301415977
v -7.4 19.605585260993227 -0.7835345481531
vt 0 1
vt 0.10000000149011612 1
vt 0.20000000298023224 1
vt 0.30000001192092896 1
vt 0.4000000059604645 1
vt 0.5 1
vt 0.6000000238418579 1
vt 0.699999988079071 1
vt 0.800000011920929 1
vt 0.8999999761581421 1
vt 1 1
vt 0 0
vt 0.10000000149011612 0
vt 0.20000000298023224 0
vt 0.30000001192092896 0
vt 0.4000000059604645 0
vt 0.5 0
vt 0.6000000238418579 0
vt 0.699999988079071 0
vt 0.800000011920929 0
vt 0.8999999761581421 0
vt 1 0
vt 0.5 0.5
vt 0.5 0.5
vt 0.5 0.5
vt 0.5 0.5
vt 0.5 0.5
vt 0.5 0.5
vt 0.5 0.5
vt 0.5 0.5
vt 0.5 0.5
vt 0.5 0.5
vt 1 0.5
vt 0.9045084714889526 0.7938926219940186
vt 0.6545084714889526 0.9755282402038574
vt 0.345491498708725 0.9755282402038574
vt 0.09549150615930557 0.7938926219940186
vt 0 0.5
vt 0.09549150615930557 0.20610737800598145
vt 0.345491498708725 0.024471741169691086
vt 0.6545084714889526 0.024471741169691086
vt 0.9045084714889526 0.20610737800598145
vt 1 0.5
vt 0.5 0.5
vt 0.5 0.5
vt 0.5 0.5
vt 0.5 0.5
vt 0.5 0.5
vt 0.5 0.5
vt 0.5 0.5
vt 0.5 0.5
vt 0.5 0.5
vt 0.5 0.5
vt 1 0.5
vt 0.9045084714889526 0.20610737800598145
vt 0.6545084714889526 0.024471741169691086
vt 0.345491498708725 0.024471741169691086
vt 0.09549150615930557 0.20610737800598145
vt 0 0.5
vt 0.09549150615930557 0.7938926219940186
vt 0.345491498708725 0.9755282402038574
vt 0.6545084714889526 0.9755282402038574
vt 0.9045084714889526 0.7938926219940186
vt 1 0.5
vn 0 -0.9872272833756269 0.1593182066142462
vn 0.5877852429542022 -0.7986836562594867 0.12889113774518274
vn 0.9510565161477913 -0.30507000832142217 0.049232033429397505
vn 0.9510565161477913 0.30507000832142217 -0.049232033429397505
vn 0.5877852429542022 0.7986836562594867 -0.12889113774518274
vn 1.2246468525851679e-16 0.9872272833756269 -0.1593182066142462
vn -0.5877852429542022 0.7986836562594867 -0.12889113774518274
vn -0.9510565161477913 0.30507000832142217 -0.049232033429397505
vn -0.9510565161477913 -0.30507000832142217 0.049232033429397505
vn -0.5877852429542022 -0.7986836562594867 0.12889113774518274
vn -2.4492937051703357e-16 -0.9872272833756269 0.1593182066142462
vn 0 -0.9872272833756269 0.1593182066142462
vn 0.5877852429542022 -0.7986836562594867 0.12889113774518274
vn 0.9510565161477913 -0.30507000832142217 0.049232033429397505
vn 0.9510565161477913 0.30507000832142217 -0.049232033429397505
vn 0.5877852429542022 0.7986836562594867 -0.12889113774518274
vn 1.2246468525851679e-16 0.9872272833756269 -0.1593182066142462
vn -0.5877852429542022 0.7986836562594867 -0.12889113774518274
vn -0.9510565161477913 0.30507000832142217 -0.049232033429397505
vn -0.9510565161477913 -0.30507000832142217 0.049232033429397505
vn -0.5877852429542022 -0.7986836562594867 0.12889113774518274
vn -2.4492937051703357e-16 -0.9872272833756269 0.1593182066142462
vn 0 0.1593182066142462 0.9872272833756269
vn 0 0.1593182066142462 0.9872272833756269
vn 0 0.1593182066142462 0.9872272833756269
vn 0 0.1593182066142462 0.9872272833756269
vn 0 0.1593182066142462 0.9872272833756269
vn 0 0.1593182066142462 0.9872272833756269
vn 0 0.1593182066142462 0.9872272833756269
vn 0 0.1593182066142462 0.9872272833756269
vn 0 0.1593182066142462 0.9872272833756269
vn 0 0.1593182066142462 0.9872272833756269
vn 0 0.1593182066142462 0.9872272833756269
vn 0 0.1593182066142462 0.9872272833756269
vn 0 0.1593182066142462 0.9872272833756269
vn 0 0.1593182066142462 0.9872272833756269
vn 0 0.1593182066142462 0.9872272833756269
vn 0 0.1593182066142462 0.9872272833756269
vn 0 0.1593182066142462 0.9872272833756269
vn 0 0.1593182066142462 0.9872272833756269
vn 0 0.1593182066142462 0.9872272833756269
vn 0 0.1593182066142462 0.9872272833756269
vn 0 0.1593182066142462 0.9872272833756269
vn 0 -0.1593182066142462 -0.9872272833756269
vn 0 -0.1593182066142462 -0.9872272833756269
vn 0 -0.1593182066142462 -0.9872272833756269
vn 0 -0.1593182066142462 -0.9872272833756269
vn 0 -0.1593182066142462 -0.9872272833756269
vn 0 -0.1593182066142462 -0.9872272833756269
vn 0 -0.1593182066142462 -0.9872272833756269
vn 0 -0.1593182066142462 -0.9872272833756269
vn 0 -0.1593182066142462 -0.9872272833756269
vn 0 -0.1593182066142462 -0.9872272833756269
vn 0 -0.1593182066142462 -0.9872272833756269
vn 0 -0.1593182066142462 -0.9872272833756269
vn 0 -0.1593182066142462 -0.9872272833756269
vn 0 -0.1593182066142462 -0.9872272833756269
vn 0 -0.1593182066142462 -0.9872272833756269
vn 0 -0.1593182066142462 -0.9872272833756269
vn 0 -0.1593182066142462 -0.9872272833756269
vn 0 -0.1593182066142462 -0.9872272833756269
vn 0 -0.1593182066142462 -0.9872272833756269
vn 0 -0.1593182066142462 -0.9872272833756269
vn 0 -0.1593182066142462 -0.9872272833756269
f 1581/1581/1581 1592/1592/1592 1582/1582/1582
f 1592/1592/1592 1593/1593/1593 1582/1582/1582
f 1582/1582/1582 1593/1593/1593 1583/1583/1583
f 1593/1593/1593 1594/1594/1594 1583/1583/1583
f 1583/1583/1583 1594/1594/1594 1584/1584/1584
f 1594/1594/1594 1595/1595/1595 1584/1584/1584
f 1584/1584/1584 1595/1595/1595 1585/1585/1585
f 1595/1595/1595 1596/1596/1596 1585/1585/1585
f 1585/1585/1585 1596/1596/1596 1586/1586/1586
f 1596/1596/1596 1597/1597/1597 1586/1586/1586
f 1586/1586/1586 1597/1597/1597 1587/1587/1587
f 1597/1597/1597 1598/1598/1598 1587/1587/1587
f 1587/1587/1587 1598/1598/1598 1588/1588/1588
f 1598/1598/1598 1599/1599/1599 1588/1588/1588
f 1588/1588/1588 1599/1599/1599 1589/1589/1589
f 1599/1599/1599 1600/1600/1600 1589/1589/1589
f 1589/1589/1589 1600/1600/1600 1590/1590/1590
f 1600/1600/1600 1601/1601/1601 1590/1590/1590
f 1590/1590/1590 1601/1601/1601 1591/1591/1591
f 1601/1601/1601 1602/1602/1602 1591/1591/1591
f 1613/1613/1613 1614/1614/1614 1603/1603/1603
f 1614/1614/1614 1615/1615/1615 1604/1604/1604
f 1615/1615/1615 1616/1616/1616 1605/1605/1605
f 1616/1616/1616 1617/1617/1617 1606/1606/1606
f 1617/1617/1617 1618/1618/1618 1607/1607/1607
f 1618/1618/1618 1619/1619/1619 1608/1608/1608
f 1619/1619/1619 1620/1620/1620 1609/1609/1609
f 1620/1620/1620 1621/1621/1621 1610/1610/1610
f 1621/1621/1621 1622/1622/1622 1611/1611/1611
f 1622/1622/1622 1623/1623/1623 1612/1612/1612
f 1635/1635/1635 1634/1634/1634 1624/1624/1624
f 1636/1636/1636 1635/1635/1635 1625/1625/1625
f 1637/1637/1637 1636/1636/1636 1626/1626/1626
f 1638/1638/1638 1637/1637/1637 1627/1627/1627
f 1639/1639/1639 1638/1638/1638 1628/1628/1628
f 1640/1640/1640 1639/1639/1639 1629/1629/1629
f 1641/1641/1641 1640/1640/1640 1630/1630/1630
f 1642/1642/1642 1641/1641/1641 1631/1631/1631
f 1643/1643/1643 1642/1642/1642 1632/1632/1632
f 1644/1644/1644 1643/1643/1643 1633/1633/1633
o brake_stud_3_5
usemtl pedal_rubber
v -7.4 22.054589844401853 -0.6722846023394765
v -7.035573148727417 22.1714868888123 -0.6911493843279742
v -6.810344958305359 22.47752736372331 -0.740538031132261
v -6.810344958305359 22.85581416588111 -0.801585751267734
v -7.035573148727417 23.161854640792118 -0.8509743980720208
v -7.4 23.278751685202565 -0.8698391800605185
v -7.764426851272583 23.161854640792118 -0.8509743980720208
v -7.9896550416946415 22.85581416588111 -0.801585751267734
v -7.9896550416946415 22.47752736372331 -0.740538031132261
v -7.764426851272583 22.1714868888123 -0.6911493843279742
v -7.4 22.054589844401853 -0.6722846023394765
v -7.4 21.97493074109473 -1.16589824402729
v -7.035573148727417 22.091827785505178 -1.1847630260157878
v -6.810344958305359 22.397868260416185 -1.2341516728200745
v -6.810344958305359 22.776155062573984 -1.2951993929555474
v -7.035573148727417 23.082195537484996 -1.3445880397598344
v -7.4 23.199092581895442 -1.3634528217483322
v -7.764426851272583 23.082195537484996 -1.3445880397598344
v -7.9896550416946415 22.776155062573984 -1.2951993929555474
v -7.9896550416946415 22.397868260416185 -1.2341516728200745
v -7.764426851272583 22.091827785505178 -1.1847630260157878
v -7.4 21.97493074109473 -1.16589824402729
v -7.4 22.66667076480221 -0.7710618911999976
v -7.4 22.66667076480221 -0.7710618911999976
v -7.4 22.66667076480221 -0.7710618911999976
v -7.4 22.66667076480221 -0.7710618911999976
v -7.4 22.66667076480221 -0.7710618911999976
v -7.4 22.66667076480221 -0.7710618911999976
v -7.4 22.66667076480221 -0.7710618911999976
v -7.4 22.66667076480221 -0.7710618911999976
v -7.4 22.66667076480221 -0.7710618911999976
v -7.4 22.66667076480221 -0.7710618911999976
v -7.4 22.054589844401853 -0.6722846023394765
v -7.035573148727417 22.1714868888123 -0.6911493843279742
v -6.810344958305359 22.47752736372331 -0.740538031132261
v -6.810344958305359 22.85581416588111 -0.801585751267734
v -7.035573148727417 23.161854640792118 -0.8509743980720208
v -7.4 23.278751685202565 -0.8698391800605185
v -7.764426851272583 23.161854640792118 -0.8509743980720208
v -7.9896550416946415 22.85581416588111 -0.801585751267734
v -7.9896550416946415 22.47752736372331 -0.740538031132261
v -7.764426851272583 22.1714868888123 -0.6911493843279742
v -7.4 22.054589844401853 -0.6722846023394765
v -7.4 22.587011661495087 -1.264675532887811
v -7.4 22.587011661495087 -1.264675532887811
v -7.4 22.587011661495087 -1.264675532887811
v -7.4 22.587011661495087 -1.264675532887811
v -7.4 22.587011661495087 -1.264675532887811
v -7.4 22.587011661495087 -1.264675532887811
v -7.4 22.587011661495087 -1.264675532887811
v -7.4 22.587011661495087 -1.264675532887811
v -7.4 22.587011661495087 -1.264675532887811
v -7.4 22.587011661495087 -1.264675532887811
v -7.4 21.97493074109473 -1.16589824402729
v -7.035573148727417 22.091827785505178 -1.1847630260157878
v -6.810344958305359 22.397868260416185 -1.2341516728200745
v -6.810344958305359 22.776155062573984 -1.2951993929555474
v -7.035573148727417 23.082195537484996 -1.3445880397598344
v -7.4 23.199092581895442 -1.3634528217483322
v -7.764426851272583 23.082195537484996 -1.3445880397598344
v -7.9896550416946415 22.776155062573984 -1.2951993929555474
v -7.9896550416946415 22.397868260416185 -1.2341516728200745
v -7.764426851272583 22.091827785505178 -1.1847630260157878
v -7.4 21.97493074109473 -1.16589824402729
vt 0 1
vt 0.10000000149011612 1
vt 0.20000000298023224 1
vt 0.30000001192092896 1
vt 0.4000000059604645 1
vt 0.5 1
vt 0.6000000238418579 1
vt 0.699999988079071 1
vt 0.800000011920929 1
vt 0.8999999761581421 1
vt 1 1
vt 0 0
vt 0.10000000149011612 0
vt 0.20000000298023224 0
vt 0.30000001192092896 0
vt 0.4000000059604645 0
vt 0.5 0
vt 0.6000000238418579 0
vt 0.699999988079071 0
vt 0.800000011920929 0
vt 0.8999999761581421 0
vt 1 0
vt 0.5 0.5
vt 0.5 0.5
vt 0.5 0.5
vt 0.5 0.5
vt 0.5 0.5
vt 0.5 0.5
vt 0.5 0.5
vt 0.5 0.5
vt 0.5 0.5
vt 0.5 0.5
vt 1 0.5
vt 0.9045084714889526 0.7938926219940186
vt 0.6545084714889526 0.9755282402038574
vt 0.345491498708725 0.9755282402038574
vt 0.09549150615930557 0.7938926219940186
vt 0 0.5
vt 0.09549150615930557 0.20610737800598145
vt 0.345491498708725 0.024471741169691086
vt 0.6545084714889526 0.024471741169691086
vt 0.9045084714889526 0.20610737800598145
vt 1 0.5
vt 0.5 0.5
vt 0.5 0.5
vt 0.5 0.5
vt 0.5 0.5
vt 0.5 0.5
vt 0.5 0.5
vt 0.5 0.5
vt 0.5 0.5
vt 0.5 0.5
vt 0.5 0.5
vt 1 0.5
vt 0.9045084714889526 0.20610737800598145
vt 0.6545084714889526 0.024471741169691086
vt 0.345491498708725 0.024471741169691086
vt 0.09549150615930557 0.20610737800598145
vt 0 0.5
vt 0.09549150615930557 0.7938926219940186
vt 0.345491498708725 0.9755282402038574
vt 0.6545084714889526 0.9755282402038574
vt 0.9045084714889526 0.7938926219940186
vt 1 0.5
vn 0 -0.9872272833756269 0.1593182066142462
vn 0.5877852429542022 -0.7986836562594867 0.12889113774518274
vn 0.9510565161477913 -0.30507000832142217 0.049232033429397505
vn 0.9510565161477913 0.30507000832142217 -0.049232033429397505
vn 0.5877852429542022 0.7986836562594867 -0.12889113774518274
vn 1.2246468525851679e-16 0.9872272833756269 -0.1593182066142462
vn -0.5877852429542022 0.7986836562594867 -0.12889113774518274
vn -0.9510565161477913 0.30507000832142217 -0.049232033429397505
vn -0.9510565161477913 -0.30507000832142217 0.049232033429397505
vn -0.5877852429542022 -0.7986836562594867 0.12889113774518274
vn -2.4492937051703357e-16 -0.9872272833756269 0.1593182066142462
vn 0 -0.9872272833756269 0.1593182066142462
vn 0.5877852429542022 -0.7986836562594867 0.12889113774518274
vn 0.9510565161477913 -0.30507000832142217 0.049232033429397505
vn 0.9510565161477913 0.30507000832142217 -0.049232033429397505
vn 0.5877852429542022 0.7986836562594867 -0.12889113774518274
vn 1.2246468525851679e-16 0.9872272833756269 -0.1593182066142462
vn -0.5877852429542022 0.7986836562594867 -0.12889113774518274
vn -0.9510565161477913 0.30507000832142217 -0.049232033429397505
vn -0.9510565161477913 -0.30507000832142217 0.049232033429397505
vn -0.5877852429542022 -0.7986836562594867 0.12889113774518274
vn -2.4492937051703357e-16 -0.9872272833756269 0.1593182066142462
vn 0 0.1593182066142462 0.9872272833756269
vn 0 0.1593182066142462 0.9872272833756269
vn 0 0.1593182066142462 0.9872272833756269
vn 0 0.1593182066142462 0.9872272833756269
vn 0 0.1593182066142462 0.9872272833756269
vn 0 0.1593182066142462 0.9872272833756269
vn 0 0.1593182066142462 0.9872272833756269
vn 0 0.1593182066142462 0.9872272833756269
vn 0 0.1593182066142462 0.9872272833756269
vn 0 0.1593182066142462 0.9872272833756269
vn 0 0.1593182066142462 0.9872272833756269
vn 0 0.1593182066142462 0.9872272833756269
vn 0 0.1593182066142462 0.9872272833756269
vn 0 0.1593182066142462 0.9872272833756269
vn 0 0.1593182066142462 0.9872272833756269
vn 0 0.1593182066142462 0.9872272833756269
vn 0 0.1593182066142462 0.9872272833756269
vn 0 0.1593182066142462 0.9872272833756269
vn 0 0.1593182066142462 0.9872272833756269
vn 0 0.1593182066142462 0.9872272833756269
vn 0 0.1593182066142462 0.9872272833756269
vn 0 -0.1593182066142462 -0.9872272833756269
vn 0 -0.1593182066142462 -0.9872272833756269
vn 0 -0.1593182066142462 -0.9872272833756269
vn 0 -0.1593182066142462 -0.9872272833756269
vn 0 -0.1593182066142462 -0.9872272833756269
vn 0 -0.1593182066142462 -0.9872272833756269
vn 0 -0.1593182066142462 -0.9872272833756269
vn 0 -0.1593182066142462 -0.9872272833756269
vn 0 -0.1593182066142462 -0.9872272833756269
vn 0 -0.1593182066142462 -0.9872272833756269
vn 0 -0.1593182066142462 -0.9872272833756269
vn 0 -0.1593182066142462 -0.9872272833756269
vn 0 -0.1593182066142462 -0.9872272833756269
vn 0 -0.1593182066142462 -0.9872272833756269
vn 0 -0.1593182066142462 -0.9872272833756269
vn 0 -0.1593182066142462 -0.9872272833756269
vn 0 -0.1593182066142462 -0.9872272833756269
vn 0 -0.1593182066142462 -0.9872272833756269
vn 0 -0.1593182066142462 -0.9872272833756269
vn 0 -0.1593182066142462 -0.9872272833756269
vn 0 -0.1593182066142462 -0.9872272833756269
f 1645/1645/1645 1656/1656/1656 1646/1646/1646
f 1656/1656/1656 1657/1657/1657 1646/1646/1646
f 1646/1646/1646 1657/1657/1657 1647/1647/1647
f 1657/1657/1657 1658/1658/1658 1647/1647/1647
f 1647/1647/1647 1658/1658/1658 1648/1648/1648
f 1658/1658/1658 1659/1659/1659 1648/1648/1648
f 1648/1648/1648 1659/1659/1659 1649/1649/1649
f 1659/1659/1659 1660/1660/1660 1649/1649/1649
f 1649/1649/1649 1660/1660/1660 1650/1650/1650
f 1660/1660/1660 1661/1661/1661 1650/1650/1650
f 1650/1650/1650 1661/1661/1661 1651/1651/1651
f 1661/1661/1661 1662/1662/1662 1651/1651/1651
f 1651/1651/1651 1662/1662/1662 1652/1652/1652
f 1662/1662/1662 1663/1663/1663 1652/1652/1652
f 1652/1652/1652 1663/1663/1663 1653/1653/1653
f 1663/1663/1663 1664/1664/1664 1653/1653/1653
f 1653/1653/1653 1664/1664/1664 1654/1654/1654
f 1664/1664/1664 1665/1665/1665 1654/1654/1654
f 1654/1654/1654 1665/1665/1665 1655/1655/1655
f 1665/1665/1665 1666/1666/1666 1655/1655/1655
f 1677/1677/1677 1678/1678/1678 1667/1667/1667
f 1678/1678/1678 1679/1679/1679 1668/1668/1668
f 1679/1679/1679 1680/1680/1680 1669/1669/1669
f 1680/1680/1680 1681/1681/1681 1670/1670/1670
f 1681/1681/1681 1682/1682/1682 1671/1671/1671
f 1682/1682/1682 1683/1683/1683 1672/1672/1672
f 1683/1683/1683 1684/1684/1684 1673/1673/1673
f 1684/1684/1684 1685/1685/1685 1674/1674/1674
f 1685/1685/1685 1686/1686/1686 1675/1675/1675
f 1686/1686/1686 1687/1687/1687 1676/1676/1676
f 1699/1699/1699 1698/1698/1698 1688/1688/1688
f 1700/1700/1700 1699/1699/1699 1689/1689/1689
f 1701/1701/1701 1700/1700/1700 1690/1690/1690
f 1702/1702/1702 1701/1701/1701 1691/1691/1691
f 1703/1703/1703 1702/1702/1702 1692/1692/1692
f 1704/1704/1704 1703/1703/1703 1693/1693/1693
f 1705/1705/1705 1704/1704/1704 1694/1694/1694
f 1706/1706/1706 1705/1705/1705 1695/1695/1695
f 1707/1707/1707 1706/1706/1706 1696/1696/1696
f 1708/1708/1708 1707/1707/1707 1697/1697/1697
o brake_face_rim
usemtl pedal_alloy_dark
v -4.800000190734863 24.559763739304607 -2.849209655386816
v -4.800000190734863 24.43230917211399 -3.6389914938559844
v -4.800000190734863 8.369236668541646 -0.2363911276882551
v -4.800000190734863 8.241782101351028 -1.026172966157423
v -17.199999809265137 24.43230917211399 -3.6389914938559844
v -17.199999809265137 24.559763739304607 -2.849209655386816
v -17.199999809265137 8.241782101351028 -1.026172966157423
v -17.199999809265137 8.369236668541646 -0.2363911276882551
v -17.199999809265137 24.43230917211399 -3.6389914938559844
v -4.800000190734863 24.43230917211399 -3.6389914938559844
v -17.199999809265137 24.559763739304607 -2.849209655386816
v -4.800000190734863 24.559763739304607 -2.849209655386816
v -17.199999809265137 8.369236668541646 -0.2363911276882551
v -4.800000190734863 8.369236668541646 -0.2363911276882551
v -17.199999809265137 8.241782101351028 -1.026172966157423
v -4.800000190734863 8.241782101351028 -1.026172966157423
v -17.199999809265137 24.559763739304607 -2.849209655386816
v -4.800000190734863 24.559763739304607 -2.849209655386816
v -17.199999809265137 8.369236668541646 -0.2363911276882551
v -4.800000190734863 8.369236668541646 -0.2363911276882551
v -4.800000190734863 24.43230917211399 -3.6389914938559844
v -17.199999809265137 24.43230917211399 -3.6389914938559844
v -4.800000190734863 8.241782101351028 -1.026172966157423
v -17.199999809265137 8.241782101351028 -1.026172966157423
vt 0 1
vt 1 1
vt 0 0
vt 1 0
vt 0 1
vt 1 1
vt 0 0
vt 1 0
vt 0 1
vt 1 1
vt 0 0
vt 1 0
vt 0 1
vt 1 1
vt 0 0
vt 1 0
vt 0 1
vt 1 1
vt 0 0
vt 1 0
vt 0 1
vt 1 1
vt 0 0
vt 1 0
vn 1 0 0
vn 1 0 0
vn 1 0 0
vn 1 0 0
vn -1 0 0
vn -1 0 0
vn -1 0 0
vn -1 0 0
vn 0 0.9872272833756269 -0.15931820661424598
vn 0 0.9872272833756269 -0.15931820661424598
vn 0 0.9872272833756269 -0.15931820661424598
vn 0 0.9872272833756269 -0.15931820661424598
vn 0 -0.9872272833756269 0.15931820661424598
vn 0 -0.9872272833756269 0.15931820661424598
vn 0 -0.9872272833756269 0.15931820661424598
vn 0 -0.9872272833756269 0.15931820661424598
vn 0 0.15931820661424598 0.9872272833756269
vn 0 0.15931820661424598 0.9872272833756269
vn 0 0.15931820661424598 0.9872272833756269
vn 0 0.15931820661424598 0.9872272833756269
vn 0 -0.15931820661424598 -0.9872272833756269
vn 0 -0.15931820661424598 -0.9872272833756269
vn 0 -0.15931820661424598 -0.9872272833756269
vn 0 -0.15931820661424598 -0.9872272833756269
f 1709/1709/1709 1711/1711/1711 1710/1710/1710
f 1711/1711/1711 1712/1712/1712 1710/1710/1710
f 1713/1713/1713 1715/1715/1715 1714/1714/1714
f 1715/1715/1715 1716/1716/1716 1714/1714/1714
f 1717/1717/1717 1719/1719/1719 1718/1718/1718
f 1719/1719/1719 1720/1720/1720 1718/1718/1718
f 1721/1721/1721 1723/1723/1723 1722/1722/1722
f 1723/1723/1723 1724/1724/1724 1722/1722/1722
f 1725/1725/1725 1727/1727/1727 1726/1726/1726
f 1727/1727/1727 1728/1728/1728 1726/1726/1726
f 1729/1729/1729 1731/1731/1731 1730/1730/1730
f 1731/1731/1731 1732/1732/1732 1730/1730/1730
o brake_accent_stripe
usemtl accent_red
v -6.5 22.781325325569863 -0.6882709854230804
v -6.5 22.70166622226274 -1.181884627110894
v -6.5 21.20176164863153 -0.43336185104184477
v -6.5 21.122102545324406 -0.9269754927296583
v -15.5 22.70166622226274 -1.181884627110894
v -15.5 22.781325325569863 -0.6882709854230804
v -15.5 21.122102545324406 -0.9269754927296583
v -15.5 21.20176164863153 -0.43336185104184477
v -15.5 22.70166622226274 -1.181884627110894
v -6.5 22.70166622226274 -1.181884627110894
v -15.5 22.781325325569863 -0.6882709854230804
v -6.5 22.781325325569863 -0.6882709854230804
v -15.5 21.20176164863153 -0.43336185104184477
v -6.5 21.20176164863153 -0.43336185104184477
v -15.5 21.122102545324406 -0.9269754927296583
v -6.5 21.122102545324406 -0.9269754927296583
v -15.5 22.781325325569863 -0.6882709854230804
v -6.5 22.781325325569863 -0.6882709854230804
v -15.5 21.20176164863153 -0.43336185104184477
v -6.5 21.20176164863153 -0.43336185104184477
v -6.5 22.70166622226274 -1.181884627110894
v -15.5 22.70166622226274 -1.181884627110894
v -6.5 21.122102545324406 -0.9269754927296583
v -15.5 21.122102545324406 -0.9269754927296583
vt 0 1
vt 1 1
vt 0 0
vt 1 0
vt 0 1
vt 1 1
vt 0 0
vt 1 0
vt 0 1
vt 1 1
vt 0 0
vt 1 0
vt 0 1
vt 1 1
vt 0 0
vt 1 0
vt 0 1
vt 1 1
vt 0 0
vt 1 0
vt 0 1
vt 1 1
vt 0 0
vt 1 0
vn 1 0 0
vn 1 0 0
vn 1 0 0
vn 1 0 0
vn -1 0 0
vn -1 0 0
vn -1 0 0
vn -1 0 0
vn 0 0.9872272833756269 -0.15931820661424598
vn 0 0.9872272833756269 -0.15931820661424598
vn 0 0.9872272833756269 -0.15931820661424598
vn 0 0.9872272833756269 -0.15931820661424598
vn 0 -0.9872272833756269 0.15931820661424598
vn 0 -0.9872272833756269 0.15931820661424598
vn 0 -0.9872272833756269 0.15931820661424598
vn 0 -0.9872272833756269 0.15931820661424598
vn 0 0.15931820661424598 0.9872272833756269
vn 0 0.15931820661424598 0.9872272833756269
vn 0 0.15931820661424598 0.9872272833756269
vn 0 0.15931820661424598 0.9872272833756269
vn 0 -0.15931820661424598 -0.9872272833756269
vn 0 -0.15931820661424598 -0.9872272833756269
vn 0 -0.15931820661424598 -0.9872272833756269
vn 0 -0.15931820661424598 -0.9872272833756269
f 1733/1733/1733 1735/1735/1735 1734/1734/1734
f 1735/1735/1735 1736/1736/1736 1734/1734/1734
f 1737/1737/1737 1739/1739/1739 1738/1738/1738
f 1739/1739/1739 1740/1740/1740 1738/1738/1738
f 1741/1741/1741 1743/1743/1743 1742/1742/1742
f 1743/1743/1743 1744/1744/1744 1742/1742/1742
f 1745/1745/1745 1747/1747/1747 1746/1746/1746
f 1747/1747/1747 1748/1748/1748 1746/1746/1746
f 1749/1749/1749 1751/1751/1751 1750/1750/1750
f 1751/1751/1751 1752/1752/1752 1750/1750/1750
f 1753/1753/1753 1755/1755/1755 1754/1754/1754
f 1755/1755/1755 1756/1756/1756 1754/1754/1754
o brake_hinge_pin
usemtl hinge_bolt
v -16.5 1.2212453270876722e-15 0.8999999761581421
v -16.5 0.27811530232429627 0.8559508919715881
v -16.5 0.5290067195892346 0.7281153202056885
v -16.5 0.7281153202056897 0.5290067195892334
v -16.5 0.8559508919715894 0.27811530232429504
v -16.5 0.8999999761581433 5.5109105057610103e-17
v -16.5 0.8559508919715894 -0.27811530232429504
v -16.5 0.7281153202056897 -0.5290067195892334
v -16.5 0.5290067195892346 -0.7281153202056885
v -16.5 0.27811530232429627 -0.8559508919715881
v -16.5 1.3314635372028924e-15 -0.8999999761581421
v -16.5 -0.2781153023242938 -0.8559508919715881
v -16.5 -0.5290067195892322 -0.7281153202056885
v -16.5 -0.7281153202056873 -0.5290067195892334
v -16.5 -0.8559508919715869 -0.27811530232429504
v -16.5 -0.8999999761581409 -1.6532731848155276e-16
v -16.5 -0.8559508919715869 0.27811530232429504
v -16.5 -0.7281153202056873 0.5290067195892334
v -16.5 -0.5290067195892322 0.7281153202056885
v -16.5 -0.2781153023242938 0.8559508919715881
v -16.5 1.0008089068572318e-15 0.8999999761581421
v -5.5 -1.2212453270876722e-15 0.8999999761581421
v -5.5 0.2781153023242938 0.8559508919715881
v -5.5 0.5290067195892322 0.7281153202056885
v -5.5 0.7281153202056873 0.5290067195892334
v -5.5 0.8559508919715869 0.27811530232429504
v -5.5 0.8999999761581409 5.5109105057610103e-17
v -5.5 0.8559508919715869 -0.27811530232429504
v -5.5 0.7281153202056873 -0.5290067195892334
v -5.5 0.5290067195892322 -0.7281153202056885
v -5.5 0.2781153023242938 -0.8559508919715881
v -5.5 -1.111027116972452e-15 -0.8999999761581421
v -5.5 -0.27811530232429627 -0.8559508919715881
v -5.5 -0.5290067195892346 -0.7281153202056885
v -5.5 -0.7281153202056897 -0.5290067195892334
v -5.5 -0.8559508919715894 -0.27811530232429504
v -5.5 -0.8999999761581433 -1.6532731848155276e-16
v -5.5 -0.8559508919715894 0.27811530232429504
v -5.5 -0.7281153202056897 0.5290067195892334
v -5.5 -0.5290067195892346 0.7281153202056885
v -5.5 -0.27811530232429627 0.8559508919715881
v -5.5 -1.4416817473181126e-15 0.8999999761581421
v -16.5 1.2212453270876722e-15 0
v -16.5 1.2212453270876722e-15 0
v -16.5 1.2212453270876722e-15 0
v -16.5 1.2212453270876722e-15 0
v -16.5 1.2212453270876722e-15 0
v -16.5 1.2212453270876722e-15 0
v -16.5 1.2212453270876722e-15 0
v -16.5 1.2212453270876722e-15 0
v -16.5 1.2212453270876722e-15 0
v -16.5 1.2212453270876722e-15 0
v -16.5 1.2212453270876722e-15 0
v -16.5 1.2212453270876722e-15 0
v -16.5 1.2212453270876722e-15 0
v -16.5 1.2212453270876722e-15 0
v -16.5 1.2212453270876722e-15 0
v -16.5 1.2212453270876722e-15 0
v -16.5 1.2212453270876722e-15 0
v -16.5 1.2212453270876722e-15 0
v -16.5 1.2212453270876722e-15 0
v -16.5 1.2212453270876722e-15 0
v -16.5 1.2212453270876722e-15 0.8999999761581421
v -16.5 0.27811530232429627 0.8559508919715881
v -16.5 0.5290067195892346 0.7281153202056885
v -16.5 0.7281153202056897 0.5290067195892334
v -16.5 0.8559508919715894 0.27811530232429504
v -16.5 0.8999999761581433 5.5109105057610103e-17
v -16.5 0.8559508919715894 -0.27811530232429504
v -16.5 0.7281153202056897 -0.5290067195892334
v -16.5 0.5290067195892346 -0.7281153202056885
v -16.5 0.27811530232429627 -0.8559508919715881
v -16.5 1.3314635372028924e-15 -0.8999999761581421
v -16.5 -0.2781153023242938 -0.8559508919715881
v -16.5 -0.5290067195892322 -0.7281153202056885
v -16.5 -0.7281153202056873 -0.5290067195892334
v -16.5 -0.8559508919715869 -0.27811530232429504
v -16.5 -0.8999999761581409 -1.6532731848155276e-16
v -16.5 -0.8559508919715869 0.27811530232429504
v -16.5 -0.7281153202056873 0.5290067195892334
v -16.5 -0.5290067195892322 0.7281153202056885
v -16.5 -0.2781153023242938 0.8559508919715881
v -16.5 1.0008089068572318e-15 0.8999999761581421
v -5.5 -1.2212453270876722e-15 0
v -5.5 -1.2212453270876722e-15 0
v -5.5 -1.2212453270876722e-15 0
v -5.5 -1.2212453270876722e-15 0
v -5.5 -1.2212453270876722e-15 0
v -5.5 -1.2212453270876722e-15 0
v -5.5 -1.2212453270876722e-15 0
v -5.5 -1.2212453270876722e-15 0
v -5.5 -1.2212453270876722e-15 0
v -5.5 -1.2212453270876722e-15 0
v -5.5 -1.2212453270876722e-15 0
v -5.5 -1.2212453270876722e-15 0
v -5.5 -1.2212453270876722e-15 0
v -5.5 -1.2212453270876722e-15 0
v -5.5 -1.2212453270876722e-15 0
v -5.5 -1.2212453270876722e-15 0
v -5.5 -1.2212453270876722e-15 0
v -5.5 -1.2212453270876722e-15 0
v -5.5 -1.2212453270876722e-15 0
v -5.5 -1.2212453270876722e-15 0
v -5.5 -1.2212453270876722e-15 0.8999999761581421
v -5.5 0.2781153023242938 0.8559508919715881
v -5.5 0.5290067195892322 0.7281153202056885
v -5.5 0.7281153202056873 0.5290067195892334
v -5.5 0.8559508919715869 0.27811530232429504
v -5.5 0.8999999761581409 5.5109105057610103e-17
v -5.5 0.8559508919715869 -0.27811530232429504
v -5.5 0.7281153202056873 -0.5290067195892334
v -5.5 0.5290067195892322 -0.7281153202056885
v -5.5 0.2781153023242938 -0.8559508919715881
v -5.5 -1.111027116972452e-15 -0.8999999761581421
v -5.5 -0.27811530232429627 -0.8559508919715881
v -5.5 -0.5290067195892346 -0.7281153202056885
v -5.5 -0.7281153202056897 -0.5290067195892334
v -5.5 -0.8559508919715894 -0.27811530232429504
v -5.5 -0.8999999761581433 -1.6532731848155276e-16
v -5.5 -0.8559508919715894 0.27811530232429504
v -5.5 -0.7281153202056897 0.5290067195892334
v -5.5 -0.5290067195892346 0.7281153202056885
v -5.5 -0.27811530232429627 0.8559508919715881
v -5.5 -1.4416817473181126e-15 0.8999999761581421
vt 0 1
vt 0.05000000074505806 1
vt 0.10000000149011612 1
vt 0.15000000596046448 1
vt 0.20000000298023224 1
vt 0.25 1
vt 0.30000001192092896 1
vt 0.3499999940395355 1
vt 0.4000000059604645 1
vt 0.44999998807907104 1
vt 0.5 1
vt 0.550000011920929 1
vt 0.6000000238418579 1
vt 0.6499999761581421 1
vt 0.699999988079071 1
vt 0.75 1
vt 0.800000011920929 1
vt 0.8500000238418579 1
vt 0.8999999761581421 1
vt 0.949999988079071 1
vt 1 1
vt 0 0
vt 0.05000000074505806 0
vt 0.10000000149011612 0
vt 0.15000000596046448 0
vt 0.20000000298023224 0
vt 0.25 0
vt 0.30000001192092896 0
vt 0.3499999940395355 0
vt 0.4000000059604645 0
vt 0.44999998807907104 0
vt 0.5 0
vt 0.550000011920929 0
vt 0.6000000238418579 0
vt 0.6499999761581421 0
vt 0.699999988079071 0
vt 0.75 0
vt 0.800000011920929 0
vt 0.8500000238418579 0
vt 0.8999999761581421 0
vt 0.949999988079071 0
vt 1 0
vt 0.5 0.5
vt 0.5 0.5
vt 0.5 0.5
vt 0.5 0.5
vt 0.5 0.5
vt 0.5 0.5
vt 0.5 0.5
vt 0.5 0.5
vt 0.5 0.5
vt 0.5 0.5
vt 0.5 0.5
vt 0.5 0.5
vt 0.5 0.5
vt 0.5 0.5
vt 0.5 0.5
vt 0.5 0.5
vt 0.5 0.5
vt 0.5 0.5
vt 0.5 0.5
vt 0.5 0.5
vt 1 0.5
vt 0.9755282402038574 0.6545084714889526
vt 0.9045084714889526 0.7938926219940186
vt 0.7938926219940186 0.9045084714889526
vt 0.6545084714889526 0.9755282402038574
vt 0.5 1
vt 0.345491498708725 0.9755282402038574
vt 0.20610737800598145 0.9045084714889526
vt 0.09549150615930557 0.7938926219940186
vt 0.024471741169691086 0.6545084714889526
vt 0 0.5
vt 0.024471741169691086 0.345491498708725
vt 0.09549150615930557 0.20610737800598145
vt 0.20610737800598145 0.09549150615930557
vt 0.345491498708725 0.024471741169691086
vt 0.5 0
vt 0.6545084714889526 0.024471741169691086
vt 0.7938926219940186 0.09549150615930557
vt 0.9045084714889526 0.20610737800598145
vt 0.9755282402038574 0.345491498708725
vt 1 0.5
vt 0.5 0.5
vt 0.5 0.5
vt 0.5 0.5
vt 0.5 0.5
vt 0.5 0.5
vt 0.5 0.5
vt 0.5 0.5
vt 0.5 0.5
vt 0.5 0.5
vt 0.5 0.5
vt 0.5 0.5
vt 0.5 0.5
vt 0.5 0.5
vt 0.5 0.5
vt 0.5 0.5
vt 0.5 0.5
vt 0.5 0.5
vt 0.5 0.5
vt 0.5 0.5
vt 0.5 0.5
vt 1 0.5
vt 0.9755282402038574 0.345491498708725
vt 0.9045084714889526 0.20610737800598145
vt 0.7938926219940186 0.09549150615930557
vt 0.6545084714889526 0.024471741169691086
vt 0.5 0
vt 0.345491498708725 0.024471741169691086
vt 0.20610737800598145 0.09549150615930557
vt 0.09549150615930557 0.20610737800598145
vt 0.024471741169691086 0.345491498708725
vt 0 0.5
vt 0.024471741169691086 0.6545084714889526
vt 0.09549150615930557 0.7938926219940186
vt 0.20610737800598145 0.9045084714889526
vt 0.345491498708725 0.9755282402038574
vt 0.5 1
vt 0.6545084714889526 0.9755282402038574
vt 0.7938926219940186 0.9045084714889526
vt 0.9045084714889526 0.7938926219940186
vt 0.9755282402038574 0.6545084714889526
vt 1 0.5
vn 0 0 1
vn 6.861555653181067e-17 0.3090169948284817 0.9510565161477913
vn 1.3051454205252937e-16 0.5877852429542022 0.8090170011595983
vn 1.796378604001166e-16 0.8090170011595983 0.5877852429542022
vn 2.1117696838941298e-16 0.9510565161477913 0.3090169948284817
vn 2.220446049250313e-16 1 6.123234262925839e-17
vn 2.1117696838941298e-16 0.9510565161477913 -0.3090169948284817
vn 1.796378604001166e-16 0.8090170011595983 -0.5877852429542022
vn 1.3051454205252937e-16 0.5877852429542022 -0.8090170011595983
vn 6.861555653181067e-17 0.3090169948284817 -0.9510565161477913
vn 2.7192622655495665e-32 1.2246468525851679e-16 -1
vn -6.861555653181067e-17 -0.3090169948284817 -0.9510565161477913
vn -1.3051454205252937e-16 -0.5877852429542022 -0.8090170011595983
vn -1.796378604001166e-16 -0.8090170011595983 -0.5877852429542022
vn -2.1117696838941298e-16 -0.9510565161477913 -0.3090169948284817
vn -2.220446049250313e-16 -1 -1.8369701465288538e-16
vn -2.1117696838941298e-16 -0.9510565161477913 0.3090169948284817
vn -1.796378604001166e-16 -0.8090170011595983 0.5877852429542022
vn -1.3051454205252937e-16 -0.5877852429542022 0.8090170011595983
vn -6.861555653181067e-17 -0.3090169948284817 0.9510565161477913
vn -5.438524531099133e-32 -2.4492937051703357e-16 1
vn 0 0 1
vn 6.861555653181067e-17 0.3090169948284817 0.9510565161477913
vn 1.3051454205252937e-16 0.5877852429542022 0.8090170011595983
vn 1.796378604001166e-16 0.8090170011595983 0.5877852429542022
vn 2.1117696838941298e-16 0.9510565161477913 0.3090169948284817
vn 2.220446049250313e-16 1 6.123234262925839e-17
vn 2.1117696838941298e-16 0.9510565161477913 -0.3090169948284817
vn 1.796378604001166e-16 0.8090170011595983 -0.5877852429542022
vn 1.3051454205252937e-16 0.5877852429542022 -0.8090170011595983
vn 6.861555653181067e-17 0.3090169948284817 -0.9510565161477913
vn 2.7192622655495665e-32 1.2246468525851679e-16 -1
vn -6.861555653181067e-17 -0.3090169948284817 -0.9510565161477913
vn -1.3051454205252937e-16 -0.5877852429542022 -0.8090170011595983
vn -1.796378604001166e-16 -0.8090170011595983 -0.5877852429542022
vn -2.1117696838941298e-16 -0.9510565161477913 -0.3090169948284817
vn -2.220446049250313e-16 -1 -1.8369701465288538e-16
vn -2.1117696838941298e-16 -0.9510565161477913 0.3090169948284817
vn -1.796378604001166e-16 -0.8090170011595983 0.5877852429542022
vn -1.3051454205252937e-16 -0.5877852429542022 0.8090170011595983
vn -6.861555653181067e-17 -0.3090169948284817 0.9510565161477913
vn -5.438524531099133e-32 -2.4492937051703357e-16 1
vn -1 2.220446049250313e-16 0
vn -1 2.220446049250313e-16 0
vn -1 2.220446049250313e-16 0
vn -1 2.220446049250313e-16 0
vn -1 2.220446049250313e-16 0
vn -1 2.220446049250313e-16 0
vn -1 2.220446049250313e-16 0
vn -1 2.220446049250313e-16 0
vn -1 2.220446049250313e-16 0
vn -1 2.220446049250313e-16 0
vn -1 2.220446049250313e-16 0
vn -1 2.220446049250313e-16 0
vn -1 2.220446049250313e-16 0
vn -1 2.220446049250313e-16 0
vn -1 2.220446049250313e-16 0
vn -1 2.220446049250313e-16 0
vn -1 2.220446049250313e-16 0
vn -1 2.220446049250313e-16 0
vn -1 2.220446049250313e-16 0
vn -1 2.220446049250313e-16 0
vn -1 2.220446049250313e-16 0
vn -1 2.220446049250313e-16 0
vn -1 2.220446049250313e-16 0
vn -1 2.220446049250313e-16 0
vn -1 2.220446049250313e-16 0
vn -1 2.220446049250313e-16 0
vn -1 2.220446049250313e-16 0
vn -1 2.220446049250313e-16 0
vn -1 2.220446049250313e-16 0
vn -1 2.220446049250313e-16 0
vn -1 2.220446049250313e-16 0
vn -1 2.220446049250313e-16 0
vn -1 2.220446049250313e-16 0
vn -1 2.220446049250313e-16 0
vn -1 2.220446049250313e-16 0
vn -1 2.220446049250313e-16 0
vn -1 2.220446049250313e-16 0
vn -1 2.220446049250313e-16 0
vn -1 2.220446049250313e-16 0
vn -1 2.220446049250313e-16 0
vn -1 2.220446049250313e-16 0
vn 1 -2.220446049250313e-16 0
vn 1 -2.220446049250313e-16 0
vn 1 -2.220446049250313e-16 0
vn 1 -2.220446049250313e-16 0
vn 1 -2.220446049250313e-16 0
vn 1 -2.220446049250313e-16 0
vn 1 -2.220446049250313e-16 0
vn 1 -2.220446049250313e-16 0
vn 1 -2.220446049250313e-16 0
vn 1 -2.220446049250313e-16 0
vn 1 -2.220446049250313e-16 0
vn 1 -2.220446049250313e-16 0
vn 1 -2.220446049250313e-16 0
vn 1 -2.220446049250313e-16 0
vn 1 -2.220446049250313e-16 0
vn 1 -2.220446049250313e-16 0
vn 1 -2.220446049250313e-16 0
vn 1 -2.220446049250313e-16 0
vn 1 -2.220446049250313e-16 0
vn 1 -2.220446049250313e-16 0
vn 1 -2.220446049250313e-16 0
vn 1 -2.220446049250313e-16 0
vn 1 -2.220446049250313e-16 0
vn 1 -2.220446049250313e-16 0
vn 1 -2.220446049250313e-16 0
vn 1 -2.220446049250313e-16 0
vn 1 -2.220446049250313e-16 0
vn 1 -2.220446049250313e-16 0
vn 1 -2.220446049250313e-16 0
vn 1 -2.220446049250313e-16 0
vn 1 -2.220446049250313e-16 0
vn 1 -2.220446049250313e-16 0
vn 1 -2.220446049250313e-16 0
vn 1 -2.220446049250313e-16 0
vn 1 -2.220446049250313e-16 0
vn 1 -2.220446049250313e-16 0
vn 1 -2.220446049250313e-16 0
vn 1 -2.220446049250313e-16 0
vn 1 -2.220446049250313e-16 0
vn 1 -2.220446049250313e-16 0
vn 1 -2.220446049250313e-16 0
f 1757/1757/1757 1778/1778/1778 1758/1758/1758
f 1778/1778/1778 1779/1779/1779 1758/1758/1758
f 1758/1758/1758 1779/1779/1779 1759/1759/1759
f 1779/1779/1779 1780/1780/1780 1759/1759/1759
f 1759/1759/1759 1780/1780/1780 1760/1760/1760
f 1780/1780/1780 1781/1781/1781 1760/1760/1760
f 1760/1760/1760 1781/1781/1781 1761/1761/1761
f 1781/1781/1781 1782/1782/1782 1761/1761/1761
f 1761/1761/1761 1782/1782/1782 1762/1762/1762
f 1782/1782/1782 1783/1783/1783 1762/1762/1762
f 1762/1762/1762 1783/1783/1783 1763/1763/1763
f 1783/1783/1783 1784/1784/1784 1763/1763/1763
f 1763/1763/1763 1784/1784/1784 1764/1764/1764
f 1784/1784/1784 1785/1785/1785 1764/1764/1764
f 1764/1764/1764 1785/1785/1785 1765/1765/1765
f 1785/1785/1785 1786/1786/1786 1765/1765/1765
f 1765/1765/1765 1786/1786/1786 1766/1766/1766
f 1786/1786/1786 1787/1787/1787 1766/1766/1766
f 1766/1766/1766 1787/1787/1787 1767/1767/1767
f 1787/1787/1787 1788/1788/1788 1767/1767/1767
f 1767/1767/1767 1788/1788/1788 1768/1768/1768
f 1788/1788/1788 1789/1789/1789 1768/1768/1768
f 1768/1768/1768 1789/1789/1789 1769/1769/1769
f 1789/1789/1789 1790/1790/1790 1769/1769/1769
f 1769/1769/1769 1790/1790/1790 1770/1770/1770
f 1790/1790/1790 1791/1791/1791 1770/1770/1770
f 1770/1770/1770 1791/1791/1791 1771/1771/1771
f 1791/1791/1791 1792/1792/1792 1771/1771/1771
f 1771/1771/1771 1792/1792/1792 1772/1772/1772
f 1792/1792/1792 1793/1793/1793 1772/1772/1772
f 1772/1772/1772 1793/1793/1793 1773/1773/1773
f 1793/1793/1793 1794/1794/1794 1773/1773/1773
f 1773/1773/1773 1794/1794/1794 1774/1774/1774
f 1794/1794/1794 1795/1795/1795 1774/1774/1774
f 1774/1774/1774 1795/1795/1795 1775/1775/1775
f 1795/1795/1795 1796/1796/1796 1775/1775/1775
f 1775/1775/1775 1796/1796/1796 1776/1776/1776
f 1796/1796/1796 1797/1797/1797 1776/1776/1776
f 1776/1776/1776 1797/1797/1797 1777/1777/1777
f 1797/1797/1797 1798/1798/1798 1777/1777/1777
f 1819/1819/1819 1820/1820/1820 1799/1799/1799
f 1820/1820/1820 1821/1821/1821 1800/1800/1800
f 1821/1821/1821 1822/1822/1822 1801/1801/1801
f 1822/1822/1822 1823/1823/1823 1802/1802/1802
f 1823/1823/1823 1824/1824/1824 1803/1803/1803
f 1824/1824/1824 1825/1825/1825 1804/1804/1804
f 1825/1825/1825 1826/1826/1826 1805/1805/1805
f 1826/1826/1826 1827/1827/1827 1806/1806/1806
f 1827/1827/1827 1828/1828/1828 1807/1807/1807
f 1828/1828/1828 1829/1829/1829 1808/1808/1808
f 1829/1829/1829 1830/1830/1830 1809/1809/1809
f 1830/1830/1830 1831/1831/1831 1810/1810/1810
f 1831/1831/1831 1832/1832/1832 1811/1811/1811
f 1832/1832/1832 1833/1833/1833 1812/1812/1812
f 1833/1833/1833 1834/1834/1834 1813/1813/1813
f 1834/1834/1834 1835/1835/1835 1814/1814/1814
f 1835/1835/1835 1836/1836/1836 1815/1815/1815
f 1836/1836/1836 1837/1837/1837 1816/1816/1816
f 1837/1837/1837 1838/1838/1838 1817/1817/1817
f 1838/1838/1838 1839/1839/1839 1818/1818/1818
f 1861/1861/1861 1860/1860/1860 1840/1840/1840
f 1862/1862/1862 1861/1861/1861 1841/1841/1841
f 1863/1863/1863 1862/1862/1862 1842/1842/1842
f 1864/1864/1864 1863/1863/1863 1843/1843/1843
f 1865/1865/1865 1864/1864/1864 1844/1844/1844
f 1866/1866/1866 1865/1865/1865 1845/1845/1845
f 1867/1867/1867 1866/1866/1866 1846/1846/1846
f 1868/1868/1868 1867/1867/1867 1847/1847/1847
f 1869/1869/1869 1868/1868/1868 1848/1848/1848
f 1870/1870/1870 1869/1869/1869 1849/1849/1849
f 1871/1871/1871 1870/1870/1870 1850/1850/1850
f 1872/1872/1872 1871/1871/1871 1851/1851/1851
f 1873/1873/1873 1872/1872/1872 1852/1852/1852
f 1874/1874/1874 1873/1873/1873 1853/1853/1853
f 1875/1875/1875 1874/1874/1874 1854/1854/1854
f 1876/1876/1876 1875/1875/1875 1855/1855/1855
f 1877/1877/1877 1876/1876/1876 1856/1856/1856
f 1878/1878/1878 1877/1877/1877 1857/1857/1857
f 1879/1879/1879 1878/1878/1878 1858/1858/1858
f 1880/1880/1880 1879/1879/1879 1859/1859/1859
o brake_pin_cap_l
usemtl pedal_alloy_dark
v -17.40000002384186 1.332267682489747e-16 1.5
v -17.40000002384186 0.513030230998993 1.409538984298706
v -17.40000002384186 0.964181423187256 1.149066686630249
v -17.40000002384186 1.2990380525588991 0.75
v -17.40000002384186 1.4772115945816042 0.26047226786613464
v -17.40000002384186 1.4772115945816042 -0.26047226786613464
v -17.40000002384186 1.2990380525588991 -0.75
v -17.40000002384186 0.964181423187256 -1.149066686630249
v -17.40000002384186 0.513030230998993 -1.409538984298706
v -17.40000002384186 3.169237829018601e-16 -1.5
v -17.40000002384186 -0.5130302309989928 -1.409538984298706
v -17.40000002384186 -0.9641814231872557 -1.149066686630249
v -17.40000002384186 -1.2990380525588987 -0.75
v -17.40000002384186 -1.4772115945816038 -0.26047226786613464
v -17.40000002384186 -1.4772115945816038 0.26047226786613464
v -17.40000002384186 -1.2990380525588987 0.75
v -17.40000002384186 -0.9641814231872557 1.149066686630249
v -17.40000002384186 -0.5130302309989928 1.409538984298706
v -17.40000002384186 -2.3416726105679605e-16 1.5
v -16.199999976158143 -1.332267682489747e-16 1.5
v -16.199999976158143 0.5130302309989928 1.409538984298706
v -16.199999976158143 0.9641814231872557 1.149066686630249
v -16.199999976158143 1.2990380525588987 0.75
v -16.199999976158143 1.4772115945816038 0.26047226786613464
v -16.199999976158143 1.4772115945816038 -0.26047226786613464
v -16.199999976158143 1.2990380525588987 -0.75
v -16.199999976158143 0.9641814231872557 -1.149066686630249
v -16.199999976158143 0.5130302309989928 -1.409538984298706
v -16.199999976158143 5.047024640391067e-17 -1.5
v -16.199999976158143 -0.513030230998993 -1.409538984298706
v -16.199999976158143 -0.964181423187256 -1.149066686630249
v -16.199999976158143 -1.2990380525588991 -0.75
v -16.199999976158143 -1.4772115945816042 -0.26047226786613464
v -16.199999976158143 -1.4772115945816042 0.26047226786613464
v -16.199999976158143 -1.2990380525588991 0.75
v -16.199999976158143 -0.964181423187256 1.149066686630249
v -16.199999976158143 -0.513030230998993 1.409538984298706
v -16.199999976158143 -5.006207975547455e-16 1.5
v -17.40000002384186 1.332267682489747e-16 0
v -17.40000002384186 1.332267682489747e-16 0
v -17.40000002384186 1.332267682489747e-16 0
v -17.40000002384186 1.332267682489747e-16 0
v -17.40000002384186 1.332267682489747e-16 0
v -17.40000002384186 1.332267682489747e-16 0
v -17.40000002384186 1.332267682489747e-16 0
v -17.40000002384186 1.332267682489747e-16 0
v -17.40000002384186 1.332267682489747e-16 0
v -17.40000002384186 1.332267682489747e-16 0
v -17.40000002384186 1.332267682489747e-16 0
v -17.40000002384186 1.332267682489747e-16 0
v -17.40000002384186 1.332267682489747e-16 0
v -17.40000002384186 1.332267682489747e-16 0
v -17.40000002384186 1.332267682489747e-16 0
v -17.40000002384186 1.332267682489747e-16 0
v -17.40000002384186 1.332267682489747e-16 0
v -17.40000002384186 1.332267682489747e-16 0
v -17.40000002384186 1.332267682489747e-16 1.5
v -17.40000002384186 0.513030230998993 1.409538984298706
v -17.40000002384186 0.964181423187256 1.149066686630249
v -17.40000002384186 1.2990380525588991 0.75
v -17.40000002384186 1.4772115945816042 0.26047226786613464
v -17.40000002384186 1.4772115945816042 -0.26047226786613464
v -17.40000002384186 1.2990380525588991 -0.75
v -17.40000002384186 0.964181423187256 -1.149066686630249
v -17.40000002384186 0.513030230998993 -1.409538984298706
v -17.40000002384186 3.169237829018601e-16 -1.5
v -17.40000002384186 -0.5130302309989928 -1.409538984298706
v -17.40000002384186 -0.9641814231872557 -1.149066686630249
v -17.40000002384186 -1.2990380525588987 -0.75
v -17.40000002384186 -1.4772115945816038 -0.26047226786613464
v -17.40000002384186 -1.4772115945816038 0.26047226786613464
v -17.40000002384186 -1.2990380525588987 0.75
v -17.40000002384186 -0.9641814231872557 1.149066686630249
v -17.40000002384186 -0.5130302309989928 1.409538984298706
v -17.40000002384186 -2.3416726105679605e-16 1.5
v -16.199999976158143 -1.332267682489747e-16 0
v -16.199999976158143 -1.332267682489747e-16 0
v -16.199999976158143 -1.332267682489747e-16 0
v -16.199999976158143 -1.332267682489747e-16 0
v -16.199999976158143 -1.332267682489747e-16 0
v -16.199999976158143 -1.332267682489747e-16 0
v -16.199999976158143 -1.332267682489747e-16 0
v -16.199999976158143 -1.332267682489747e-16 0
v -16.199999976158143 -1.332267682489747e-16 0
v -16.199999976158143 -1.332267682489747e-16 0
v -16.199999976158143 -1.332267682489747e-16 0
v -16.199999976158143 -1.332267682489747e-16 0
v -16.199999976158143 -1.332267682489747e-16 0
v -16.199999976158143 -1.332267682489747e-16 0
v -16.199999976158143 -1.332267682489747e-16 0
v -16.199999976158143 -1.332267682489747e-16 0
v -16.199999976158143 -1.332267682489747e-16 0
v -16.199999976158143 -1.332267682489747e-16 0
v -16.199999976158143 -1.332267682489747e-16 1.5
v -16.199999976158143 0.5130302309989928 1.409538984298706
v -16.199999976158143 0.9641814231872557 1.149066686630249
v -16.199999976158143 1.2990380525588987 0.75
v -16.199999976158143 1.4772115945816038 0.26047226786613464
v -16.199999976158143 1.4772115945816038 -0.26047226786613464
v -16.199999976158143 1.2990380525588987 -0.75
v -16.199999976158143 0.9641814231872557 -1.149066686630249
v -16.199999976158143 0.5130302309989928 -1.409538984298706
v -16.199999976158143 5.047024640391067e-17 -1.5
v -16.199999976158143 -0.513030230998993 -1.409538984298706
v -16.199999976158143 -0.964181423187256 -1.149066686630249
v -16.199999976158143 -1.2990380525588991 -0.75
v -16.199999976158143 -1.4772115945816042 -0.26047226786613464
v -16.199999976158143 -1.4772115945816042 0.26047226786613464
v -16.199999976158143 -1.2990380525588991 0.75
v -16.199999976158143 -0.964181423187256 1.149066686630249
v -16.199999976158143 -0.513030230998993 1.409538984298706
v -16.199999976158143 -5.006207975547455e-16 1.5
vt 0 1
vt 0.0555555559694767 1
vt 0.1111111119389534 1
vt 0.1666666716337204 1
vt 0.2222222238779068 1
vt 0.2777777910232544 1
vt 0.3333333432674408 1
vt 0.3888888955116272 1
vt 0.4444444477558136 1
vt 0.5 1
vt 0.5555555820465088 1
vt 0.6111111044883728 1
vt 0.6666666865348816 1
vt 0.7222222089767456 1
vt 0.7777777910232544 1
vt 0.8333333134651184 1
vt 0.8888888955116272 1
vt 0.9444444179534912 1
vt 1 1
vt 0 0
vt 0.0555555559694767 0
vt 0.1111111119389534 0
vt 0.1666666716337204 0
vt 0.2222222238779068 0
vt 0.2777777910232544 0
vt 0.3333333432674408 0
vt 0.3888888955116272 0
vt 0.4444444477558136 0
vt 0.5 0
vt 0.5555555820465088 0
vt 0.6111111044883728 0
vt 0.6666666865348816 0
vt 0.7222222089767456 0
vt 0.7777777910232544 0
vt 0.8333333134651184 0
vt 0.8888888955116272 0
vt 0.9444444179534912 0
vt 1 0
vt 0.5 0.5
vt 0.5 0.5
vt 0.5 0.5
vt 0.5 0.5
vt 0.5 0.5
vt 0.5 0.5
vt 0.5 0.5
vt 0.5 0.5
vt 0.5 0.5
vt 0.5 0.5
vt 0.5 0.5
vt 0.5 0.5
vt 0.5 0.5
vt 0.5 0.5
vt 0.5 0.5
vt 0.5 0.5
vt 0.5 0.5
vt 0.5 0.5
vt 1 0.5
vt 0.9698463082313538 0.6710100769996643
vt 0.8830222487449646 0.8213937878608704
vt 0.75 0.9330127239227295
vt 0.5868240594863892 0.9924038648605347
vt 0.41317591071128845 0.9924038648605347
vt 0.25 0.9330127239227295
vt 0.11697778105735779 0.8213937878608704
vt 0.03015368990600109 0.6710100769996643
vt 0 0.5
vt 0.03015368990600109 0.3289899230003357
vt 0.11697778105735779 0.17860619723796844
vt 0.25 0.0669872984290123
vt 0.41317591071128845 0.007596123497933149
vt 0.5868240594863892 0.007596123497933149
vt 0.75 0.0669872984290123
vt 0.8830222487449646 0.17860619723796844
vt 0.9698463082313538 0.3289899230003357
vt 1 0.5
vt 0.5 0.5
vt 0.5 0.5
vt 0.5 0.5
vt 0.5 0.5
vt 0.5 0.5
vt 0.5 0.5
vt 0.5 0.5
vt 0.5 0.5
vt 0.5 0.5
vt 0.5 0.5
vt 0.5 0.5
vt 0.5 0.5
vt 0.5 0.5
vt 0.5 0.5
vt 0.5 0.5
vt 0.5 0.5
vt 0.5 0.5
vt 0.5 0.5
vt 1 0.5
vt 0.9698463082313538 0.3289899230003357
vt 0.8830222487449646 0.17860619723796844
vt 0.75 0.0669872984290123
vt 0.5868240594863892 0.007596123497933149
vt 0.41317591071128845 0.007596123497933149
vt 0.25 0.0669872984290123
vt 0.11697778105735779 0.17860619723796844
vt 0.03015368990600109 0.3289899230003357
vt 0 0.5
vt 0.03015368990600109 0.6710100769996643
vt 0.11697778105735779 0.8213937878608704
vt 0.25 0.9330127239227295
vt 0.41317591071128845 0.9924038648605347
vt 0.5868240594863892 0.9924038648605347
vt 0.75 0.9330127239227295
vt 0.8830222487449646 0.8213937878608704
vt 0.9698463082313538 0.6710100769996643
vt 1 0.5
vn 0 0 1
vn 7.594373000245847e-17 0.34202015414019754 0.9396926168497417
vn 1.4272752475668266e-16 0.6427876273097093 0.7660444283313822
vn 1.9229626777551189e-16 0.8660253998985324 0.5000000067305869
vn 2.1867124825418542e-16 0.9848077521541907 0.17364818253298778
vn 2.1867124825418542e-16 0.9848077521541907 -0.17364818253298778
vn 1.9229626777551189e-16 0.8660253998985324 -0.5000000067305869
vn 1.4272752475668266e-16 0.6427876273097093 -0.7660444283313822
vn 7.594373000245847e-17 0.34202015414019754 -0.9396926168497417
vn 2.7192622655495665e-32 1.2246468525851679e-16 -1
vn -7.594373000245847e-17 -0.34202015414019754 -0.9396926168497417
vn -1.4272752475668266e-16 -0.6427876273097093 -0.7660444283313822
vn -1.9229626777551189e-16 -0.8660253998985324 -0.5000000067305869
vn -2.1867124825418542e-16 -0.9848077521541907 -0.17364818253298778
vn -2.1867124825418542e-16 -0.9848077521541907 0.17364818253298778
vn -1.9229626777551189e-16 -0.8660253998985324 0.5000000067305869
vn -1.4272752475668266e-16 -0.6427876273097093 0.7660444283313822
vn -7.594373000245847e-17 -0.34202015414019754 0.9396926168497417
vn -5.438524531099133e-32 -2.4492937051703357e-16 1
vn 0 0 1
vn 7.594373000245847e-17 0.34202015414019754 0.9396926168497417
vn 1.4272752475668266e-16 0.6427876273097093 0.7660444283313822
vn 1.9229626777551189e-16 0.8660253998985324 0.5000000067305869
vn 2.1867124825418542e-16 0.9848077521541907 0.17364818253298778
vn 2.1867124825418542e-16 0.9848077521541907 -0.17364818253298778
vn 1.9229626777551189e-16 0.8660253998985324 -0.5000000067305869
vn 1.4272752475668266e-16 0.6427876273097093 -0.7660444283313822
vn 7.594373000245847e-17 0.34202015414019754 -0.9396926168497417
vn 2.7192622655495665e-32 1.2246468525851679e-16 -1
vn -7.594373000245847e-17 -0.34202015414019754 -0.9396926168497417
vn -1.4272752475668266e-16 -0.6427876273097093 -0.7660444283313822
vn -1.9229626777551189e-16 -0.8660253998985324 -0.5000000067305869
vn -2.1867124825418542e-16 -0.9848077521541907 -0.17364818253298778
vn -2.1867124825418542e-16 -0.9848077521541907 0.17364818253298778
vn -1.9229626777551189e-16 -0.8660253998985324 0.5000000067305869
vn -1.4272752475668266e-16 -0.6427876273097093 0.7660444283313822
vn -7.594373000245847e-17 -0.34202015414019754 0.9396926168497417
vn -5.438524531099133e-32 -2.4492937051703357e-16 1
vn -1 2.220446049250313e-16 0
vn -1 2.220446049250313e-16 0
vn -1 2.220446049250313e-16 0
vn -1 2.220446049250313e-16 0
vn -1 2.220446049250313e-16 0
vn -1 2.220446049250313e-16 0
vn -1 2.220446049250313e-16 0
vn -1 2.220446049250313e-16 0
vn -1 2.220446049250313e-16 0
vn -1 2.220446049250313e-16 0
vn -1 2.220446049250313e-16 0
vn -1 2.220446049250313e-16 0
vn -1 2.220446049250313e-16 0
vn -1 2.220446049250313e-16 0
vn -1 2.220446049250313e-16 0
vn -1 2.220446049250313e-16 0
vn -1 2.220446049250313e-16 0
vn -1 2.220446049250313e-16 0
vn -1 2.220446049250313e-16 0
vn -1 2.220446049250313e-16 0
vn -1 2.220446049250313e-16 0
vn -1 2.220446049250313e-16 0
vn -1 2.220446049250313e-16 0
vn -1 2.220446049250313e-16 0
vn -1 2.220446049250313e-16 0
vn -1 2.220446049250313e-16 0
vn -1 2.220446049250313e-16 0
vn -1 2.220446049250313e-16 0
vn -1 2.220446049250313e-16 0
vn -1 2.220446049250313e-16 0
vn -1 2.220446049250313e-16 0
vn -1 2.220446049250313e-16 0
vn -1 2.220446049250313e-16 0
vn -1 2.220446049250313e-16 0
vn -1 2.220446049250313e-16 0
vn -1 2.220446049250313e-16 0
vn -1 2.220446049250313e-16 0
vn 1 -2.220446049250313e-16 0
vn 1 -2.220446049250313e-16 0
vn 1 -2.220446049250313e-16 0
vn 1 -2.220446049250313e-16 0
vn 1 -2.220446049250313e-16 0
vn 1 -2.220446049250313e-16 0
vn 1 -2.220446049250313e-16 0
vn 1 -2.220446049250313e-16 0
vn 1 -2.220446049250313e-16 0
vn 1 -2.220446049250313e-16 0
vn 1 -2.220446049250313e-16 0
vn 1 -2.220446049250313e-16 0
vn 1 -2.220446049250313e-16 0
vn 1 -2.220446049250313e-16 0
vn 1 -2.220446049250313e-16 0
vn 1 -2.220446049250313e-16 0
vn 1 -2.220446049250313e-16 0
vn 1 -2.220446049250313e-16 0
vn 1 -2.220446049250313e-16 0
vn 1 -2.220446049250313e-16 0
vn 1 -2.220446049250313e-16 0
vn 1 -2.220446049250313e-16 0
vn 1 -2.220446049250313e-16 0
vn 1 -2.220446049250313e-16 0
vn 1 -2.220446049250313e-16 0
vn 1 -2.220446049250313e-16 0
vn 1 -2.220446049250313e-16 0
vn 1 -2.220446049250313e-16 0
vn 1 -2.220446049250313e-16 0
vn 1 -2.220446049250313e-16 0
vn 1 -2.220446049250313e-16 0
vn 1 -2.220446049250313e-16 0
vn 1 -2.220446049250313e-16 0
vn 1 -2.220446049250313e-16 0
vn 1 -2.220446049250313e-16 0
vn 1 -2.220446049250313e-16 0
vn 1 -2.220446049250313e-16 0
f 1881/1881/1881 1900/1900/1900 1882/1882/1882
f 1900/1900/1900 1901/1901/1901 1882/1882/1882
f 1882/1882/1882 1901/1901/1901 1883/1883/1883
f 1901/1901/1901 1902/1902/1902 1883/1883/1883
f 1883/1883/1883 1902/1902/1902 1884/1884/1884
f 1902/1902/1902 1903/1903/1903 1884/1884/1884
f 1884/1884/1884 1903/1903/1903 1885/1885/1885
f 1903/1903/1903 1904/1904/1904 1885/1885/1885
f 1885/1885/1885 1904/1904/1904 1886/1886/1886
f 1904/1904/1904 1905/1905/1905 1886/1886/1886
f 1886/1886/1886 1905/1905/1905 1887/1887/1887
f 1905/1905/1905 1906/1906/1906 1887/1887/1887
f 1887/1887/1887 1906/1906/1906 1888/1888/1888
f 1906/1906/1906 1907/1907/1907 1888/1888/1888
f 1888/1888/1888 1907/1907/1907 1889/1889/1889
f 1907/1907/1907 1908/1908/1908 1889/1889/1889
f 1889/1889/1889 1908/1908/1908 1890/1890/1890
f 1908/1908/1908 1909/1909/1909 1890/1890/1890
f 1890/1890/1890 1909/1909/1909 1891/1891/1891
f 1909/1909/1909 1910/1910/1910 1891/1891/1891
f 1891/1891/1891 1910/1910/1910 1892/1892/1892
f 1910/1910/1910 1911/1911/1911 1892/1892/1892
f 1892/1892/1892 1911/1911/1911 1893/1893/1893
f 1911/1911/1911 1912/1912/1912 1893/1893/1893
f 1893/1893/1893 1912/1912/1912 1894/1894/1894
f 1912/1912/1912 1913/1913/1913 1894/1894/1894
f 1894/1894/1894 1913/1913/1913 1895/1895/1895
f 1913/1913/1913 1914/1914/1914 1895/1895/1895
f 1895/1895/1895 1914/1914/1914 1896/1896/1896
f 1914/1914/1914 1915/1915/1915 1896/1896/1896
f 1896/1896/1896 1915/1915/1915 1897/1897/1897
f 1915/1915/1915 1916/1916/1916 1897/1897/1897
f 1897/1897/1897 1916/1916/1916 1898/1898/1898
f 1916/1916/1916 1917/1917/1917 1898/1898/1898
f 1898/1898/1898 1917/1917/1917 1899/1899/1899
f 1917/1917/1917 1918/1918/1918 1899/1899/1899
f 1937/1937/1937 1938/1938/1938 1919/1919/1919
f 1938/1938/1938 1939/1939/1939 1920/1920/1920
f 1939/1939/1939 1940/1940/1940 1921/1921/1921
f 1940/1940/1940 1941/1941/1941 1922/1922/1922
f 1941/1941/1941 1942/1942/1942 1923/1923/1923
f 1942/1942/1942 1943/1943/1943 1924/1924/1924
f 1943/1943/1943 1944/1944/1944 1925/1925/1925
f 1944/1944/1944 1945/1945/1945 1926/1926/1926
f 1945/1945/1945 1946/1946/1946 1927/1927/1927
f 1946/1946/1946 1947/1947/1947 1928/1928/1928
f 1947/1947/1947 1948/1948/1948 1929/1929/1929
f 1948/1948/1948 1949/1949/1949 1930/1930/1930
f 1949/1949/1949 1950/1950/1950 1931/1931/1931
f 1950/1950/1950 1951/1951/1951 1932/1932/1932
f 1951/1951/1951 1952/1952/1952 1933/1933/1933
f 1952/1952/1952 1953/1953/1953 1934/1934/1934
f 1953/1953/1953 1954/1954/1954 1935/1935/1935
f 1954/1954/1954 1955/1955/1955 1936/1936/1936
f 1975/1975/1975 1974/1974/1974 1956/1956/1956
f 1976/1976/1976 1975/1975/1975 1957/1957/1957
f 1977/1977/1977 1976/1976/1976 1958/1958/1958
f 1978/1978/1978 1977/1977/1977 1959/1959/1959
f 1979/1979/1979 1978/1978/1978 1960/1960/1960
f 1980/1980/1980 1979/1979/1979 1961/1961/1961
f 1981/1981/1981 1980/1980/1980 1962/1962/1962
f 1982/1982/1982 1981/1981/1981 1963/1963/1963
f 1983/1983/1983 1982/1982/1982 1964/1964/1964
f 1984/1984/1984 1983/1983/1983 1965/1965/1965
f 1985/1985/1985 1984/1984/1984 1966/1966/1966
f 1986/1986/1986 1985/1985/1985 1967/1967/1967
f 1987/1987/1987 1986/1986/1986 1968/1968/1968
f 1988/1988/1988 1987/1987/1987 1969/1969/1969
f 1989/1989/1989 1988/1988/1988 1970/1970/1970
f 1990/1990/1990 1989/1989/1989 1971/1971/1971
f 1991/1991/1991 1990/1990/1990 1972/1972/1972
f 1992/1992/1992 1991/1991/1991 1973/1973/1973
o brake_pin_cap_r
usemtl pedal_alloy_dark
v -5.800000023841858 1.332267682489747e-16 1.5
v -5.800000023841858 0.513030230998993 1.409538984298706
v -5.800000023841858 0.964181423187256 1.149066686630249
v -5.800000023841858 1.2990380525588991 0.75
v -5.800000023841858 1.4772115945816042 0.26047226786613464
v -5.800000023841858 1.4772115945816042 -0.26047226786613464
v -5.800000023841858 1.2990380525588991 -0.75
v -5.800000023841858 0.964181423187256 -1.149066686630249
v -5.800000023841858 0.513030230998993 -1.409538984298706
v -5.800000023841858 3.169237829018601e-16 -1.5
v -5.800000023841858 -0.5130302309989928 -1.409538984298706
v -5.800000023841858 -0.9641814231872557 -1.149066686630249
v -5.800000023841858 -1.2990380525588987 -0.75
v -5.800000023841858 -1.4772115945816038 -0.26047226786613464
v -5.800000023841858 -1.4772115945816038 0.26047226786613464
v -5.800000023841858 -1.2990380525588987 0.75
v -5.800000023841858 -0.9641814231872557 1.149066686630249
v -5.800000023841858 -0.5130302309989928 1.409538984298706
v -5.800000023841858 -2.3416726105679605e-16 1.5
v -4.599999976158142 -1.332267682489747e-16 1.5
v -4.599999976158142 0.5130302309989928 1.409538984298706
v -4.599999976158142 0.9641814231872557 1.149066686630249
v -4.599999976158142 1.2990380525588987 0.75
v -4.599999976158142 1.4772115945816038 0.26047226786613464
v -4.599999976158142 1.4772115945816038 -0.26047226786613464
v -4.599999976158142 1.2990380525588987 -0.75
v -4.599999976158142 0.9641814231872557 -1.149066686630249
v -4.599999976158142 0.5130302309989928 -1.409538984298706
v -4.599999976158142 5.047024640391067e-17 -1.5
v -4.599999976158142 -0.513030230998993 -1.409538984298706
v -4.599999976158142 -0.964181423187256 -1.149066686630249
v -4.599999976158142 -1.2990380525588991 -0.75
v -4.599999976158142 -1.4772115945816042 -0.26047226786613464
v -4.599999976158142 -1.4772115945816042 0.26047226786613464
v -4.599999976158142 -1.2990380525588991 0.75
v -4.599999976158142 -0.964181423187256 1.149066686630249
v -4.599999976158142 -0.513030230998993 1.409538984298706
v -4.599999976158142 -5.006207975547455e-16 1.5
v -5.800000023841858 1.332267682489747e-16 0
v -5.800000023841858 1.332267682489747e-16 0
v -5.800000023841858 1.332267682489747e-16 0
v -5.800000023841858 1.332267682489747e-16 0
v -5.800000023841858 1.332267682489747e-16 0
v -5.800000023841858 1.332267682489747e-16 0
v -5.800000023841858 1.332267682489747e-16 0
v -5.800000023841858 1.332267682489747e-16 0
v -5.800000023841858 1.332267682489747e-16 0
v -5.800000023841858 1.332267682489747e-16 0
v -5.800000023841858 1.332267682489747e-16 0
v -5.800000023841858 1.332267682489747e-16 0
v -5.800000023841858 1.332267682489747e-16 0
v -5.800000023841858 1.332267682489747e-16 0
v -5.800000023841858 1.332267682489747e-16 0
v -5.800000023841858 1.332267682489747e-16 0
v -5.800000023841858 1.332267682489747e-16 0
v -5.800000023841858 1.332267682489747e-16 0
v -5.800000023841858 1.332267682489747e-16 1.5
v -5.800000023841858 0.513030230998993 1.409538984298706
v -5.800000023841858 0.964181423187256 1.149066686630249
v -5.800000023841858 1.2990380525588991 0.75
v -5.800000023841858 1.4772115945816042 0.26047226786613464
v -5.800000023841858 1.4772115945816042 -0.26047226786613464
v -5.800000023841858 1.2990380525588991 -0.75
v -5.800000023841858 0.964181423187256 -1.149066686630249
v -5.800000023841858 0.513030230998993 -1.409538984298706
v -5.800000023841858 3.169237829018601e-16 -1.5
v -5.800000023841858 -0.5130302309989928 -1.409538984298706
v -5.800000023841858 -0.9641814231872557 -1.149066686630249
v -5.800000023841858 -1.2990380525588987 -0.75
v -5.800000023841858 -1.4772115945816038 -0.26047226786613464
v -5.800000023841858 -1.4772115945816038 0.26047226786613464
v -5.800000023841858 -1.2990380525588987 0.75
v -5.800000023841858 -0.9641814231872557 1.149066686630249
v -5.800000023841858 -0.5130302309989928 1.409538984298706
v -5.800000023841858 -2.3416726105679605e-16 1.5
v -4.599999976158142 -1.332267682489747e-16 0
v -4.599999976158142 -1.332267682489747e-16 0
v -4.599999976158142 -1.332267682489747e-16 0
v -4.599999976158142 -1.332267682489747e-16 0
v -4.599999976158142 -1.332267682489747e-16 0
v -4.599999976158142 -1.332267682489747e-16 0
v -4.599999976158142 -1.332267682489747e-16 0
v -4.599999976158142 -1.332267682489747e-16 0
v -4.599999976158142 -1.332267682489747e-16 0
v -4.599999976158142 -1.332267682489747e-16 0
v -4.599999976158142 -1.332267682489747e-16 0
v -4.599999976158142 -1.332267682489747e-16 0
v -4.599999976158142 -1.332267682489747e-16 0
v -4.599999976158142 -1.332267682489747e-16 0
v -4.599999976158142 -1.332267682489747e-16 0
v -4.599999976158142 -1.332267682489747e-16 0
v -4.599999976158142 -1.332267682489747e-16 0
v -4.599999976158142 -1.332267682489747e-16 0
v -4.599999976158142 -1.332267682489747e-16 1.5
v -4.599999976158142 0.5130302309989928 1.409538984298706
v -4.599999976158142 0.9641814231872557 1.149066686630249
v -4.599999976158142 1.2990380525588987 0.75
v -4.599999976158142 1.4772115945816038 0.26047226786613464
v -4.599999976158142 1.4772115945816038 -0.26047226786613464
v -4.599999976158142 1.2990380525588987 -0.75
v -4.599999976158142 0.9641814231872557 -1.149066686630249
v -4.599999976158142 0.5130302309989928 -1.409538984298706
v -4.599999976158142 5.047024640391067e-17 -1.5
v -4.599999976158142 -0.513030230998993 -1.409538984298706
v -4.599999976158142 -0.964181423187256 -1.149066686630249
v -4.599999976158142 -1.2990380525588991 -0.75
v -4.599999976158142 -1.4772115945816042 -0.26047226786613464
v -4.599999976158142 -1.4772115945816042 0.26047226786613464
v -4.599999976158142 -1.2990380525588991 0.75
v -4.599999976158142 -0.964181423187256 1.149066686630249
v -4.599999976158142 -0.513030230998993 1.409538984298706
v -4.599999976158142 -5.006207975547455e-16 1.5
vt 0 1
vt 0.0555555559694767 1
vt 0.1111111119389534 1
vt 0.1666666716337204 1
vt 0.2222222238779068 1
vt 0.2777777910232544 1
vt 0.3333333432674408 1
vt 0.3888888955116272 1
vt 0.4444444477558136 1
vt 0.5 1
vt 0.5555555820465088 1
vt 0.6111111044883728 1
vt 0.6666666865348816 1
vt 0.7222222089767456 1
vt 0.7777777910232544 1
vt 0.8333333134651184 1
vt 0.8888888955116272 1
vt 0.9444444179534912 1
vt 1 1
vt 0 0
vt 0.0555555559694767 0
vt 0.1111111119389534 0
vt 0.1666666716337204 0
vt 0.2222222238779068 0
vt 0.2777777910232544 0
vt 0.3333333432674408 0
vt 0.3888888955116272 0
vt 0.4444444477558136 0
vt 0.5 0
vt 0.5555555820465088 0
vt 0.6111111044883728 0
vt 0.6666666865348816 0
vt 0.7222222089767456 0
vt 0.7777777910232544 0
vt 0.8333333134651184 0
vt 0.8888888955116272 0
vt 0.9444444179534912 0
vt 1 0
vt 0.5 0.5
vt 0.5 0.5
vt 0.5 0.5
vt 0.5 0.5
vt 0.5 0.5
vt 0.5 0.5
vt 0.5 0.5
vt 0.5 0.5
vt 0.5 0.5
vt 0.5 0.5
vt 0.5 0.5
vt 0.5 0.5
vt 0.5 0.5
vt 0.5 0.5
vt 0.5 0.5
vt 0.5 0.5
vt 0.5 0.5
vt 0.5 0.5
vt 1 0.5
vt 0.9698463082313538 0.6710100769996643
vt 0.8830222487449646 0.8213937878608704
vt 0.75 0.9330127239227295
vt 0.5868240594863892 0.9924038648605347
vt 0.41317591071128845 0.9924038648605347
vt 0.25 0.9330127239227295
vt 0.11697778105735779 0.8213937878608704
vt 0.03015368990600109 0.6710100769996643
vt 0 0.5
vt 0.03015368990600109 0.3289899230003357
vt 0.11697778105735779 0.17860619723796844
vt 0.25 0.0669872984290123
vt 0.41317591071128845 0.007596123497933149
vt 0.5868240594863892 0.007596123497933149
vt 0.75 0.0669872984290123
vt 0.8830222487449646 0.17860619723796844
vt 0.9698463082313538 0.3289899230003357
vt 1 0.5
vt 0.5 0.5
vt 0.5 0.5
vt 0.5 0.5
vt 0.5 0.5
vt 0.5 0.5
vt 0.5 0.5
vt 0.5 0.5
vt 0.5 0.5
vt 0.5 0.5
vt 0.5 0.5
vt 0.5 0.5
vt 0.5 0.5
vt 0.5 0.5
vt 0.5 0.5
vt 0.5 0.5
vt 0.5 0.5
vt 0.5 0.5
vt 0.5 0.5
vt 1 0.5
vt 0.9698463082313538 0.3289899230003357
vt 0.8830222487449646 0.17860619723796844
vt 0.75 0.0669872984290123
vt 0.5868240594863892 0.007596123497933149
vt 0.41317591071128845 0.007596123497933149
vt 0.25 0.0669872984290123
vt 0.11697778105735779 0.17860619723796844
vt 0.03015368990600109 0.3289899230003357
vt 0 0.5
vt 0.03015368990600109 0.6710100769996643
vt 0.11697778105735779 0.8213937878608704
vt 0.25 0.9330127239227295
vt 0.41317591071128845 0.9924038648605347
vt 0.5868240594863892 0.9924038648605347
vt 0.75 0.9330127239227295
vt 0.8830222487449646 0.8213937878608704
vt 0.9698463082313538 0.6710100769996643
vt 1 0.5
vn 0 0 1
vn 7.594373000245847e-17 0.34202015414019754 0.9396926168497417
vn 1.4272752475668266e-16 0.6427876273097093 0.7660444283313822
vn 1.9229626777551189e-16 0.8660253998985324 0.5000000067305869
vn 2.1867124825418542e-16 0.9848077521541907 0.17364818253298778
vn 2.1867124825418542e-16 0.9848077521541907 -0.17364818253298778
vn 1.9229626777551189e-16 0.8660253998985324 -0.5000000067305869
vn 1.4272752475668266e-16 0.6427876273097093 -0.7660444283313822
vn 7.594373000245847e-17 0.34202015414019754 -0.9396926168497417
vn 2.7192622655495665e-32 1.2246468525851679e-16 -1
vn -7.594373000245847e-17 -0.34202015414019754 -0.9396926168497417
vn -1.4272752475668266e-16 -0.6427876273097093 -0.7660444283313822
vn -1.9229626777551189e-16 -0.8660253998985324 -0.5000000067305869
vn -2.1867124825418542e-16 -0.9848077521541907 -0.17364818253298778
vn -2.1867124825418542e-16 -0.9848077521541907 0.17364818253298778
vn -1.9229626777551189e-16 -0.8660253998985324 0.5000000067305869
vn -1.4272752475668266e-16 -0.6427876273097093 0.7660444283313822
vn -7.594373000245847e-17 -0.34202015414019754 0.9396926168497417
vn -5.438524531099133e-32 -2.4492937051703357e-16 1
vn 0 0 1
vn 7.594373000245847e-17 0.34202015414019754 0.9396926168497417
vn 1.4272752475668266e-16 0.6427876273097093 0.7660444283313822
vn 1.9229626777551189e-16 0.8660253998985324 0.5000000067305869
vn 2.1867124825418542e-16 0.9848077521541907 0.17364818253298778
vn 2.1867124825418542e-16 0.9848077521541907 -0.17364818253298778
vn 1.9229626777551189e-16 0.8660253998985324 -0.5000000067305869
vn 1.4272752475668266e-16 0.6427876273097093 -0.7660444283313822
vn 7.594373000245847e-17 0.34202015414019754 -0.9396926168497417
vn 2.7192622655495665e-32 1.2246468525851679e-16 -1
vn -7.594373000245847e-17 -0.34202015414019754 -0.9396926168497417
vn -1.4272752475668266e-16 -0.6427876273097093 -0.7660444283313822
vn -1.9229626777551189e-16 -0.8660253998985324 -0.5000000067305869
vn -2.1867124825418542e-16 -0.9848077521541907 -0.17364818253298778
vn -2.1867124825418542e-16 -0.9848077521541907 0.17364818253298778
vn -1.9229626777551189e-16 -0.8660253998985324 0.5000000067305869
vn -1.4272752475668266e-16 -0.6427876273097093 0.7660444283313822
vn -7.594373000245847e-17 -0.34202015414019754 0.9396926168497417
vn -5.438524531099133e-32 -2.4492937051703357e-16 1
vn -1 2.220446049250313e-16 0
vn -1 2.220446049250313e-16 0
vn -1 2.220446049250313e-16 0
vn -1 2.220446049250313e-16 0
vn -1 2.220446049250313e-16 0
vn -1 2.220446049250313e-16 0
vn -1 2.220446049250313e-16 0
vn -1 2.220446049250313e-16 0
vn -1 2.220446049250313e-16 0
vn -1 2.220446049250313e-16 0
vn -1 2.220446049250313e-16 0
vn -1 2.220446049250313e-16 0
vn -1 2.220446049250313e-16 0
vn -1 2.220446049250313e-16 0
vn -1 2.220446049250313e-16 0
vn -1 2.220446049250313e-16 0
vn -1 2.220446049250313e-16 0
vn -1 2.220446049250313e-16 0
vn -1 2.220446049250313e-16 0
vn -1 2.220446049250313e-16 0
vn -1 2.220446049250313e-16 0
vn -1 2.220446049250313e-16 0
vn -1 2.220446049250313e-16 0
vn -1 2.220446049250313e-16 0
vn -1 2.220446049250313e-16 0
vn -1 2.220446049250313e-16 0
vn -1 2.220446049250313e-16 0
vn -1 2.220446049250313e-16 0
vn -1 2.220446049250313e-16 0
vn -1 2.220446049250313e-16 0
vn -1 2.220446049250313e-16 0
vn -1 2.220446049250313e-16 0
vn -1 2.220446049250313e-16 0
vn -1 2.220446049250313e-16 0
vn -1 2.220446049250313e-16 0
vn -1 2.220446049250313e-16 0
vn -1 2.220446049250313e-16 0
vn 1 -2.220446049250313e-16 0
vn 1 -2.220446049250313e-16 0
vn 1 -2.220446049250313e-16 0
vn 1 -2.220446049250313e-16 0
vn 1 -2.220446049250313e-16 0
vn 1 -2.220446049250313e-16 0
vn 1 -2.220446049250313e-16 0
vn 1 -2.220446049250313e-16 0
vn 1 -2.220446049250313e-16 0
vn 1 -2.220446049250313e-16 0
vn 1 -2.220446049250313e-16 0
vn 1 -2.220446049250313e-16 0
vn 1 -2.220446049250313e-16 0
vn 1 -2.220446049250313e-16 0
vn 1 -2.220446049250313e-16 0
vn 1 -2.220446049250313e-16 0
vn 1 -2.220446049250313e-16 0
vn 1 -2.220446049250313e-16 0
vn 1 -2.220446049250313e-16 0
vn 1 -2.220446049250313e-16 0
vn 1 -2.220446049250313e-16 0
vn 1 -2.220446049250313e-16 0
vn 1 -2.220446049250313e-16 0
vn 1 -2.220446049250313e-16 0
vn 1 -2.220446049250313e-16 0
vn 1 -2.220446049250313e-16 0
vn 1 -2.220446049250313e-16 0
vn 1 -2.220446049250313e-16 0
vn 1 -2.220446049250313e-16 0
vn 1 -2.220446049250313e-16 0
vn 1 -2.220446049250313e-16 0
vn 1 -2.220446049250313e-16 0
vn 1 -2.220446049250313e-16 0
vn 1 -2.220446049250313e-16 0
vn 1 -2.220446049250313e-16 0
vn 1 -2.220446049250313e-16 0
vn 1 -2.220446049250313e-16 0
f 1993/1993/1993 2012/2012/2012 1994/1994/1994
f 2012/2012/2012 2013/2013/2013 1994/1994/1994
f 1994/1994/1994 2013/2013/2013 1995/1995/1995
f 2013/2013/2013 2014/2014/2014 1995/1995/1995
f 1995/1995/1995 2014/2014/2014 1996/1996/1996
f 2014/2014/2014 2015/2015/2015 1996/1996/1996
f 1996/1996/1996 2015/2015/2015 1997/1997/1997
f 2015/2015/2015 2016/2016/2016 1997/1997/1997
f 1997/1997/1997 2016/2016/2016 1998/1998/1998
f 2016/2016/2016 2017/2017/2017 1998/1998/1998
f 1998/1998/1998 2017/2017/2017 1999/1999/1999
f 2017/2017/2017 2018/2018/2018 1999/1999/1999
f 1999/1999/1999 2018/2018/2018 2000/2000/2000
f 2018/2018/2018 2019/2019/2019 2000/2000/2000
f 2000/2000/2000 2019/2019/2019 2001/2001/2001
f 2019/2019/2019 2020/2020/2020 2001/2001/2001
f 2001/2001/2001 2020/2020/2020 2002/2002/2002
f 2020/2020/2020 2021/2021/2021 2002/2002/2002
f 2002/2002/2002 2021/2021/2021 2003/2003/2003
f 2021/2021/2021 2022/2022/2022 2003/2003/2003
f 2003/2003/2003 2022/2022/2022 2004/2004/2004
f 2022/2022/2022 2023/2023/2023 2004/2004/2004
f 2004/2004/2004 2023/2023/2023 2005/2005/2005
f 2023/2023/2023 2024/2024/2024 2005/2005/2005
f 2005/2005/2005 2024/2024/2024 2006/2006/2006
f 2024/2024/2024 2025/2025/2025 2006/2006/2006
f 2006/2006/2006 2025/2025/2025 2007/2007/2007
f 2025/2025/2025 2026/2026/2026 2007/2007/2007
f 2007/2007/2007 2026/2026/2026 2008/2008/2008
f 2026/2026/2026 2027/2027/2027 2008/2008/2008
f 2008/2008/2008 2027/2027/2027 2009/2009/2009
f 2027/2027/2027 2028/2028/2028 2009/2009/2009
f 2009/2009/2009 2028/2028/2028 2010/2010/2010
f 2028/2028/2028 2029/2029/2029 2010/2010/2010
f 2010/2010/2010 2029/2029/2029 2011/2011/2011
f 2029/2029/2029 2030/2030/2030 2011/2011/2011
f 2049/2049/2049 2050/2050/2050 2031/2031/2031
f 2050/2050/2050 2051/2051/2051 2032/2032/2032
f 2051/2051/2051 2052/2052/2052 2033/2033/2033
f 2052/2052/2052 2053/2053/2053 2034/2034/2034
f 2053/2053/2053 2054/2054/2054 2035/2035/2035
f 2054/2054/2054 2055/2055/2055 2036/2036/2036
f 2055/2055/2055 2056/2056/2056 2037/2037/2037
f 2056/2056/2056 2057/2057/2057 2038/2038/2038
f 2057/2057/2057 2058/2058/2058 2039/2039/2039
f 2058/2058/2058 2059/2059/2059 2040/2040/2040
f 2059/2059/2059 2060/2060/2060 2041/2041/2041
f 2060/2060/2060 2061/2061/2061 2042/2042/2042
f 2061/2061/2061 2062/2062/2062 2043/2043/2043
f 2062/2062/2062 2063/2063/2063 2044/2044/2044
f 2063/2063/2063 2064/2064/2064 2045/2045/2045
f 2064/2064/2064 2065/2065/2065 2046/2046/2046
f 2065/2065/2065 2066/2066/2066 2047/2047/2047
f 2066/2066/2066 2067/2067/2067 2048/2048/2048
f 2087/2087/2087 2086/2086/2086 2068/2068/2068
f 2088/2088/2088 2087/2087/2087 2069/2069/2069
f 2089/2089/2089 2088/2088/2088 2070/2070/2070
f 2090/2090/2090 2089/2089/2089 2071/2071/2071
f 2091/2091/2091 2090/2090/2090 2072/2072/2072
f 2092/2092/2092 2091/2091/2091 2073/2073/2073
f 2093/2093/2093 2092/2092/2092 2074/2074/2074
f 2094/2094/2094 2093/2093/2093 2075/2075/2075
f 2095/2095/2095 2094/2094/2094 2076/2076/2076
f 2096/2096/2096 2095/2095/2095 2077/2077/2077
f 2097/2097/2097 2096/2096/2096 2078/2078/2078
f 2098/2098/2098 2097/2097/2097 2079/2079/2079
f 2099/2099/2099 2098/2098/2098 2080/2080/2080
f 2100/2100/2100 2099/2099/2099 2081/2081/2081
f 2101/2101/2101 2100/2100/2100 2082/2082/2082
f 2102/2102/2102 2101/2101/2101 2083/2083/2083
f 2103/2103/2103 2102/2102/2102 2084/2084/2084
f 2104/2104/2104 2103/2103/2103 2085/2085/2085
o throttle_arm
usemtl pedal_arm_steel
v 13.099999904632568 15.7673371110407 -3.316787653166797
v 13.099999904632568 15.191674491159173 -5.022253095915422
v 13.099999904632568 0.6076438850137498 1.800213548000997
v 13.099999904632568 0.03198126513222466 0.09474810525237154
v 8.900000095367432 15.191674491159173 -5.022253095915422
v 8.900000095367432 15.7673371110407 -3.316787653166797
v 8.900000095367432 0.03198126513222466 0.09474810525237154
v 8.900000095367432 0.6076438850137498 1.800213548000997
v 8.900000095367432 15.191674491159173 -5.022253095915422
v 13.099999904632568 15.191674491159173 -5.022253095915422
v 8.900000095367432 15.7673371110407 -3.316787653166797
v 13.099999904632568 15.7673371110407 -3.316787653166797
v 8.900000095367432 0.6076438850137498 1.800213548000997
v 13.099999904632568 0.6076438850137498 1.800213548000997
v 8.900000095367432 0.03198126513222466 0.09474810525237154
v 13.099999904632568 0.03198126513222466 0.09474810525237154
v 8.900000095367432 15.7673371110407 -3.316787653166797
v 13.099999904632568 15.7673371110407 -3.316787653166797
v 8.900000095367432 0.6076438850137498 1.800213548000997
v 13.099999904632568 0.6076438850137498 1.800213548000997
v 13.099999904632568 15.191674491159173 -5.022253095915422
v 8.900000095367432 15.191674491159173 -5.022253095915422
v 13.099999904632568 0.03198126513222466 0.09474810525237154
v 8.900000095367432 0.03198126513222466 0.09474810525237154
vt 0 1
vt 1 1
vt 0 0
vt 1 0
vt 0 1
vt 1 1
vt 0 0
vt 1 0
vt 0 1
vt 1 1
vt 0 0
vt 1 0
vt 0 1
vt 1 1
vt 0 0
vt 1 0
vt 0 1
vt 1 1
vt 0 0
vt 1 0
vt 0 1
vt 1 1
vt 0 0
vt 1 0
vn 1 0 0
vn 1 0 0
vn 1 0 0
vn 1 0 0
vn -1 0 0
vn -1 0 0
vn -1 0 0
vn -1 0 0
vn 0 0.9474808266266843 -0.3198125750729871
vn 0 0.9474808266266843 -0.3198125750729871
vn 0 0.9474808266266843 -0.3198125750729871
vn 0 0.9474808266266843 -0.3198125750729871
vn 0 -0.9474808266266843 0.3198125750729871
vn 0 -0.9474808266266843 0.3198125750729871
vn 0 -0.9474808266266843 0.3198125750729871
vn 0 -0.9474808266266843 0.3198125750729871
vn 0 0.3198125750729871 0.9474808266266843
vn 0 0.3198125750729871 0.9474808266266843
vn 0 0.3198125750729871 0.9474808266266843
vn 0 0.3198125750729871 0.9474808266266843
vn 0 -0.3198125750729871 -0.9474808266266843
vn 0 -0.3198125750729871 -0.9474808266266843
vn 0 -0.3198125750729871 -0.9474808266266843
vn 0 -0.3198125750729871 -0.9474808266266843
f 2105/2105/2105 2107/2107/2107 2106/2106/2106
f 2107/2107/2107 2108/2108/2108 2106/2106/2106
f 2109/2109/2109 2111/2111/2111 2110/2110/2110
f 2111/2111/2111 2112/2112/2112 2110/2110/2110
f 2113/2113/2113 2115/2115/2115 2114/2114/2114
f 2115/2115/2115 2116/2116/2116 2114/2114/2114
f 2117/2117/2117 2119/2119/2119 2118/2118/2118
f 2119/2119/2119 2120/2120/2120 2118/2118/2118
f 2121/2121/2121 2123/2123/2123 2122/2122/2122
f 2123/2123/2123 2124/2124/2124 2122/2122/2122
f 2125/2125/2125 2127/2127/2127 2126/2126/2126
f 2127/2127/2127 2128/2128/2128 2126/2126/2126
o throttle_arm_yoke
usemtl pedal_alloy_dark
v 8.5 1.4000011911657775 2.2715626041855868
v 8.5 1.9542710933197491 1.9811615776569453
v 8.5 2.3916741604728182 1.5336949227166956
v 8.5 2.6693944626831536 0.9729638268902139
v 8.5 2.7602467610935753 0.35385663882673135
v 8.5 2.6553376942731717 -0.26302419921375597
v 8.5 2.3649366677445305 -0.8172941013677277
v 8.5 1.9174700128042808 -1.2546971685207968
v 8.5 1.356738916977799 -1.532417470731132
v 8.5 0.7376317289143166 -1.6232697691415539
v 8.5 0.1207508908738294 -1.5183607023211505
v 8.5 -0.43351901128014236 -1.2279596757925089
v 8.5 -0.8709220784332117 -0.7804930208522594
v 8.5 -1.1486423806435468 -0.21976192502577763
v 8.5 -1.2394946790539687 0.3993452630377049
v 8.5 -1.1345856122335656 1.0162261010781921
v 8.5 -0.8441845857049239 1.570496003232164
v 8.5 -0.3967179307646742 2.007899070385233
v 8.5 0.16401316506180752 2.2856193725955682
v 8.5 0.7831203531252902 2.3764716710059903
v 8.5 1.400001191165777 2.271562604185587
v 13.5 1.4000011911657766 2.271562604185587
v 13.5 1.954271093319748 1.9811615776569456
v 13.5 2.3916741604728173 1.533694922716696
v 13.5 2.6693944626831527 0.9729638268902143
v 13.5 2.7602467610935744 0.3538566388267318
v 13.5 2.655337694273171 -0.2630241992137555
v 13.5 2.3649366677445296 -0.8172941013677273
v 13.5 1.9174700128042799 -1.2546971685207964
v 13.5 1.3567389169777981 -1.5324174707311315
v 13.5 0.7376317289143155 -1.6232697691415536
v 13.5 0.12075089087382829 -1.5183607023211503
v 13.5 -0.4335190112801435 -1.2279596757925086
v 13.5 -0.8709220784332126 -0.7804930208522589
v 13.5 -1.1486423806435477 -0.21976192502577718
v 13.5 -1.2394946790539696 0.39934526303770534
v 13.5 -1.1345856122335665 1.0162261010781926
v 13.5 -0.8441845857049248 1.5704960032321644
v 13.5 -0.3967179307646751 2.0078990703852337
v 13.5 0.16401316506180663 2.2856193725955687
v 13.5 0.783120353125289 2.3764716710059908
v 13.5 1.4000011911657761 2.271562604185587
v 8.5 0.7603760410198034 0.3766009509322182
v 8.5 0.7603760410198034 0.3766009509322182
v 8.5 0.7603760410198034 0.3766009509322182
v 8.5 0.7603760410198034 0.3766009509322182
v 8.5 0.7603760410198034 0.3766009509322182
v 8.5 0.7603760410198034 0.3766009509322182
v 8.5 0.7603760410198034 0.3766009509322182
v 8.5 0.7603760410198034 0.3766009509322182
v 8.5 0.7603760410198034 0.3766009509322182
v 8.5 0.7603760410198034 0.3766009509322182
v 8.5 0.7603760410198034 0.3766009509322182
v 8.5 0.7603760410198034 0.3766009509322182
v 8.5 0.7603760410198034 0.3766009509322182
v 8.5 0.7603760410198034 0.3766009509322182
v 8.5 0.7603760410198034 0.3766009509322182
v 8.5 0.7603760410198034 0.3766009509322182
v 8.5 0.7603760410198034 0.3766009509322182
v 8.5 0.7603760410198034 0.3766009509322182
v 8.5 0.7603760410198034 0.3766009509322182
v 8.5 0.7603760410198034 0.3766009509322182
v 8.5 1.4000011911657775 2.2715626041855868
v 8.5 1.9542710933197491 1.9811615776569453
v 8.5 2.3916741604728182 1.5336949227166956
v 8.5 2.6693944626831536 0.9729638268902139
v 8.5 2.7602467610935753 0.35385663882673135
v 8.5 2.6553376942731717 -0.26302419921375597
v 8.5 2.3649366677445305 -0.8172941013677277
v 8.5 1.9174700128042808 -1.2546971685207968
v 8.5 1.356738916977799 -1.532417470731132
v 8.5 0.7376317289143166 -1.6232697691415539
v 8.5 0.1207508908738294 -1.5183607023211505
v 8.5 -0.43351901128014236 -1.2279596757925089
v 8.5 -0.8709220784332117 -0.7804930208522594
v 8.5 -1.1486423806435468 -0.21976192502577763
v 8.5 -1.2394946790539687 0.3993452630377049
v 8.5 -1.1345856122335656 1.0162261010781921
v 8.5 -0.8441845857049239 1.570496003232164
v 8.5 -0.3967179307646742 2.007899070385233
v 8.5 0.16401316506180752 2.2856193725955682
v 8.5 0.7831203531252902 2.3764716710059903
v 8.5 1.400001191165777 2.271562604185587
v 13.5 0.7603760410198023 0.3766009509322185
v 13.5 0.7603760410198023 0.3766009509322185
v 13.5 0.7603760410198023 0.3766009509322185
v 13.5 0.7603760410198023 0.3766009509322185
v 13.5 0.7603760410198023 0.3766009509322185
v 13.5 0.7603760410198023 0.3766009509322185
v 13.5 0.7603760410198023 0.3766009509322185
v 13.5 0.7603760410198023 0.3766009509322185
v 13.5 0.7603760410198023 0.3766009509322185
v 13.5 0.7603760410198023 0.3766009509322185
v 13.5 0.7603760410198023 0.3766009509322185
v 13.5 0.7603760410198023 0.3766009509322185
v 13.5 0.7603760410198023 0.3766009509322185
v 13.5 0.7603760410198023 0.3766009509322185
v 13.5 0.7603760410198023 0.3766009509322185
v 13.5 0.7603760410198023 0.3766009509322185
v 13.5 0.7603760410198023 0.3766009509322185
v 13.5 0.7603760410198023 0.3766009509322185
v 13.5 0.7603760410198023 0.3766009509322185
v 13.5 0.7603760410198023 0.3766009509322185
v 13.5 1.4000011911657766 2.271562604185587
v 13.5 1.954271093319748 1.9811615776569456
v 13.5 2.3916741604728173 1.533694922716696
v 13.5 2.6693944626831527 0.9729638268902143
v 13.5 2.7602467610935744 0.3538566388267318
v 13.5 2.655337694273171 -0.2630241992137555
v 13.5 2.3649366677445296 -0.8172941013677273
v 13.5 1.9174700128042799 -1.2546971685207964
v 13.5 1.3567389169777981 -1.5324174707311315
v 13.5 0.7376317289143155 -1.6232697691415536
v 13.5 0.12075089087382829 -1.5183607023211503
v 13.5 -0.4335190112801435 -1.2279596757925086
v 13.5 -0.8709220784332126 -0.7804930208522589
v 13.5 -1.1486423806435477 -0.21976192502577718
v 13.5 -1.2394946790539696 0.39934526303770534
v 13.5 -1.1345856122335665 1.0162261010781926
v 13.5 -0.8441845857049248 1.5704960032321644
v 13.5 -0.3967179307646751 2.0078990703852337
v 13.5 0.16401316506180663 2.2856193725955687
v 13.5 0.783120353125289 2.3764716710059908
v 13.5 1.4000011911657761 2.271562604185587
vt 0 1
vt 0.05000000074505806 1
vt 0.10000000149011612 1
vt 0.15000000596046448 1
vt 0.20000000298023224 1
vt 0.25 1
vt 0.30000001192092896 1
vt 0.3499999940395355 1
vt 0.4000000059604645 1
vt 0.44999998807907104 1
vt 0.5 1
vt 0.550000011920929 1
vt 0.6000000238418579 1
vt 0.6499999761581421 1
vt 0.699999988079071 1
vt 0.75 1
vt 0.800000011920929 1
vt 0.8500000238418579 1
vt 0.8999999761581421 1
vt 0.949999988079071 1
vt 1 1
vt 0 0
vt 0.05000000074505806 0
vt 0.10000000149011612 0
vt 0.15000000596046448 0
vt 0.20000000298023224 0
vt 0.25 0
vt 0.30000001192092896 0
vt 0.3499999940395355 0
vt 0.4000000059604645 0
vt 0.44999998807907104 0
vt 0.5 0
vt 0.550000011920929 0
vt 0.6000000238418579 0
vt 0.6499999761581421 0
vt 0.699999988079071 0
vt 0.75 0
vt 0.800000011920929 0
vt 0.8500000238418579 0
vt 0.8999999761581421 0
vt 0.949999988079071 0
vt 1 0
vt 0.5 0.5
vt 0.5 0.5
vt 0.5 0.5
vt 0.5 0.5
vt 0.5 0.5
vt 0.5 0.5
vt 0.5 0.5
vt 0.5 0.5
vt 0.5 0.5
vt 0.5 0.5
vt 0.5 0.5
vt 0.5 0.5
vt 0.5 0.5
vt 0.5 0.5
vt 0.5 0.5
vt 0.5 0.5
vt 0.5 0.5
vt 0.5 0.5
vt 0.5 0.5
vt 0.5 0.5
vt 1 0.5
vt 0.9755282402038574 0.6545084714889526
vt 0.9045084714889526 0.7938926219940186
vt 0.7938926219940186 0.9045084714889526
vt 0.6545084714889526 0.9755282402038574
vt 0.5 1
vt 0.345491498708725 0.9755282402038574
vt 0.20610737800598145 0.9045084714889526
vt 0.09549150615930557 0.7938926219940186
vt 0.024471741169691086 0.6545084714889526
vt 0 0.5
vt 0.024471741169691086 0.345491498708725
vt 0.09549150615930557 0.20610737800598145
vt 0.20610737800598145 0.09549150615930557
vt 0.345491498708725 0.024471741169691086
vt 0.5 0
vt 0.6545084714889526 0.024471741169691086
vt 0.7938926219940186 0.09549150615930557
vt 0.9045084714889526 0.20610737800598145
vt 0.9755282402038574 0.345491498708725
vt 1 0.5
vt 0.5 0.5
vt 0.5 0.5
vt 0.5 0.5
vt 0.5 0.5
vt 0.5 0.5
vt 0.5 0.5
vt 0.5 0.5
vt 0.5 0.5
vt 0.5 0.5
vt 0.5 0.5
vt 0.5 0.5
vt 0.5 0.5
vt 0.5 0.5
vt 0.5 0.5
vt 0.5 0.5
vt 0.5 0.5
vt 0.5 0.5
vt 0.5 0.5
vt 0.5 0.5
vt 0.5 0.5
vt 1 0.5
vt 0.9755282402038574 0.345491498708725
vt 0.9045084714889526 0.20610737800598145
vt 0.7938926219940186 0.09549150615930557
vt 0.6545084714889526 0.024471741169691086
vt 0.5 0
vt 0.345491498708725 0.024471741169691086
vt 0.20610737800598145 0.09549150615930557
vt 0.09549150615930557 0.20610737800598145
vt 0.024471741169691086 0.345491498708725
vt 0 0.5
vt 0.024471741169691086 0.6545084714889526
vt 0.09549150615930557 0.7938926219940186
vt 0.20610737800598145 0.9045084714889526
vt 0.345491498708725 0.9755282402038574
vt 0.5 1
vt 0.6545084714889526 0.9755282402038574
vt 0.7938926219940186 0.9045084714889526
vt 0.9045084714889526 0.7938926219940186
vt 0.9755282402038574 0.6545084714889526
vt 1 0.5
vn 0 0.3198125750729871 0.9474808266266843
vn 6.861555653181067e-17 0.5969475111709527 0.8022802932309913
vn 1.3051454205252937e-16 0.8156490582918908 0.5785469848746526
vn 1.796378604001166e-16 0.9545092091528221 0.29818143745453696
vn 2.1117696838941298e-16 0.9999353349458165 -0.011372155767385385
vn 2.220446049250313e-16 0.9474808266266843 -0.31981257507298705
vn 2.1117696838941298e-16 0.8022802932309913 -0.5969475111709527
vn 1.796378604001166e-16 0.5785469848746526 -0.8156490582918908
vn 1.3051454205252937e-16 0.29818143745453696 -0.9545092091528221
vn 6.861555653181067e-17 -0.011372155767385385 -0.9999353349458165
vn 2.7192622655495665e-32 -0.319812575072987 -0.9474808266266843
vn -6.861555653181067e-17 -0.5969475111709527 -0.8022802932309913
vn -1.3051454205252937e-16 -0.8156490582918908 -0.5785469848746526
vn -1.796378604001166e-16 -0.9545092091528221 -0.29818143745453696
vn -2.1117696838941298e-16 -0.9999353349458165 0.011372155767385385
vn -2.220446049250313e-16 -0.9474808266266844 0.31981257507298694
vn -2.1117696838941298e-16 -0.8022802932309913 0.5969475111709527
vn -1.796378604001166e-16 -0.5785469848746526 0.8156490582918908
vn -1.3051454205252937e-16 -0.29818143745453696 0.9545092091528221
vn -6.861555653181067e-17 0.011372155767385385 0.9999353349458165
vn -5.438524531099133e-32 0.3198125750729869 0.9474808266266844
vn 0 0.3198125750729871 0.9474808266266843
vn 6.861555653181067e-17 0.5969475111709527 0.8022802932309913
vn 1.3051454205252937e-16 0.8156490582918908 0.5785469848746526
vn 1.796378604001166e-16 0.9545092091528221 0.29818143745453696
vn 2.1117696838941298e-16 0.9999353349458165 -0.011372155767385385
vn 2.220446049250313e-16 0.9474808266266843 -0.31981257507298705
vn 2.1117696838941298e-16 0.8022802932309913 -0.5969475111709527
vn 1.796378604001166e-16 0.5785469848746526 -0.8156490582918908
vn 1.3051454205252937e-16 0.29818143745453696 -0.9545092091528221
vn 6.861555653181067e-17 -0.011372155767385385 -0.9999353349458165
vn 2.7192622655495665e-32 -0.319812575072987 -0.9474808266266843
vn -6.861555653181067e-17 -0.5969475111709527 -0.8022802932309913
vn -1.3051454205252937e-16 -0.8156490582918908 -0.5785469848746526
vn -1.796378604001166e-16 -0.9545092091528221 -0.29818143745453696
vn -2.1117696838941298e-16 -0.9999353349458165 0.011372155767385385
vn -2.220446049250313e-16 -0.9474808266266844 0.31981257507298694
vn -2.1117696838941298e-16 -0.8022802932309913 0.5969475111709527
vn -1.796378604001166e-16 -0.5785469848746526 0.8156490582918908
vn -1.3051454205252937e-16 -0.29818143745453696 0.9545092091528221
vn -6.861555653181067e-17 0.011372155767385385 0.9999353349458165
vn -5.438524531099133e-32 0.3198125750729869 0.9474808266266844
vn -1 2.103830058223642e-16 -7.101265688213834e-17
vn -1 2.103830058223642e-16 -7.101265688213834e-17
vn -1 2.103830058223642e-16 -7.101265688213834e-17
vn -1 2.103830058223642e-16 -7.101265688213834e-17
vn -1 2.103830058223642e-16 -7.101265688213834e-17
vn -1 2.103830058223642e-16 -7.101265688213834e-17
vn -1 2.103830058223642e-16 -7.101265688213834e-17
vn -1 2.103830058223642e-16 -7.101265688213834e-17
vn -1 2.103830058223642e-16 -7.101265688213834e-17
vn -1 2.103830058223642e-16 -7.101265688213834e-17
vn -1 2.103830058223642e-16 -7.101265688213834e-17
vn -1 2.103830058223642e-16 -7.101265688213834e-17
vn -1 2.103830058223642e-16 -7.101265688213834e-17
vn -1 2.103830058223642e-16 -7.101265688213834e-17
vn -1 2.103830058223642e-16 -7.101265688213834e-17
vn -1 2.103830058223642e-16 -7.101265688213834e-17
vn -1 2.103830058223642e-16 -7.101265688213834e-17
vn -1 2.103830058223642e-16 -7.101265688213834e-17
vn -1 2.103830058223642e-16 -7.101265688213834e-17
vn -1 2.103830058223642e-16 -7.101265688213834e-17
vn -1 2.103830058223642e-16 -7.101265688213834e-17
vn -1 2.103830058223642e-16 -7.101265688213834e-17
vn -1 2.103830058223642e-16 -7.101265688213834e-17
vn -1 2.103830058223642e-16 -7.101265688213834e-17
vn -1 2.103830058223642e-16 -7.101265688213834e-17
vn -1 2.103830058223642e-16 -7.101265688213834e-17
vn -1 2.103830058223642e-16 -7.101265688213834e-17
vn -1 2.103830058223642e-16 -7.101265688213834e-17
vn -1 2.103830058223642e-16 -7.101265688213834e-17
vn -1 2.103830058223642e-16 -7.101265688213834e-17
vn -1 2.103830058223642e-16 -7.101265688213834e-17
vn -1 2.103830058223642e-16 -7.101265688213834e-17
vn -1 2.103830058223642e-16 -7.101265688213834e-17
vn -1 2.103830058223642e-16 -7.101265688213834e-17
vn -1 2.103830058223642e-16 -7.101265688213834e-17
vn -1 2.103830058223642e-16 -7.101265688213834e-17
vn -1 2.103830058223642e-16 -7.101265688213834e-17
vn -1 2.103830058223642e-16 -7.101265688213834e-17
vn -1 2.103830058223642e-16 -7.101265688213834e-17
vn -1 2.103830058223642e-16 -7.101265688213834e-17
vn -1 2.103830058223642e-16 -7.101265688213834e-17
vn 1 -2.103830058223642e-16 7.101265688213834e-17
vn 1 -2.103830058223642e-16 7.101265688213834e-17
vn 1 -2.103830058223642e-16 7.101265688213834e-17
vn 1 -2.103830058223642e-16 7.101265688213834e-17
vn 1 -2.103830058223642e-16 7.101265688213834e-17
vn 1 -2.103830058223642e-16 7.101265688213834e-17
vn 1 -2.103830058223642e-16 7.101265688213834e-17
vn 1 -2.103830058223642e-16 7.101265688213834e-17
vn 1 -2.103830058223642e-16 7.101265688213834e-17
vn 1 -2.103830058223642e-16 7.101265688213834e-17
vn 1 -2.103830058223642e-16 7.101265688213834e-17
vn 1 -2.103830058223642e-16 7.101265688213834e-17
vn 1 -2.103830058223642e-16 7.101265688213834e-17
vn 1 -2.103830058223642e-16 7.101265688213834e-17
vn 1 -2.103830058223642e-16 7.101265688213834e-17
vn 1 -2.103830058223642e-16 7.101265688213834e-17
vn 1 -2.103830058223642e-16 7.101265688213834e-17
vn 1 -2.103830058223642e-16 7.101265688213834e-17
vn 1 -2.103830058223642e-16 7.101265688213834e-17
vn 1 -2.103830058223642e-16 7.101265688213834e-17
vn 1 -2.103830058223642e-16 7.101265688213834e-17
vn 1 -2.103830058223642e-16 7.101265688213834e-17
vn 1 -2.103830058223642e-16 7.101265688213834e-17
vn 1 -2.103830058223642e-16 7.101265688213834e-17
vn 1 -2.103830058223642e-16 7.101265688213834e-17
vn 1 -2.103830058223642e-16 7.101265688213834e-17
vn 1 -2.103830058223642e-16 7.101265688213834e-17
vn 1 -2.103830058223642e-16 7.101265688213834e-17
vn 1 -2.103830058223642e-16 7.101265688213834e-17
vn 1 -2.103830058223642e-16 7.101265688213834e-17
vn 1 -2.103830058223642e-16 7.101265688213834e-17
vn 1 -2.103830058223642e-16 7.101265688213834e-17
vn 1 -2.103830058223642e-16 7.101265688213834e-17
vn 1 -2.103830058223642e-16 7.101265688213834e-17
vn 1 -2.103830058223642e-16 7.101265688213834e-17
vn 1 -2.103830058223642e-16 7.101265688213834e-17
vn 1 -2.103830058223642e-16 7.101265688213834e-17
vn 1 -2.103830058223642e-16 7.101265688213834e-17
vn 1 -2.103830058223642e-16 7.101265688213834e-17
vn 1 -2.103830058223642e-16 7.101265688213834e-17
vn 1 -2.103830058223642e-16 7.101265688213834e-17
f 2129/2129/2129 2150/2150/2150 2130/2130/2130
f 2150/2150/2150 2151/2151/2151 2130/2130/2130
f 2130/2130/2130 2151/2151/2151 2131/2131/2131
f 2151/2151/2151 2152/2152/2152 2131/2131/2131
f 2131/2131/2131 2152/2152/2152 2132/2132/2132
f 2152/2152/2152 2153/2153/2153 2132/2132/2132
f 2132/2132/2132 2153/2153/2153 2133/2133/2133
f 2153/2153/2153 2154/2154/2154 2133/2133/2133
f 2133/2133/2133 2154/2154/2154 2134/2134/2134
f 2154/2154/2154 2155/2155/2155 2134/2134/2134
f 2134/2134/2134 2155/2155/2155 2135/2135/2135
f 2155/2155/2155 2156/2156/2156 2135/2135/2135
f 2135/2135/2135 2156/2156/2156 2136/2136/2136
f 2156/2156/2156 2157/2157/2157 2136/2136/2136
f 2136/2136/2136 2157/2157/2157 2137/2137/2137
f 2157/2157/2157 2158/2158/2158 2137/2137/2137
f 2137/2137/2137 2158/2158/2158 2138/2138/2138
f 2158/2158/2158 2159/2159/2159 2138/2138/2138
f 2138/2138/2138 2159/2159/2159 2139/2139/2139
f 2159/2159/2159 2160/2160/2160 2139/2139/2139
f 2139/2139/2139 2160/2160/2160 2140/2140/2140
f 2160/2160/2160 2161/2161/2161 2140/2140/2140
f 2140/2140/2140 2161/2161/2161 2141/2141/2141
f 2161/2161/2161 2162/2162/2162 2141/2141/2141
f 2141/2141/2141 2162/2162/2162 2142/2142/2142
f 2162/2162/2162 2163/2163/2163 2142/2142/2142
f 2142/2142/2142 2163/2163/2163 2143/2143/2143
f 2163/2163/2163 2164/2164/2164 2143/2143/2143
f 2143/2143/2143 2164/2164/2164 2144/2144/2144
f 2164/2164/2164 2165/2165/2165 2144/2144/2144
f 2144/2144/2144 2165/2165/2165 2145/2145/2145
f 2165/2165/2165 2166/2166/2166 2145/2145/2145
f 2145/2145/2145 2166/2166/2166 2146/2146/2146
f 2166/2166/2166 2167/2167/2167 2146/2146/2146
f 2146/2146/2146 2167/2167/2167 2147/2147/2147
f 2167/2167/2167 2168/2168/2168 2147/2147/2147
f 2147/2147/2147 2168/2168/2168 2148/2148/2148
f 2168/2168/2168 2169/2169/2169 2148/2148/2148
f 2148/2148/2148 2169/2169/2169 2149/2149/2149
f 2169/2169/2169 2170/2170/2170 2149/2149/2149
f 2191/2191/2191 2192/2192/2192 2171/2171/2171
f 2192/2192/2192 2193/2193/2193 2172/2172/2172
f 2193/2193/2193 2194/2194/2194 2173/2173/2173
f 2194/2194/2194 2195/2195/2195 2174/2174/2174
f 2195/2195/2195 2196/2196/2196 2175/2175/2175
f 2196/2196/2196 2197/2197/2197 2176/2176/2176
f 2197/2197/2197 2198/2198/2198 2177/2177/2177
f 2198/2198/2198 2199/2199/2199 2178/2178/2178
f 2199/2199/2199 2200/2200/2200 2179/2179/2179
f 2200/2200/2200 2201/2201/2201 2180/2180/2180
f 2201/2201/2201 2202/2202/2202 2181/2181/2181
f 2202/2202/2202 2203/2203/2203 2182/2182/2182
f 2203/2203/2203 2204/2204/2204 2183/2183/2183
f 2204/2204/2204 2205/2205/2205 2184/2184/2184
f 2205/2205/2205 2206/2206/2206 2185/2185/2185
f 2206/2206/2206 2207/2207/2207 2186/2186/2186
f 2207/2207/2207 2208/2208/2208 2187/2187/2187
f 2208/2208/2208 2209/2209/2209 2188/2188/2188
f 2209/2209/2209 2210/2210/2210 2189/2189/2189
f 2210/2210/2210 2211/2211/2211 2190/2190/2190
f 2233/2233/2233 2232/2232/2232 2212/2212/2212
f 2234/2234/2234 2233/2233/2233 2213/2213/2213
f 2235/2235/2235 2234/2234/2234 2214/2214/2214
f 2236/2236/2236 2235/2235/2235 2215/2215/2215
f 2237/2237/2237 2236/2236/2236 2216/2216/2216
f 2238/2238/2238 2237/2237/2237 2217/2217/2217
f 2239/2239/2239 2238/2238/2238 2218/2218/2218
f 2240/2240/2240 2239/2239/2239 2219/2219/2219
f 2241/2241/2241 2240/2240/2240 2220/2220/2220
f 2242/2242/2242 2241/2241/2241 2221/2221/2221
f 2243/2243/2243 2242/2242/2242 2222/2222/2222
f 2244/2244/2244 2243/2243/2243 2223/2223/2223
f 2245/2245/2245 2244/2244/2244 2224/2224/2224
f 2246/2246/2246 2245/2245/2245 2225/2225/2225
f 2247/2247/2247 2246/2246/2246 2226/2226/2226
f 2248/2248/2248 2247/2247/2247 2227/2227/2227
f 2249/2249/2249 2248/2248/2248 2228/2228/2228
f 2250/2250/2250 2249/2249/2249 2229/2229/2229
f 2251/2251/2251 2250/2250/2250 2230/2230/2230
f 2252/2252/2252 2251/2251/2251 2231/2231/2231
o throttle_face
usemtl pedal_alloy
v 15 33.929379115921584 -8.919486132355654
v 15 33.41767898817988 -10.435455477548054
v 15 13.084800930134529 -1.8836094807499384
v 15 12.573100802392824 -3.3995788259423367
v 7 33.41767898817988 -10.435455477548054
v 7 33.929379115921584 -8.919486132355654
v 7 12.573100802392824 -3.3995788259423367
v 7 13.084800930134529 -1.8836094807499384
v 7 33.41767898817988 -10.435455477548054
v 15 33.41767898817988 -10.435455477548054
v 7 33.929379115921584 -8.919486132355654
v 15 33.929379115921584 -8.919486132355654
v 7 13.084800930134529 -1.8836094807499384
v 15 13.084800930134529 -1.8836094807499384
v 7 12.573100802392824 -3.3995788259423367
v 15 12.573100802392824 -3.3995788259423367
v 7 33.929379115921584 -8.919486132355654
v 15 33.929379115921584 -8.919486132355654
v 7 13.084800930134529 -1.8836094807499384
v 15 13.084800930134529 -1.8836094807499384
v 15 33.41767898817988 -10.435455477548054
v 7 33.41767898817988 -10.435455477548054
v 15 12.573100802392824 -3.3995788259423367
v 7 12.573100802392824 -3.3995788259423367
vt 0 1
vt 1 1
vt 0 0
vt 1 0
vt 0 1
vt 1 1
vt 0 0
vt 1 0
vt 0 1
vt 1 1
vt 0 0
vt 1 0
vt 0 1
vt 1 1
vt 0 0
vt 1 0
vt 0 1
vt 1 1
vt 0 0
vt 1 0
vt 0 1
vt 1 1
vt 0 0
vt 1 0
vn 1 0 0
vn 1 0 0
vn 1 0 0
vn 1 0 0
vn -1 0 0
vn -1 0 0
vn -1 0 0
vn -1 0 0
vn 0 0.9474808266266843 -0.3198125750729871
vn 0 0.9474808266266843 -0.3198125750729871
vn 0 0.9474808266266843 -0.3198125750729871
vn 0 0.9474808266266843 -0.3198125750729871
vn 0 -0.9474808266266843 0.3198125750729871
vn 0 -0.9474808266266843 0.3198125750729871
vn 0 -0.9474808266266843 0.3198125750729871
vn 0 -0.9474808266266843 0.3198125750729871
vn 0 0.3198125750729871 0.9474808266266843
vn 0 0.3198125750729871 0.9474808266266843
vn 0 0.3198125750729871 0.9474808266266843
vn 0 0.3198125750729871 0.9474808266266843
vn 0 -0.3198125750729871 -0.9474808266266843
vn 0 -0.3198125750729871 -0.9474808266266843
vn 0 -0.3198125750729871 -0.9474808266266843
vn 0 -0.3198125750729871 -0.9474808266266843
f 2253/2253/2253 2255/2255/2255 2254/2254/2254
f 2255/2255/2255 2256/2256/2256 2254/2254/2254
f 2257/2257/2257 2259/2259/2259 2258/2258/2258
f 2259/2259/2259 2260/2260/2260 2258/2258/2258
f 2261/2261/2261 2263/2263/2263 2262/2262/2262
f 2263/2263/2263 2264/2264/2264 2262/2262/2262
f 2265/2265/2265 2267/2267/2267 2266/2266/2266
f 2267/2267/2267 2268/2268/2268 2266/2266/2266
f 2269/2269/2269 2271/2271/2271 2270/2270/2270
f 2271/2271/2271 2272/2272/2272 2270/2270/2270
f 2273/2273/2273 2275/2275/2275 2274/2274/2274
f 2275/2275/2275 2276/2276/2276 2274/2274/2274
o throttle_rib_0
usemtl pedal_alloy_dark
v 8.349999994039536 32.65207352904571 -8.013400914706443
v 8.349999994039536 32.42820473030708 -8.676637482050271
v 8.349999994039536 14.649937823138707 -1.936961988319688
v 8.349999994039536 14.426069024400078 -2.6001985556635154
v 7.6500000059604645 32.42820473030708 -8.676637482050271
v 7.6500000059604645 32.65207352904571 -8.013400914706443
v 7.6500000059604645 14.426069024400078 -2.6001985556635154
v 7.6500000059604645 14.649937823138707 -1.936961988319688
v 7.6500000059604645 32.42820473030708 -8.676637482050271
v 8.349999994039536 32.42820473030708 -8.676637482050271
v 7.6500000059604645 32.65207352904571 -8.013400914706443
v 8.349999994039536 32.65207352904571 -8.013400914706443
v 7.6500000059604645 14.649937823138707 -1.936961988319688
v 8.349999994039536 14.649937823138707 -1.936961988319688
v 7.6500000059604645 14.426069024400078 -2.6001985556635154
v 8.349999994039536 14.426069024400078 -2.6001985556635154
v 7.6500000059604645 32.65207352904571 -8.013400914706443
v 8.349999994039536 32.65207352904571 -8.013400914706443
v 7.6500000059604645 14.649937823138707 -1.936961988319688
v 8.349999994039536 14.649937823138707 -1.936961988319688
v 8.349999994039536 32.42820473030708 -8.676637482050271
v 7.6500000059604645 32.42820473030708 -8.676637482050271
v 8.349999994039536 14.426069024400078 -2.6001985556635154
v 7.6500000059604645 14.426069024400078 -2.6001985556635154
vt 0 1
vt 1 1
vt 0 0
vt 1 0
vt 0 1
vt 1 1
vt 0 0
vt 1 0
vt 0 1
vt 1 1
vt 0 0
vt 1 0
vt 0 1
vt 1 1
vt 0 0
vt 1 0
vt 0 1
vt 1 1
vt 0 0
vt 1 0
vt 0 1
vt 1 1
vt 0 0
vt 1 0
vn 1 0 0
vn 1 0 0
vn 1 0 0
vn 1 0 0
vn -1 0 0
vn -1 0 0
vn -1 0 0
vn -1 0 0
vn 0 0.9474808266266843 -0.3198125750729871
vn 0 0.9474808266266843 -0.3198125750729871
vn 0 0.9474808266266843 -0.3198125750729871
vn 0 0.9474808266266843 -0.3198125750729871
vn 0 -0.9474808266266843 0.3198125750729871
vn 0 -0.9474808266266843 0.3198125750729871
vn 0 -0.9474808266266843 0.3198125750729871
vn 0 -0.9474808266266843 0.3198125750729871
vn 0 0.3198125750729871 0.9474808266266843
vn 0 0.3198125750729871 0.9474808266266843
vn 0 0.3198125750729871 0.9474808266266843
vn 0 0.3198125750729871 0.9474808266266843
vn 0 -0.3198125750729871 -0.9474808266266843
vn 0 -0.3198125750729871 -0.9474808266266843
vn 0 -0.3198125750729871 -0.9474808266266843
vn 0 -0.3198125750729871 -0.9474808266266843
f 2277/2277/2277 2279/2279/2279 2278/2278/2278
f 2279/2279/2279 2280/2280/2280 2278/2278/2278
f 2281/2281/2281 2283/2283/2283 2282/2282/2282
f 2283/2283/2283 2284/2284/2284 2282/2282/2282
f 2285/2285/2285 2287/2287/2287 2286/2286/2286
f 2287/2287/2287 2288/2288/2288 2286/2286/2286
f 2289/2289/2289 2291/2291/2291 2290/2290/2290
f 2291/2291/2291 2292/2292/2292 2290/2290/2290
f 2293/2293/2293 2295/2295/2295 2294/2294/2294
f 2295/2295/2295 2296/2296/2296 2294/2294/2294
f 2297/2297/2297 2299/2299/2299 2298/2298/2298
f 2299/2299/2299 2300/2300/2300 2298/2298/2298
o throttle_rib_1
usemtl pedal_alloy_dark
v 9.549999994039535 32.65207352904571 -8.013400914706443
v 9.549999994039535 32.42820473030708 -8.676637482050271
v 9.549999994039535 14.649937823138707 -1.936961988319688
v 9.549999994039535 14.426069024400078 -2.6001985556635154
v 8.850000005960464 32.42820473030708 -8.676637482050271
v 8.850000005960464 32.65207352904571 -8.013400914706443
v 8.850000005960464 14.426069024400078 -2.6001985556635154
v 8.850000005960464 14.649937823138707 -1.936961988319688
v 8.850000005960464 32.42820473030708 -8.676637482050271
v 9.549999994039535 32.42820473030708 -8.676637482050271
v 8.850000005960464 32.65207352904571 -8.013400914706443
v 9.549999994039535 32.65207352904571 -8.013400914706443
v 8.850000005960464 14.649937823138707 -1.936961988319688
v 9.549999994039535 14.649937823138707 -1.936961988319688
v 8.850000005960464 14.426069024400078 -2.6001985556635154
v 9.549999994039535 14.426069024400078 -2.6001985556635154
v 8.850000005960464 32.65207352904571 -8.013400914706443
v 9.549999994039535 32.65207352904571 -8.013400914706443
v 8.850000005960464 14.649937823138707 -1.936961988319688
v 9.549999994039535 14.649937823138707 -1.936961988319688
v 9.549999994039535 32.42820473030708 -8.676637482050271
v 8.850000005960464 32.42820473030708 -8.676637482050271
v 9.549999994039535 14.426069024400078 -2.6001985556635154
v 8.850000005960464 14.426069024400078 -2.6001985556635154
vt 0 1
vt 1 1
vt 0 0
vt 1 0
vt 0 1
vt 1 1
vt 0 0
vt 1 0
vt 0 1
vt 1 1
vt 0 0
vt 1 0
vt 0 1
vt 1 1
vt 0 0
vt 1 0
vt 0 1
vt 1 1
vt 0 0
vt 1 0
vt 0 1
vt 1 1
vt 0 0
vt 1 0
vn 1 0 0
vn 1 0 0
vn 1 0 0
vn 1 0 0
vn -1 0 0
vn -1 0 0
vn -1 0 0
vn -1 0 0
vn 0 0.9474808266266843 -0.3198125750729871
vn 0 0.9474808266266843 -0.3198125750729871
vn 0 0.9474808266266843 -0.3198125750729871
vn 0 0.9474808266266843 -0.3198125750729871
vn 0 -0.9474808266266843 0.3198125750729871
vn 0 -0.9474808266266843 0.3198125750729871
vn 0 -0.9474808266266843 0.3198125750729871
vn 0 -0.9474808266266843 0.3198125750729871
vn 0 0.3198125750729871 0.9474808266266843
vn 0 0.3198125750729871 0.9474808266266843
vn 0 0.3198125750729871 0.9474808266266843
vn 0 0.3198125750729871 0.9474808266266843
vn 0 -0.3198125750729871 -0.9474808266266843
vn 0 -0.3198125750729871 -0.9474808266266843
vn 0 -0.3198125750729871 -0.9474808266266843
vn 0 -0.3198125750729871 -0.9474808266266843
f 2301/2301/2301 2303/2303/2303 2302/2302/2302
f 2303/2303/2303 2304/2304/2304 2302/2302/2302
f 2305/2305/2305 2307/2307/2307 2306/2306/2306
f 2307/2307/2307 2308/2308/2308 2306/2306/2306
f 2309/2309/2309 2311/2311/2311 2310/2310/2310
f 2311/2311/2311 2312/2312/2312 2310/2310/2310
f 2313/2313/2313 2315/2315/2315 2314/2314/2314
f 2315/2315/2315 2316/2316/2316 2314/2314/2314
f 2317/2317/2317 2319/2319/2319 2318/2318/2318
f 2319/2319/2319 2320/2320/2320 2318/2318/2318
f 2321/2321/2321 2323/2323/2323 2322/2322/2322
f 2323/2323/2323 2324/2324/2324 2322/2322/2322
o throttle_rib_2
usemtl pedal_alloy_dark
v 10.749999994039536 32.65207352904571 -8.013400914706443
v 10.749999994039536 32.42820473030708 -8.676637482050271
v 10.749999994039536 14.649937823138707 -1.936961988319688
v 10.749999994039536 14.426069024400078 -2.6001985556635154
v 10.050000005960465 32.42820473030708 -8.676637482050271
v 10.050000005960465 32.65207352904571 -8.013400914706443
v 10.050000005960465 14.426069024400078 -2.6001985556635154
v 10.050000005960465 14.649937823138707 -1.936961988319688
v 10.050000005960465 32.42820473030708 -8.676637482050271
v 10.749999994039536 32.42820473030708 -8.676637482050271
v 10.050000005960465 32.65207352904571 -8.013400914706443
v 10.749999994039536 32.65207352904571 -8.013400914706443
v 10.050000005960465 14.649937823138707 -1.936961988319688
v 10.749999994039536 14.649937823138707 -1.936961988319688
v 10.050000005960465 14.426069024400078 -2.6001985556635154
v 10.749999994039536 14.426069024400078 -2.6001985556635154
v 10.050000005960465 32.65207352904571 -8.013400914706443
v 10.749999994039536 32.65207352904571 -8.013400914706443
v 10.050000005960465 14.649937823138707 -1.936961988319688
v 10.749999994039536 14.649937823138707 -1.936961988319688
v 10.749999994039536 32.42820473030708 -8.676637482050271
v 10.050000005960465 32.42820473030708 -8.676637482050271
v 10.749999994039536 14.426069024400078 -2.6001985556635154
v 10.050000005960465 14.426069024400078 -2.6001985556635154
vt 0 1
vt 1 1
vt 0 0
vt 1 0
vt 0 1
vt 1 1
vt 0 0
vt 1 0
vt 0 1
vt 1 1
vt 0 0
vt 1 0
vt 0 1
vt 1 1
vt 0 0
vt 1 0
vt 0 1
vt 1 1
vt 0 0
vt 1 0
vt 0 1
vt 1 1
vt 0 0
vt 1 0
vn 1 0 0
vn 1 0 0
vn 1 0 0
vn 1 0 0
vn -1 0 0
vn -1 0 0
vn -1 0 0
vn -1 0 0
vn 0 0.9474808266266843 -0.3198125750729871
vn 0 0.9474808266266843 -0.3198125750729871
vn 0 0.9474808266266843 -0.3198125750729871
vn 0 0.9474808266266843 -0.3198125750729871
vn 0 -0.9474808266266843 0.3198125750729871
vn 0 -0.9474808266266843 0.3198125750729871
vn 0 -0.9474808266266843 0.3198125750729871
vn 0 -0.9474808266266843 0.3198125750729871
vn 0 0.3198125750729871 0.9474808266266843
vn 0 0.3198125750729871 0.9474808266266843
vn 0 0.3198125750729871 0.9474808266266843
vn 0 0.3198125750729871 0.9474808266266843
vn 0 -0.3198125750729871 -0.9474808266266843
vn 0 -0.3198125750729871 -0.9474808266266843
vn 0 -0.3198125750729871 -0.9474808266266843
vn 0 -0.3198125750729871 -0.9474808266266843
f 2325/2325/2325 2327/2327/2327 2326/2326/2326
f 2327/2327/2327 2328/2328/2328 2326/2326/2326
f 2329/2329/2329 2331/2331/2331 2330/2330/2330
f 2331/2331/2331 2332/2332/2332 2330/2330/2330
f 2333/2333/2333 2335/2335/2335 2334/2334/2334
f 2335/2335/2335 2336/2336/2336 2334/2334/2334
f 2337/2337/2337 2339/2339/2339 2338/2338/2338
f 2339/2339/2339 2340/2340/2340 2338/2338/2338
f 2341/2341/2341 2343/2343/2343 2342/2342/2342
f 2343/2343/2343 2344/2344/2344 2342/2342/2342
f 2345/2345/2345 2347/2347/2347 2346/2346/2346
f 2347/2347/2347 2348/2348/2348 2346/2346/2346
o throttle_rib_3
usemtl pedal_alloy_dark
v 11.949999994039535 32.65207352904571 -8.013400914706443
v 11.949999994039535 32.42820473030708 -8.676637482050271
v 11.949999994039535 14.649937823138707 -1.936961988319688
v 11.949999994039535 14.426069024400078 -2.6001985556635154
v 11.250000005960464 32.42820473030708 -8.676637482050271
v 11.250000005960464 32.65207352904571 -8.013400914706443
v 11.250000005960464 14.426069024400078 -2.6001985556635154
v 11.250000005960464 14.649937823138707 -1.936961988319688
v 11.250000005960464 32.42820473030708 -8.676637482050271
v 11.949999994039535 32.42820473030708 -8.676637482050271
v 11.250000005960464 32.65207352904571 -8.013400914706443
v 11.949999994039535 32.65207352904571 -8.013400914706443
v 11.250000005960464 14.649937823138707 -1.936961988319688
v 11.949999994039535 14.649937823138707 -1.936961988319688
v 11.250000005960464 14.426069024400078 -2.6001985556635154
v 11.949999994039535 14.426069024400078 -2.6001985556635154
v 11.250000005960464 32.65207352904571 -8.013400914706443
v 11.949999994039535 32.65207352904571 -8.013400914706443
v 11.250000005960464 14.649937823138707 -1.936961988319688
v 11.949999994039535 14.649937823138707 -1.936961988319688
v 11.949999994039535 32.42820473030708 -8.676637482050271
v 11.250000005960464 32.42820473030708 -8.676637482050271
v 11.949999994039535 14.426069024400078 -2.6001985556635154
v 11.250000005960464 14.426069024400078 -2.6001985556635154
vt 0 1
vt 1 1
vt 0 0
vt 1 0
vt 0 1
vt 1 1
vt 0 0
vt 1 0
vt 0 1
vt 1 1
vt 0 0
vt 1 0
vt 0 1
vt 1 1
vt 0 0
vt 1 0
vt 0 1
vt 1 1
vt 0 0
vt 1 0
vt 0 1
vt 1 1
vt 0 0
vt 1 0
vn 1 0 0
vn 1 0 0
vn 1 0 0
vn 1 0 0
vn -1 0 0
vn -1 0 0
vn -1 0 0
vn -1 0 0
vn 0 0.9474808266266843 -0.3198125750729871
vn 0 0.9474808266266843 -0.3198125750729871
vn 0 0.9474808266266843 -0.3198125750729871
vn 0 0.9474808266266843 -0.3198125750729871
vn 0 -0.9474808266266843 0.3198125750729871
vn 0 -0.9474808266266843 0.3198125750729871
vn 0 -0.9474808266266843 0.3198125750729871
vn 0 -0.9474808266266843 0.3198125750729871
vn 0 0.3198125750729871 0.9474808266266843
vn 0 0.3198125750729871 0.9474808266266843
vn 0 0.3198125750729871 0.9474808266266843
vn 0 0.3198125750729871 0.9474808266266843
vn 0 -0.3198125750729871 -0.9474808266266843
vn 0 -0.3198125750729871 -0.9474808266266843
vn 0 -0.3198125750729871 -0.9474808266266843
vn 0 -0.3198125750729871 -0.9474808266266843
f 2349/2349/2349 2351/2351/2351 2350/2350/2350
f 2351/2351/2351 2352/2352/2352 2350/2350/2350
f 2353/2353/2353 2355/2355/2355 2354/2354/2354
f 2355/2355/2355 2356/2356/2356 2354/2354/2354
f 2357/2357/2357 2359/2359/2359 2358/2358/2358
f 2359/2359/2359 2360/2360/2360 2358/2358/2358
f 2361/2361/2361 2363/2363/2363 2362/2362/2362
f 2363/2363/2363 2364/2364/2364 2362/2362/2362
f 2365/2365/2365 2367/2367/2367 2366/2366/2366
f 2367/2367/2367 2368/2368/2368 2366/2366/2366
f 2369/2369/2369 2371/2371/2371 2370/2370/2370
f 2371/2371/2371 2372/2372/2372 2370/2370/2370
o throttle_rib_4
usemtl pedal_alloy_dark
v 13.149999994039536 32.65207352904571 -8.013400914706443
v 13.149999994039536 32.42820473030708 -8.676637482050271
v 13.149999994039536 14.649937823138707 -1.936961988319688
v 13.149999994039536 14.426069024400078 -2.6001985556635154
v 12.450000005960465 32.42820473030708 -8.676637482050271
v 12.450000005960465 32.65207352904571 -8.013400914706443
v 12.450000005960465 14.426069024400078 -2.6001985556635154
v 12.450000005960465 14.649937823138707 -1.936961988319688
v 12.450000005960465 32.42820473030708 -8.676637482050271
v 13.149999994039536 32.42820473030708 -8.676637482050271
v 12.450000005960465 32.65207352904571 -8.013400914706443
v 13.149999994039536 32.65207352904571 -8.013400914706443
v 12.450000005960465 14.649937823138707 -1.936961988319688
v 13.149999994039536 14.649937823138707 -1.936961988319688
v 12.450000005960465 14.426069024400078 -2.6001985556635154
v 13.149999994039536 14.426069024400078 -2.6001985556635154
v 12.450000005960465 32.65207352904571 -8.013400914706443
v 13.149999994039536 32.65207352904571 -8.013400914706443
v 12.450000005960465 14.649937823138707 -1.936961988319688
v 13.149999994039536 14.649937823138707 -1.936961988319688
v 13.149999994039536 32.42820473030708 -8.676637482050271
v 12.450000005960465 32.42820473030708 -8.676637482050271
v 13.149999994039536 14.426069024400078 -2.6001985556635154
v 12.450000005960465 14.426069024400078 -2.6001985556635154
vt 0 1
vt 1 1
vt 0 0
vt 1 0
vt 0 1
vt 1 1
vt 0 0
vt 1 0
vt 0 1
vt 1 1
vt 0 0
vt 1 0
vt 0 1
vt 1 1
vt 0 0
vt 1 0
vt 0 1
vt 1 1
vt 0 0
vt 1 0
vt 0 1
vt 1 1
vt 0 0
vt 1 0
vn 1 0 0
vn 1 0 0
vn 1 0 0
vn 1 0 0
vn -1 0 0
vn -1 0 0
vn -1 0 0
vn -1 0 0
vn 0 0.9474808266266843 -0.3198125750729871
vn 0 0.9474808266266843 -0.3198125750729871
vn 0 0.9474808266266843 -0.3198125750729871
vn 0 0.9474808266266843 -0.3198125750729871
vn 0 -0.9474808266266843 0.3198125750729871
vn 0 -0.9474808266266843 0.3198125750729871
vn 0 -0.9474808266266843 0.3198125750729871
vn 0 -0.9474808266266843 0.3198125750729871
vn 0 0.3198125750729871 0.9474808266266843
vn 0 0.3198125750729871 0.9474808266266843
vn 0 0.3198125750729871 0.9474808266266843
vn 0 0.3198125750729871 0.9474808266266843
vn 0 -0.3198125750729871 -0.9474808266266843
vn 0 -0.3198125750729871 -0.9474808266266843
vn 0 -0.3198125750729871 -0.9474808266266843
vn 0 -0.3198125750729871 -0.9474808266266843
f 2373/2373/2373 2375/2375/2375 2374/2374/2374
f 2375/2375/2375 2376/2376/2376 2374/2374/2374
f 2377/2377/2377 2379/2379/2379 2378/2378/2378
f 2379/2379/2379 2380/2380/2380 2378/2378/2378
f 2381/2381/2381 2383/2383/2383 2382/2382/2382
f 2383/2383/2383 2384/2384/2384 2382/2382/2382
f 2385/2385/2385 2387/2387/2387 2386/2386/2386
f 2387/2387/2387 2388/2388/2388 2386/2386/2386
f 2389/2389/2389 2391/2391/2391 2390/2390/2390
f 2391/2391/2391 2392/2392/2392 2390/2390/2390
f 2393/2393/2393 2395/2395/2395 2394/2394/2394
f 2395/2395/2395 2396/2396/2396 2394/2394/2394
o throttle_rib_5
usemtl pedal_alloy_dark
v 14.349999994039536 32.65207352904571 -8.013400914706443
v 14.349999994039536 32.42820473030708 -8.676637482050271
v 14.349999994039536 14.649937823138707 -1.936961988319688
v 14.349999994039536 14.426069024400078 -2.6001985556635154
v 13.650000005960464 32.42820473030708 -8.676637482050271
v 13.650000005960464 32.65207352904571 -8.013400914706443
v 13.650000005960464 14.426069024400078 -2.6001985556635154
v 13.650000005960464 14.649937823138707 -1.936961988319688
v 13.650000005960464 32.42820473030708 -8.676637482050271
v 14.349999994039536 32.42820473030708 -8.676637482050271
v 13.650000005960464 32.65207352904571 -8.013400914706443
v 14.349999994039536 32.65207352904571 -8.013400914706443
v 13.650000005960464 14.649937823138707 -1.936961988319688
v 14.349999994039536 14.649937823138707 -1.936961988319688
v 13.650000005960464 14.426069024400078 -2.6001985556635154
v 14.349999994039536 14.426069024400078 -2.6001985556635154
v 13.650000005960464 32.65207352904571 -8.013400914706443
v 14.349999994039536 32.65207352904571 -8.013400914706443
v 13.650000005960464 14.649937823138707 -1.936961988319688
v 14.349999994039536 14.649937823138707 -1.936961988319688
v 14.349999994039536 32.42820473030708 -8.676637482050271
v 13.650000005960464 32.42820473030708 -8.676637482050271
v 14.349999994039536 14.426069024400078 -2.6001985556635154
v 13.650000005960464 14.426069024400078 -2.6001985556635154
vt 0 1
vt 1 1
vt 0 0
vt 1 0
vt 0 1
vt 1 1
vt 0 0
vt 1 0
vt 0 1
vt 1 1
vt 0 0
vt 1 0
vt 0 1
vt 1 1
vt 0 0
vt 1 0
vt 0 1
vt 1 1
vt 0 0
vt 1 0
vt 0 1
vt 1 1
vt 0 0
vt 1 0
vn 1 0 0
vn 1 0 0
vn 1 0 0
vn 1 0 0
vn -1 0 0
vn -1 0 0
vn -1 0 0
vn -1 0 0
vn 0 0.9474808266266843 -0.3198125750729871
vn 0 0.9474808266266843 -0.3198125750729871
vn 0 0.9474808266266843 -0.3198125750729871
vn 0 0.9474808266266843 -0.3198125750729871
vn 0 -0.9474808266266843 0.3198125750729871
vn 0 -0.9474808266266843 0.3198125750729871
vn 0 -0.9474808266266843 0.3198125750729871
vn 0 -0.9474808266266843 0.3198125750729871
vn 0 0.3198125750729871 0.9474808266266843
vn 0 0.3198125750729871 0.9474808266266843
vn 0 0.3198125750729871 0.9474808266266843
vn 0 0.3198125750729871 0.9474808266266843
vn 0 -0.3198125750729871 -0.9474808266266843
vn 0 -0.3198125750729871 -0.9474808266266843
vn 0 -0.3198125750729871 -0.9474808266266843
vn 0 -0.3198125750729871 -0.9474808266266843
f 2397/2397/2397 2399/2399/2399 2398/2398/2398
f 2399/2399/2399 2400/2400/2400 2398/2398/2398
f 2401/2401/2401 2403/2403/2403 2402/2402/2402
f 2403/2403/2403 2404/2404/2404 2402/2402/2402
f 2405/2405/2405 2407/2407/2407 2406/2406/2406
f 2407/2407/2407 2408/2408/2408 2406/2406/2406
f 2409/2409/2409 2411/2411/2411 2410/2410/2410
f 2411/2411/2411 2412/2412/2412 2410/2410/2410
f 2413/2413/2413 2415/2415/2415 2414/2414/2414
f 2415/2415/2415 2416/2416/2416 2414/2414/2414
f 2417/2417/2417 2419/2419/2419 2418/2418/2418
f 2419/2419/2419 2420/2420/2420 2418/2418/2418
o throttle_heel_stop
usemtl pedal_alloy_dark
v 15.5 15.016526626449197 -1.1635845979761386
v 15.5 14.185013961759136 -3.6270346568467047
v 15.5 12.742572552186342 -0.3960343873012655
v 15.5 11.91105988749628 -2.8594844461718316
v 6.5 14.185013961759136 -3.6270346568467047
v 6.5 15.016526626449197 -1.1635845979761386
v 6.5 11.91105988749628 -2.8594844461718316
v 6.5 12.742572552186342 -0.3960343873012655
v 6.5 14.185013961759136 -3.6270346568467047
v 15.5 14.185013961759136 -3.6270346568467047
v 6.5 15.016526626449197 -1.1635845979761386
v 15.5 15.016526626449197 -1.1635845979761386
v 6.5 12.742572552186342 -0.3960343873012655
v 15.5 12.742572552186342 -0.3960343873012655
v 6.5 11.91105988749628 -2.8594844461718316
v 15.5 11.91105988749628 -2.8594844461718316
v 6.5 15.016526626449197 -1.1635845979761386
v 15.5 15.016526626449197 -1.1635845979761386
v 6.5 12.742572552186342 -0.3960343873012655
v 15.5 12.742572552186342 -0.3960343873012655
v 15.5 14.185013961759136 -3.6270346568467047
v 6.5 14.185013961759136 -3.6270346568467047
v 15.5 11.91105988749628 -2.8594844461718316
v 6.5 11.91105988749628 -2.8594844461718316
vt 0 1
vt 1 1
vt 0 0
vt 1 0
vt 0 1
vt 1 1
vt 0 0
vt 1 0
vt 0 1
vt 1 1
vt 0 0
vt 1 0
vt 0 1
vt 1 1
vt 0 0
vt 1 0
vt 0 1
vt 1 1
vt 0 0
vt 1 0
vt 0 1
vt 1 1
vt 0 0
vt 1 0
vn 1 0 0
vn 1 0 0
vn 1 0 0
vn 1 0 0
vn -1 0 0
vn -1 0 0
vn -1 0 0
vn -1 0 0
vn 0 0.9474808266266843 -0.3198125750729871
vn 0 0.9474808266266843 -0.3198125750729871
vn 0 0.9474808266266843 -0.3198125750729871
vn 0 0.9474808266266843 -0.3198125750729871
vn 0 -0.9474808266266843 0.3198125750729871
vn 0 -0.9474808266266843 0.3198125750729871
vn 0 -0.9474808266266843 0.3198125750729871
vn 0 -0.9474808266266843 0.3198125750729871
vn 0 0.3198125750729871 0.9474808266266843
vn 0 0.3198125750729871 0.9474808266266843
vn 0 0.3198125750729871 0.9474808266266843
vn 0 0.3198125750729871 0.9474808266266843
vn 0 -0.3198125750729871 -0.9474808266266843
vn 0 -0.3198125750729871 -0.9474808266266843
vn 0 -0.3198125750729871 -0.9474808266266843
vn 0 -0.3198125750729871 -0.9474808266266843
f 2421/2421/2421 2423/2423/2423 2422/2422/2422
f 2423/2423/2423 2424/2424/2424 2422/2422/2422
f 2425/2425/2425 2427/2427/2427 2426/2426/2426
f 2427/2427/2427 2428/2428/2428 2426/2426/2426
f 2429/2429/2429 2431/2431/2431 2430/2430/2430
f 2431/2431/2431 2432/2432/2432 2430/2430/2430
f 2433/2433/2433 2435/2435/2435 2434/2434/2434
f 2435/2435/2435 2436/2436/2436 2434/2434/2434
f 2437/2437/2437 2439/2439/2439 2438/2438/2438
f 2439/2439/2439 2440/2440/2440 2438/2438/2438
f 2441/2441/2441 2443/2443/2443 2442/2442/2442
f 2443/2443/2443 2444/2444/2444 2442/2442/2442
o throttle_accent_stripe
usemtl accent_green
v 14 32.778802882416755 -7.95063408771611
v 14 32.61889659488026 -8.424374501029453
v 14 31.262833537224356 -7.438933959974404
v 14 31.102927249687863 -7.912674373287747
v 8 32.61889659488026 -8.424374501029453
v 8 32.778802882416755 -7.95063408771611
v 8 31.102927249687863 -7.912674373287747
v 8 31.262833537224356 -7.438933959974404
v 8 32.61889659488026 -8.424374501029453
v 14 32.61889659488026 -8.424374501029453
v 8 32.778802882416755 -7.95063408771611
v 14 32.778802882416755 -7.95063408771611
v 8 31.262833537224356 -7.438933959974404
v 14 31.262833537224356 -7.438933959974404
v 8 31.102927249687863 -7.912674373287747
v 14 31.102927249687863 -7.912674373287747
v 8 32.778802882416755 -7.95063408771611
v 14 32.778802882416755 -7.95063408771611
v 8 31.262833537224356 -7.438933959974404
v 14 31.262833537224356 -7.438933959974404
v 14 32.61889659488026 -8.424374501029453
v 8 32.61889659488026 -8.424374501029453
v 14 31.102927249687863 -7.912674373287747
v 8 31.102927249687863 -7.912674373287747
vt 0 1
vt 1 1
vt 0 0
vt 1 0
vt 0 1
vt 1 1
vt 0 0
vt 1 0
vt 0 1
vt 1 1
vt 0 0
vt 1 0
vt 0 1
vt 1 1
vt 0 0
vt 1 0
vt 0 1
vt 1 1
vt 0 0
vt 1 0
vt 0 1
vt 1 1
vt 0 0
vt 1 0
vn 1 0 0
vn 1 0 0
vn 1 0 0
vn 1 0 0
vn -1 0 0
vn -1 0 0
vn -1 0 0
vn -1 0 0
vn 0 0.9474808266266843 -0.3198125750729871
vn 0 0.9474808266266843 -0.3198125750729871
vn 0 0.9474808266266843 -0.3198125750729871
vn 0 0.9474808266266843 -0.3198125750729871
vn 0 -0.9474808266266843 0.3198125750729871
vn 0 -0.9474808266266843 0.3198125750729871
vn 0 -0.9474808266266843 0.3198125750729871
vn 0 -0.9474808266266843 0.3198125750729871
vn 0 0.3198125750729871 0.9474808266266843
vn 0 0.3198125750729871 0.9474808266266843
vn 0 0.3198125750729871 0.9474808266266843
vn 0 0.3198125750729871 0.9474808266266843
vn 0 -0.3198125750729871 -0.9474808266266843
vn 0 -0.3198125750729871 -0.9474808266266843
vn 0 -0.3198125750729871 -0.9474808266266843
vn 0 -0.3198125750729871 -0.9474808266266843
f 2445/2445/2445 2447/2447/2447 2446/2446/2446
f 2447/2447/2447 2448/2448/2448 2446/2446/2446
f 2449/2449/2449 2451/2451/2451 2450/2450/2450
f 2451/2451/2451 2452/2452/2452 2450/2450/2450
f 2453/2453/2453 2455/2455/2455 2454/2454/2454
f 2455/2455/2455 2456/2456/2456 2454/2454/2454
f 2457/2457/2457 2459/2459/2459 2458/2458/2458
f 2459/2459/2459 2460/2460/2460 2458/2458/2458
f 2461/2461/2461 2463/2463/2463 2462/2462/2462
f 2463/2463/2463 2464/2464/2464 2462/2462/2462
f 2465/2465/2465 2467/2467/2467 2466/2466/2466
f 2467/2467/2467 2468/2468/2468 2466/2466/2466
o throttle_hinge_pin
usemtl hinge_bolt
v 6.5 9.992007221626409e-16 0.8999999761581421
v 6.5 0.27811530232429604 0.8559508919715881
v 6.5 0.5290067195892344 0.7281153202056885
v 6.5 0.7281153202056895 0.5290067195892334
v 6.5 0.8559508919715891 0.27811530232429504
v 6.5 0.8999999761581431 5.5109105057610103e-17
v 6.5 0.8559508919715891 -0.27811530232429504
v 6.5 0.7281153202056895 -0.5290067195892334
v 6.5 0.5290067195892344 -0.7281153202056885
v 6.5 0.27811530232429604 -0.8559508919715881
v 6.5 1.109418932277861e-15 -0.8999999761581421
v 6.5 -0.27811530232429404 -0.8559508919715881
v 6.5 -0.5290067195892324 -0.7281153202056885
v 6.5 -0.7281153202056875 -0.5290067195892334
v 6.5 -0.8559508919715871 -0.27811530232429504
v 6.5 -0.8999999761581411 -1.6532731848155276e-16
v 6.5 -0.8559508919715871 0.27811530232429504
v 6.5 -0.7281153202056875 0.5290067195892334
v 6.5 -0.5290067195892324 0.7281153202056885
v 6.5 -0.27811530232429404 0.8559508919715881
v 6.5 7.787643019322005e-16 0.8999999761581421
v 15.5 -9.992007221626409e-16 0.8999999761581421
v 15.5 0.27811530232429404 0.8559508919715881
v 15.5 0.5290067195892324 0.7281153202056885
v 15.5 0.7281153202056875 0.5290067195892334
v 15.5 0.8559508919715871 0.27811530232429504
v 15.5 0.8999999761581411 5.5109105057610103e-17
v 15.5 0.8559508919715871 -0.27811530232429504
v 15.5 0.7281153202056875 -0.5290067195892334
v 15.5 0.5290067195892324 -0.7281153202056885
v 15.5 0.27811530232429404 -0.8559508919715881
v 15.5 -8.889825120474207e-16 -0.8999999761581421
v 15.5 -0.27811530232429604 -0.8559508919715881
v 15.5 -0.5290067195892344 -0.7281153202056885
v 15.5 -0.7281153202056895 -0.5290067195892334
v 15.5 -0.8559508919715891 -0.27811530232429504
v 15.5 -0.8999999761581431 -1.6532731848155276e-16
v 15.5 -0.8559508919715891 0.27811530232429504
v 15.5 -0.7281153202056895 0.5290067195892334
v 15.5 -0.5290067195892344 0.7281153202056885
v 15.5 -0.27811530232429604 0.8559508919715881
v 15.5 -1.2196371423930813e-15 0.8999999761581421
v 6.5 9.992007221626409e-16 0
v 6.5 9.992007221626409e-16 0
v 6.5 9.992007221626409e-16 0
v 6.5 9.992007221626409e-16 0
v 6.5 9.992007221626409e-16 0
v 6.5 9.992007221626409e-16 0
v 6.5 9.992007221626409e-16 0
v 6.5 9.992007221626409e-16 0
v 6.5 9.992007221626409e-16 0
v 6.5 9.992007221626409e-16 0
v 6.5 9.992007221626409e-16 0
v 6.5 9.992007221626409e-16 0
v 6.5 9.992007221626409e-16 0
v 6.5 9.992007221626409e-16 0
v 6.5 9.992007221626409e-16 0
v 6.5 9.992007221626409e-16 0
v 6.5 9.992007221626409e-16 0
v 6.5 9.992007221626409e-16 0
v 6.5 9.992007221626409e-16 0
v 6.5 9.992007221626409e-16 0
v 6.5 9.992007221626409e-16 0.8999999761581421
v 6.5 0.27811530232429604 0.8559508919715881
v 6.5 0.5290067195892344 0.7281153202056885
v 6.5 0.7281153202056895 0.5290067195892334
v 6.5 0.8559508919715891 0.27811530232429504
v 6.5 0.8999999761581431 5.5109105057610103e-17
v 6.5 0.8559508919715891 -0.27811530232429504
v 6.5 0.7281153202056895 -0.5290067195892334
v 6.5 0.5290067195892344 -0.7281153202056885
v 6.5 0.27811530232429604 -0.8559508919715881
v 6.5 1.109418932277861e-15 -0.8999999761581421
v 6.5 -0.27811530232429404 -0.8559508919715881
v 6.5 -0.5290067195892324 -0.7281153202056885
v 6.5 -0.7281153202056875 -0.5290067195892334
v 6.5 -0.8559508919715871 -0.27811530232429504
v 6.5 -0.8999999761581411 -1.6532731848155276e-16
v 6.5 -0.8559508919715871 0.27811530232429504
v 6.5 -0.7281153202056875 0.5290067195892334
v 6.5 -0.5290067195892324 0.7281153202056885
v 6.5 -0.27811530232429404 0.8559508919715881
v 6.5 7.787643019322005e-16 0.8999999761581421
v 15.5 -9.992007221626409e-16 0
v 15.5 -9.992007221626409e-16 0
v 15.5 -9.992007221626409e-16 0
v 15.5 -9.992007221626409e-16 0
v 15.5 -9.992007221626409e-16 0
v 15.5 -9.992007221626409e-16 0
v 15.5 -9.992007221626409e-16 0
v 15.5 -9.992007221626409e-16 0
v 15.5 -9.992007221626409e-16 0
v 15.5 -9.992007221626409e-16 0
v 15.5 -9.992007221626409e-16 0
v 15.5 -9.992007221626409e-16 0
v 15.5 -9.992007221626409e-16 0
v 15.5 -9.992007221626409e-16 0
v 15.5 -9.992007221626409e-16 0
v 15.5 -9.992007221626409e-16 0
v 15.5 -9.992007221626409e-16 0
v 15.5 -9.992007221626409e-16 0
v 15.5 -9.992007221626409e-16 0
v 15.5 -9.992007221626409e-16 0
v 15.5 -9.992007221626409e-16 0.8999999761581421
v 15.5 0.27811530232429404 0.8559508919715881
v 15.5 0.5290067195892324 0.7281153202056885
v 15.5 0.7281153202056875 0.5290067195892334
v 15.5 0.8559508919715871 0.27811530232429504
v 15.5 0.8999999761581411 5.5109105057610103e-17
v 15.5 0.8559508919715871 -0.27811530232429504
v 15.5 0.7281153202056875 -0.5290067195892334
v 15.5 0.5290067195892324 -0.7281153202056885
v 15.5 0.27811530232429404 -0.8559508919715881
v 15.5 -8.889825120474207e-16 -0.8999999761581421
v 15.5 -0.27811530232429604 -0.8559508919715881
v 15.5 -0.5290067195892344 -0.7281153202056885
v 15.5 -0.7281153202056895 -0.5290067195892334
v 15.5 -0.8559508919715891 -0.27811530232429504
v 15.5 -0.8999999761581431 -1.6532731848155276e-16
v 15.5 -0.8559508919715891 0.27811530232429504
v 15.5 -0.7281153202056895 0.5290067195892334
v 15.5 -0.5290067195892344 0.7281153202056885
v 15.5 -0.27811530232429604 0.8559508919715881
v 15.5 -1.2196371423930813e-15 0.8999999761581421
vt 0 1
vt 0.05000000074505806 1
vt 0.10000000149011612 1
vt 0.15000000596046448 1
vt 0.20000000298023224 1
vt 0.25 1
vt 0.30000001192092896 1
vt 0.3499999940395355 1
vt 0.4000000059604645 1
vt 0.44999998807907104 1
vt 0.5 1
vt 0.550000011920929 1
vt 0.6000000238418579 1
vt 0.6499999761581421 1
vt 0.699999988079071 1
vt 0.75 1
vt 0.800000011920929 1
vt 0.8500000238418579 1
vt 0.8999999761581421 1
vt 0.949999988079071 1
vt 1 1
vt 0 0
vt 0.05000000074505806 0
vt 0.10000000149011612 0
vt 0.15000000596046448 0
vt 0.20000000298023224 0
vt 0.25 0
vt 0.30000001192092896 0
vt 0.3499999940395355 0
vt 0.4000000059604645 0
vt 0.44999998807907104 0
vt 0.5 0
vt 0.550000011920929 0
vt 0.6000000238418579 0
vt 0.6499999761581421 0
vt 0.699999988079071 0
vt 0.75 0
vt 0.800000011920929 0
vt 0.8500000238418579 0
vt 0.8999999761581421 0
vt 0.949999988079071 0
vt 1 0
vt 0.5 0.5
vt 0.5 0.5
vt 0.5 0.5
vt 0.5 0.5
vt 0.5 0.5
vt 0.5 0.5
vt 0.5 0.5
vt 0.5 0.5
vt 0.5 0.5
vt 0.5 0.5
vt 0.5 0.5
vt 0.5 0.5
vt 0.5 0.5
vt 0.5 0.5
vt 0.5 0.5
vt 0.5 0.5
vt 0.5 0.5
vt 0.5 0.5
vt 0.5 0.5
vt 0.5 0.5
vt 1 0.5
vt 0.9755282402038574 0.6545084714889526
vt 0.9045084714889526 0.7938926219940186
vt 0.7938926219940186 0.9045084714889526
vt 0.6545084714889526 0.9755282402038574
vt 0.5 1
vt 0.345491498708725 0.9755282402038574
vt 0.20610737800598145 0.9045084714889526
vt 0.09549150615930557 0.7938926219940186
vt 0.024471741169691086 0.6545084714889526
vt 0 0.5
vt 0.024471741169691086 0.345491498708725
vt 0.09549150615930557 0.20610737800598145
vt 0.20610737800598145 0.09549150615930557
vt 0.345491498708725 0.024471741169691086
vt 0.5 0
vt 0.6545084714889526 0.024471741169691086
vt 0.7938926219940186 0.09549150615930557
vt 0.9045084714889526 0.20610737800598145
vt 0.9755282402038574 0.345491498708725
vt 1 0.5
vt 0.5 0.5
vt 0.5 0.5
vt 0.5 0.5
vt 0.5 0.5
vt 0.5 0.5
vt 0.5 0.5
vt 0.5 0.5
vt 0.5 0.5
vt 0.5 0.5
vt 0.5 0.5
vt 0.5 0.5
vt 0.5 0.5
vt 0.5 0.5
vt 0.5 0.5
vt 0.5 0.5
vt 0.5 0.5
vt 0.5 0.5
vt 0.5 0.5
vt 0.5 0.5
vt 0.5 0.5
vt 1 0.5
vt 0.9755282402038574 0.345491498708725
vt 0.9045084714889526 0.20610737800598145
vt 0.7938926219940186 0.09549150615930557
vt 0.6545084714889526 0.024471741169691086
vt 0.5 0
vt 0.345491498708725 0.024471741169691086
vt 0.20610737800598145 0.09549150615930557
vt 0.09549150615930557 0.20610737800598145
vt 0.024471741169691086 0.345491498708725
vt 0 0.5
vt 0.024471741169691086 0.6545084714889526
vt 0.09549150615930557 0.7938926219940186
vt 0.20610737800598145 0.9045084714889526
vt 0.345491498708725 0.9755282402038574
vt 0.5 1
vt 0.6545084714889526 0.9755282402038574
vt 0.7938926219940186 0.9045084714889526
vt 0.9045084714889526 0.7938926219940186
vt 0.9755282402038574 0.6545084714889526
vt 1 0.5
vn 0 0 1
vn 6.861555653181067e-17 0.3090169948284817 0.9510565161477913
vn 1.3051454205252937e-16 0.5877852429542022 0.8090170011595983
vn 1.796378604001166e-16 0.8090170011595983 0.5877852429542022
vn 2.1117696838941298e-16 0.9510565161477913 0.3090169948284817
vn 2.220446049250313e-16 1 6.123234262925839e-17
vn 2.1117696838941298e-16 0.9510565161477913 -0.3090169948284817
vn 1.796378604001166e-16 0.8090170011595983 -0.5877852429542022
vn 1.3051454205252937e-16 0.5877852429542022 -0.8090170011595983
vn 6.861555653181067e-17 0.3090169948284817 -0.9510565161477913
vn 2.7192622655495665e-32 1.2246468525851679e-16 -1
vn -6.861555653181067e-17 -0.3090169948284817 -0.9510565161477913
vn -1.3051454205252937e-16 -0.5877852429542022 -0.8090170011595983
vn -1.796378604001166e-16 -0.8090170011595983 -0.5877852429542022
vn -2.1117696838941298e-16 -0.9510565161477913 -0.3090169948284817
vn -2.220446049250313e-16 -1 -1.8369701465288538e-16
vn -2.1117696838941298e-16 -0.9510565161477913 0.3090169948284817
vn -1.796378604001166e-16 -0.8090170011595983 0.5877852429542022
vn -1.3051454205252937e-16 -0.5877852429542022 0.8090170011595983
vn -6.861555653181067e-17 -0.3090169948284817 0.9510565161477913
vn -5.438524531099133e-32 -2.4492937051703357e-16 1
vn 0 0 1
vn 6.861555653181067e-17 0.3090169948284817 0.9510565161477913
vn 1.3051454205252937e-16 0.5877852429542022 0.8090170011595983
vn 1.796378604001166e-16 0.8090170011595983 0.5877852429542022
vn 2.1117696838941298e-16 0.9510565161477913 0.3090169948284817
vn 2.220446049250313e-16 1 6.123234262925839e-17
vn 2.1117696838941298e-16 0.9510565161477913 -0.3090169948284817
vn 1.796378604001166e-16 0.8090170011595983 -0.5877852429542022
vn 1.3051454205252937e-16 0.5877852429542022 -0.8090170011595983
vn 6.861555653181067e-17 0.3090169948284817 -0.9510565161477913
vn 2.7192622655495665e-32 1.2246468525851679e-16 -1
vn -6.861555653181067e-17 -0.3090169948284817 -0.9510565161477913
vn -1.3051454205252937e-16 -0.5877852429542022 -0.8090170011595983
vn -1.796378604001166e-16 -0.8090170011595983 -0.5877852429542022
vn -2.1117696838941298e-16 -0.9510565161477913 -0.3090169948284817
vn -2.220446049250313e-16 -1 -1.8369701465288538e-16
vn -2.1117696838941298e-16 -0.9510565161477913 0.3090169948284817
vn -1.796378604001166e-16 -0.8090170011595983 0.5877852429542022
vn -1.3051454205252937e-16 -0.5877852429542022 0.8090170011595983
vn -6.861555653181067e-17 -0.3090169948284817 0.9510565161477913
vn -5.438524531099133e-32 -2.4492937051703357e-16 1
vn -1 2.220446049250313e-16 0
vn -1 2.220446049250313e-16 0
vn -1 2.220446049250313e-16 0
vn -1 2.220446049250313e-16 0
vn -1 2.220446049250313e-16 0
vn -1 2.220446049250313e-16 0
vn -1 2.220446049250313e-16 0
vn -1 2.220446049250313e-16 0
vn -1 2.220446049250313e-16 0
vn -1 2.220446049250313e-16 0
vn -1 2.220446049250313e-16 0
vn -1 2.220446049250313e-16 0
vn -1 2.220446049250313e-16 0
vn -1 2.220446049250313e-16 0
vn -1 2.220446049250313e-16 0
vn -1 2.220446049250313e-16 0
vn -1 2.220446049250313e-16 0
vn -1 2.220446049250313e-16 0
vn -1 2.220446049250313e-16 0
vn -1 2.220446049250313e-16 0
vn -1 2.220446049250313e-16 0
vn -1 2.220446049250313e-16 0
vn -1 2.220446049250313e-16 0
vn -1 2.220446049250313e-16 0
vn -1 2.220446049250313e-16 0
vn -1 2.220446049250313e-16 0
vn -1 2.220446049250313e-16 0
vn -1 2.220446049250313e-16 0
vn -1 2.220446049250313e-16 0
vn -1 2.220446049250313e-16 0
vn -1 2.220446049250313e-16 0
vn -1 2.220446049250313e-16 0
vn -1 2.220446049250313e-16 0
vn -1 2.220446049250313e-16 0
vn -1 2.220446049250313e-16 0
vn -1 2.220446049250313e-16 0
vn -1 2.220446049250313e-16 0
vn -1 2.220446049250313e-16 0
vn -1 2.220446049250313e-16 0
vn -1 2.220446049250313e-16 0
vn -1 2.220446049250313e-16 0
vn 1 -2.220446049250313e-16 0
vn 1 -2.220446049250313e-16 0
vn 1 -2.220446049250313e-16 0
vn 1 -2.220446049250313e-16 0
vn 1 -2.220446049250313e-16 0
vn 1 -2.220446049250313e-16 0
vn 1 -2.220446049250313e-16 0
vn 1 -2.220446049250313e-16 0
vn 1 -2.220446049250313e-16 0
vn 1 -2.220446049250313e-16 0
vn 1 -2.220446049250313e-16 0
vn 1 -2.220446049250313e-16 0
vn 1 -2.220446049250313e-16 0
vn 1 -2.220446049250313e-16 0
vn 1 -2.220446049250313e-16 0
vn 1 -2.220446049250313e-16 0
vn 1 -2.220446049250313e-16 0
vn 1 -2.220446049250313e-16 0
vn 1 -2.220446049250313e-16 0
vn 1 -2.220446049250313e-16 0
vn 1 -2.220446049250313e-16 0
vn 1 -2.220446049250313e-16 0
vn 1 -2.220446049250313e-16 0
vn 1 -2.220446049250313e-16 0
vn 1 -2.220446049250313e-16 0
vn 1 -2.220446049250313e-16 0
vn 1 -2.220446049250313e-16 0
vn 1 -2.220446049250313e-16 0
vn 1 -2.220446049250313e-16 0
vn 1 -2.220446049250313e-16 0
vn 1 -2.220446049250313e-16 0
vn 1 -2.220446049250313e-16 0
vn 1 -2.220446049250313e-16 0
vn 1 -2.220446049250313e-16 0
vn 1 -2.220446049250313e-16 0
vn 1 -2.220446049250313e-16 0
vn 1 -2.220446049250313e-16 0
vn 1 -2.220446049250313e-16 0
vn 1 -2.220446049250313e-16 0
vn 1 -2.220446049250313e-16 0
vn 1 -2.220446049250313e-16 0
f 2469/2469/2469 2490/2490/2490 2470/2470/2470
f 2490/2490/2490 2491/2491/2491 2470/2470/2470
f 2470/2470/2470 2491/2491/2491 2471/2471/2471
f 2491/2491/2491 2492/2492/2492 2471/2471/2471
f 2471/2471/2471 2492/2492/2492 2472/2472/2472
f 2492/2492/2492 2493/2493/2493 2472/2472/2472
f 2472/2472/2472 2493/2493/2493 2473/2473/2473
f 2493/2493/2493 2494/2494/2494 2473/2473/2473
f 2473/2473/2473 2494/2494/2494 2474/2474/2474
f 2494/2494/2494 2495/2495/2495 2474/2474/2474
f 2474/2474/2474 2495/2495/2495 2475/2475/2475
f 2495/2495/2495 2496/2496/2496 2475/2475/2475
f 2475/2475/2475 2496/2496/2496 2476/2476/2476
f 2496/2496/2496 2497/2497/2497 2476/2476/2476
f 2476/2476/2476 2497/2497/2497 2477/2477/2477
f 2497/2497/2497 2498/2498/2498 2477/2477/2477
f 2477/2477/2477 2498/2498/2498 2478/2478/2478
f 2498/2498/2498 2499/2499/2499 2478/2478/2478
f 2478/2478/2478 2499/2499/2499 2479/2479/2479
f 2499/2499/2499 2500/2500/2500 2479/2479/2479
f 2479/2479/2479 2500/2500/2500 2480/2480/2480
f 2500/2500/2500 2501/2501/2501 2480/2480/2480
f 2480/2480/2480 2501/2501/2501 2481/2481/2481
f 2501/2501/2501 2502/2502/2502 2481/2481/2481
f 2481/2481/2481 2502/2502/2502 2482/2482/2482
f 2502/2502/2502 2503/2503/2503 2482/2482/2482
f 2482/2482/2482 2503/2503/2503 2483/2483/2483
f 2503/2503/2503 2504/2504/2504 2483/2483/2483
f 2483/2483/2483 2504/2504/2504 2484/2484/2484
f 2504/2504/2504 2505/2505/2505 2484/2484/2484
f 2484/2484/2484 2505/2505/2505 2485/2485/2485
f 2505/2505/2505 2506/2506/2506 2485/2485/2485
f 2485/2485/2485 2506/2506/2506 2486/2486/2486
f 2506/2506/2506 2507/2507/2507 2486/2486/2486
f 2486/2486/2486 2507/2507/2507 2487/2487/2487
f 2507/2507/2507 2508/2508/2508 2487/2487/2487
f 2487/2487/2487 2508/2508/2508 2488/2488/2488
f 2508/2508/2508 2509/2509/2509 2488/2488/2488
f 2488/2488/2488 2509/2509/2509 2489/2489/2489
f 2509/2509/2509 2510/2510/2510 2489/2489/2489
f 2531/2531/2531 2532/2532/2532 2511/2511/2511
f 2532/2532/2532 2533/2533/2533 2512/2512/2512
f 2533/2533/2533 2534/2534/2534 2513/2513/2513
f 2534/2534/2534 2535/2535/2535 2514/2514/2514
f 2535/2535/2535 2536/2536/2536 2515/2515/2515
f 2536/2536/2536 2537/2537/2537 2516/2516/2516
f 2537/2537/2537 2538/2538/2538 2517/2517/2517
f 2538/2538/2538 2539/2539/2539 2518/2518/2518
f 2539/2539/2539 2540/2540/2540 2519/2519/2519
f 2540/2540/2540 2541/2541/2541 2520/2520/2520
f 2541/2541/2541 2542/2542/2542 2521/2521/2521
f 2542/2542/2542 2543/2543/2543 2522/2522/2522
f 2543/2543/2543 2544/2544/2544 2523/2523/2523
f 2544/2544/2544 2545/2545/2545 2524/2524/2524
f 2545/2545/2545 2546/2546/2546 2525/2525/2525
f 2546/2546/2546 2547/2547/2547 2526/2526/2526
f 2547/2547/2547 2548/2548/2548 2527/2527/2527
f 2548/2548/2548 2549/2549/2549 2528/2528/2528
f 2549/2549/2549 2550/2550/2550 2529/2529/2529
f 2550/2550/2550 2551/2551/2551 2530/2530/2530
f 2573/2573/2573 2572/2572/2572 2552/2552/2552
f 2574/2574/2574 2573/2573/2573 2553/2553/2553
f 2575/2575/2575 2574/2574/2574 2554/2554/2554
f 2576/2576/2576 2575/2575/2575 2555/2555/2555
f 2577/2577/2577 2576/2576/2576 2556/2556/2556
f 2578/2578/2578 2577/2577/2577 2557/2557/2557
f 2579/2579/2579 2578/2578/2578 2558/2558/2558
f 2580/2580/2580 2579/2579/2579 2559/2559/2559
f 2581/2581/2581 2580/2580/2580 2560/2560/2560
f 2582/2582/2582 2581/2581/2581 2561/2561/2561
f 2583/2583/2583 2582/2582/2582 2562/2562/2562
f 2584/2584/2584 2583/2583/2583 2563/2563/2563
f 2585/2585/2585 2584/2584/2584 2564/2564/2564
f 2586/2586/2586 2585/2585/2585 2565/2565/2565
f 2587/2587/2587 2586/2586/2586 2566/2566/2566
f 2588/2588/2588 2587/2587/2587 2567/2567/2567
f 2589/2589/2589 2588/2588/2588 2568/2568/2568
f 2590/2590/2590 2589/2589/2589 2569/2569/2569
f 2591/2591/2591 2590/2590/2590 2570/2570/2570
f 2592/2592/2592 2591/2591/2591 2571/2571/2571
o throttle_pin_cap_l
usemtl pedal_alloy_dark
v 5.599999976158142 1.332267682489747e-16 1.5
v 5.599999976158142 0.513030230998993 1.409538984298706
v 5.599999976158142 0.964181423187256 1.149066686630249
v 5.599999976158142 1.2990380525588991 0.75
v 5.599999976158142 1.4772115945816042 0.26047226786613464
v 5.599999976158142 1.4772115945816042 -0.26047226786613464
v 5.599999976158142 1.2990380525588991 -0.75
v 5.599999976158142 0.964181423187256 -1.149066686630249
v 5.599999976158142 0.513030230998993 -1.409538984298706
v 5.599999976158142 3.169237829018601e-16 -1.5
v 5.599999976158142 -0.5130302309989928 -1.409538984298706
v 5.599999976158142 -0.9641814231872557 -1.149066686630249
v 5.599999976158142 -1.2990380525588987 -0.75
v 5.599999976158142 -1.4772115945816038 -0.26047226786613464
v 5.599999976158142 -1.4772115945816038 0.26047226786613464
v 5.599999976158142 -1.2990380525588987 0.75
v 5.599999976158142 -0.9641814231872557 1.149066686630249
v 5.599999976158142 -0.5130302309989928 1.409538984298706
v 5.599999976158142 -2.3416726105679605e-16 1.5
v 6.800000023841858 -1.332267682489747e-16 1.5
v 6.800000023841858 0.5130302309989928 1.409538984298706
v 6.800000023841858 0.9641814231872557 1.149066686630249
v 6.800000023841858 1.2990380525588987 0.75
v 6.800000023841858 1.4772115945816038 0.26047226786613464
v 6.800000023841858 1.4772115945816038 -0.26047226786613464
v 6.800000023841858 1.2990380525588987 -0.75
v 6.800000023841858 0.9641814231872557 -1.149066686630249
v 6.800000023841858 0.5130302309989928 -1.409538984298706
v 6.800000023841858 5.047024640391067e-17 -1.5
v 6.800000023841858 -0.513030230998993 -1.409538984298706
v 6.800000023841858 -0.964181423187256 -1.149066686630249
v 6.800000023841858 -1.2990380525588991 -0.75
v 6.800000023841858 -1.4772115945816042 -0.26047226786613464
v 6.800000023841858 -1.4772115945816042 0.26047226786613464
v 6.800000023841858 -1.2990380525588991 0.75
v 6.800000023841858 -0.964181423187256 1.149066686630249
v 6.800000023841858 -0.513030230998993 1.409538984298706
v 6.800000023841858 -5.006207975547455e-16 1.5
v 5.599999976158142 1.332267682489747e-16 0
v 5.599999976158142 1.332267682489747e-16 0
v 5.599999976158142 1.332267682489747e-16 0
v 5.599999976158142 1.332267682489747e-16 0
v 5.599999976158142 1.332267682489747e-16 0
v 5.599999976158142 1.332267682489747e-16 0
v 5.599999976158142 1.332267682489747e-16 0
v 5.599999976158142 1.332267682489747e-16 0
v 5.599999976158142 1.332267682489747e-16 0
v 5.599999976158142 1.332267682489747e-16 0
v 5.599999976158142 1.332267682489747e-16 0
v 5.599999976158142 1.332267682489747e-16 0
v 5.599999976158142 1.332267682489747e-16 0
v 5.599999976158142 1.332267682489747e-16 0
v 5.599999976158142 1.332267682489747e-16 0
v 5.599999976158142 1.332267682489747e-16 0
v 5.599999976158142 1.332267682489747e-16 0
v 5.599999976158142 1.332267682489747e-16 0
v 5.599999976158142 1.332267682489747e-16 1.5
v 5.599999976158142 0.513030230998993 1.409538984298706
v 5.599999976158142 0.964181423187256 1.149066686630249
v 5.599999976158142 1.2990380525588991 0.75
v 5.599999976158142 1.4772115945816042 0.26047226786613464
v 5.599999976158142 1.4772115945816042 -0.26047226786613464
v 5.599999976158142 1.2990380525588991 -0.75
v 5.599999976158142 0.964181423187256 -1.149066686630249
v 5.599999976158142 0.513030230998993 -1.409538984298706
v 5.599999976158142 3.169237829018601e-16 -1.5
v 5.599999976158142 -0.5130302309989928 -1.409538984298706
v 5.599999976158142 -0.9641814231872557 -1.149066686630249
v 5.599999976158142 -1.2990380525588987 -0.75
v 5.599999976158142 -1.4772115945816038 -0.26047226786613464
v 5.599999976158142 -1.4772115945816038 0.26047226786613464
v 5.599999976158142 -1.2990380525588987 0.75
v 5.599999976158142 -0.9641814231872557 1.149066686630249
v 5.599999976158142 -0.5130302309989928 1.409538984298706
v 5.599999976158142 -2.3416726105679605e-16 1.5
v 6.800000023841858 -1.332267682489747e-16 0
v 6.800000023841858 -1.332267682489747e-16 0
v 6.800000023841858 -1.332267682489747e-16 0
v 6.800000023841858 -1.332267682489747e-16 0
v 6.800000023841858 -1.332267682489747e-16 0
v 6.800000023841858 -1.332267682489747e-16 0
v 6.800000023841858 -1.332267682489747e-16 0
v 6.800000023841858 -1.332267682489747e-16 0
v 6.800000023841858 -1.332267682489747e-16 0
v 6.800000023841858 -1.332267682489747e-16 0
v 6.800000023841858 -1.332267682489747e-16 0
v 6.800000023841858 -1.332267682489747e-16 0
v 6.800000023841858 -1.332267682489747e-16 0
v 6.800000023841858 -1.332267682489747e-16 0
v 6.800000023841858 -1.332267682489747e-16 0
v 6.800000023841858 -1.332267682489747e-16 0
v 6.800000023841858 -1.332267682489747e-16 0
v 6.800000023841858 -1.332267682489747e-16 0
v 6.800000023841858 -1.332267682489747e-16 1.5
v 6.800000023841858 0.5130302309989928 1.409538984298706
v 6.800000023841858 0.9641814231872557 1.149066686630249
v 6.800000023841858 1.2990380525588987 0.75
v 6.800000023841858 1.4772115945816038 0.26047226786613464
v 6.800000023841858 1.4772115945816038 -0.26047226786613464
v 6.800000023841858 1.2990380525588987 -0.75
v 6.800000023841858 0.9641814231872557 -1.149066686630249
v 6.800000023841858 0.5130302309989928 -1.409538984298706
v 6.800000023841858 5.047024640391067e-17 -1.5
v 6.800000023841858 -0.513030230998993 -1.409538984298706
v 6.800000023841858 -0.964181423187256 -1.149066686630249
v 6.800000023841858 -1.2990380525588991 -0.75
v 6.800000023841858 -1.4772115945816042 -0.26047226786613464
v 6.800000023841858 -1.4772115945816042 0.26047226786613464
v 6.800000023841858 -1.2990380525588991 0.75
v 6.800000023841858 -0.964181423187256 1.149066686630249
v 6.800000023841858 -0.513030230998993 1.409538984298706
v 6.800000023841858 -5.006207975547455e-16 1.5
vt 0 1
vt 0.0555555559694767 1
vt 0.1111111119389534 1
vt 0.1666666716337204 1
vt 0.2222222238779068 1
vt 0.2777777910232544 1
vt 0.3333333432674408 1
vt 0.3888888955116272 1
vt 0.4444444477558136 1
vt 0.5 1
vt 0.5555555820465088 1
vt 0.6111111044883728 1
vt 0.6666666865348816 1
vt 0.7222222089767456 1
vt 0.7777777910232544 1
vt 0.8333333134651184 1
vt 0.8888888955116272 1
vt 0.9444444179534912 1
vt 1 1
vt 0 0
vt 0.0555555559694767 0
vt 0.1111111119389534 0
vt 0.1666666716337204 0
vt 0.2222222238779068 0
vt 0.2777777910232544 0
vt 0.3333333432674408 0
vt 0.3888888955116272 0
vt 0.4444444477558136 0
vt 0.5 0
vt 0.5555555820465088 0
vt 0.6111111044883728 0
vt 0.6666666865348816 0
vt 0.7222222089767456 0
vt 0.7777777910232544 0
vt 0.8333333134651184 0
vt 0.8888888955116272 0
vt 0.9444444179534912 0
vt 1 0
vt 0.5 0.5
vt 0.5 0.5
vt 0.5 0.5
vt 0.5 0.5
vt 0.5 0.5
vt 0.5 0.5
vt 0.5 0.5
vt 0.5 0.5
vt 0.5 0.5
vt 0.5 0.5
vt 0.5 0.5
vt 0.5 0.5
vt 0.5 0.5
vt 0.5 0.5
vt 0.5 0.5
vt 0.5 0.5
vt 0.5 0.5
vt 0.5 0.5
vt 1 0.5
vt 0.9698463082313538 0.6710100769996643
vt 0.8830222487449646 0.8213937878608704
vt 0.75 0.9330127239227295
vt 0.5868240594863892 0.9924038648605347
vt 0.41317591071128845 0.9924038648605347
vt 0.25 0.9330127239227295
vt 0.11697778105735779 0.8213937878608704
vt 0.03015368990600109 0.6710100769996643
vt 0 0.5
vt 0.03015368990600109 0.3289899230003357
vt 0.11697778105735779 0.17860619723796844
vt 0.25 0.0669872984290123
vt 0.41317591071128845 0.007596123497933149
vt 0.5868240594863892 0.007596123497933149
vt 0.75 0.0669872984290123
vt 0.8830222487449646 0.17860619723796844
vt 0.9698463082313538 0.3289899230003357
vt 1 0.5
vt 0.5 0.5
vt 0.5 0.5
vt 0.5 0.5
vt 0.5 0.5
vt 0.5 0.5
vt 0.5 0.5
vt 0.5 0.5
vt 0.5 0.5
vt 0.5 0.5
vt 0.5 0.5
vt 0.5 0.5
vt 0.5 0.5
vt 0.5 0.5
vt 0.5 0.5
vt 0.5 0.5
vt 0.5 0.5
vt 0.5 0.5
vt 0.5 0.5
vt 1 0.5
vt 0.9698463082313538 0.3289899230003357
vt 0.8830222487449646 0.17860619723796844
vt 0.75 0.0669872984290123
vt 0.5868240594863892 0.007596123497933149
vt 0.41317591071128845 0.007596123497933149
vt 0.25 0.0669872984290123
vt 0.11697778105735779 0.17860619723796844
vt 0.03015368990600109 0.3289899230003357
vt 0 0.5
vt 0.03015368990600109 0.6710100769996643
vt 0.11697778105735779 0.8213937878608704
vt 0.25 0.9330127239227295
vt 0.41317591071128845 0.9924038648605347
vt 0.5868240594863892 0.9924038648605347
vt 0.75 0.9330127239227295
vt 0.8830222487449646 0.8213937878608704
vt 0.9698463082313538 0.6710100769996643
vt 1 0.5
vn 0 0 1
vn 7.594373000245847e-17 0.34202015414019754 0.9396926168497417
vn 1.4272752475668266e-16 0.6427876273097093 0.7660444283313822
vn 1.9229626777551189e-16 0.8660253998985324 0.5000000067305869
vn 2.1867124825418542e-16 0.9848077521541907 0.17364818253298778
vn 2.1867124825418542e-16 0.9848077521541907 -0.17364818253298778
vn 1.9229626777551189e-16 0.8660253998985324 -0.5000000067305869
vn 1.4272752475668266e-16 0.6427876273097093 -0.7660444283313822
vn 7.594373000245847e-17 0.34202015414019754 -0.9396926168497417
vn 2.7192622655495665e-32 1.2246468525851679e-16 -1
vn -7.594373000245847e-17 -0.34202015414019754 -0.9396926168497417
vn -1.4272752475668266e-16 -0.6427876273097093 -0.7660444283313822
vn -1.9229626777551189e-16 -0.8660253998985324 -0.5000000067305869
vn -2.1867124825418542e-16 -0.9848077521541907 -0.17364818253298778
vn -2.1867124825418542e-16 -0.9848077521541907 0.17364818253298778
vn -1.9229626777551189e-16 -0.8660253998985324 0.5000000067305869
vn -1.4272752475668266e-16 -0.6427876273097093 0.7660444283313822
vn -7.594373000245847e-17 -0.34202015414019754 0.9396926168497417
vn -5.438524531099133e-32 -2.4492937051703357e-16 1
vn 0 0 1
vn 7.594373000245847e-17 0.34202015414019754 0.9396926168497417
vn 1.4272752475668266e-16 0.6427876273097093 0.7660444283313822
vn 1.9229626777551189e-16 0.8660253998985324 0.5000000067305869
vn 2.1867124825418542e-16 0.9848077521541907 0.17364818253298778
vn 2.1867124825418542e-16 0.9848077521541907 -0.17364818253298778
vn 1.9229626777551189e-16 0.8660253998985324 -0.5000000067305869
vn 1.4272752475668266e-16 0.6427876273097093 -0.7660444283313822
vn 7.594373000245847e-17 0.34202015414019754 -0.9396926168497417
vn 2.7192622655495665e-32 1.2246468525851679e-16 -1
vn -7.594373000245847e-17 -0.34202015414019754 -0.9396926168497417
vn -1.4272752475668266e-16 -0.6427876273097093 -0.7660444283313822
vn -1.9229626777551189e-16 -0.8660253998985324 -0.5000000067305869
vn -2.1867124825418542e-16 -0.9848077521541907 -0.17364818253298778
vn -2.1867124825418542e-16 -0.9848077521541907 0.17364818253298778
vn -1.9229626777551189e-16 -0.8660253998985324 0.5000000067305869
vn -1.4272752475668266e-16 -0.6427876273097093 0.7660444283313822
vn -7.594373000245847e-17 -0.34202015414019754 0.9396926168497417
vn -5.438524531099133e-32 -2.4492937051703357e-16 1
vn -1 2.220446049250313e-16 0
vn -1 2.220446049250313e-16 0
vn -1 2.220446049250313e-16 0
vn -1 2.220446049250313e-16 0
vn -1 2.220446049250313e-16 0
vn -1 2.220446049250313e-16 0
vn -1 2.220446049250313e-16 0
vn -1 2.220446049250313e-16 0
vn -1 2.220446049250313e-16 0
vn -1 2.220446049250313e-16 0
vn -1 2.220446049250313e-16 0
vn -1 2.220446049250313e-16 0
vn -1 2.220446049250313e-16 0
vn -1 2.220446049250313e-16 0
vn -1 2.220446049250313e-16 0
vn -1 2.220446049250313e-16 0
vn -1 2.220446049250313e-16 0
vn -1 2.220446049250313e-16 0
vn -1 2.220446049250313e-16 0
vn -1 2.220446049250313e-16 0
vn -1 2.220446049250313e-16 0
vn -1 2.220446049250313e-16 0
vn -1 2.220446049250313e-16 0
vn -1 2.220446049250313e-16 0
vn -1 2.220446049250313e-16 0
vn -1 2.220446049250313e-16 0
vn -1 2.220446049250313e-16 0
vn -1 2.220446049250313e-16 0
vn -1 2.220446049250313e-16 0
vn -1 2.220446049250313e-16 0
vn -1 2.220446049250313e-16 0
vn -1 2.220446049250313e-16 0
vn -1 2.220446049250313e-16 0
vn -1 2.220446049250313e-16 0
vn -1 2.220446049250313e-16 0
vn -1 2.220446049250313e-16 0
vn -1 2.220446049250313e-16 0
vn 1 -2.220446049250313e-16 0
vn 1 -2.220446049250313e-16 0
vn 1 -2.220446049250313e-16 0
vn 1 -2.220446049250313e-16 0
vn 1 -2.220446049250313e-16 0
vn 1 -2.220446049250313e-16 0
vn 1 -2.220446049250313e-16 0
vn 1 -2.220446049250313e-16 0
vn 1 -2.220446049250313e-16 0
vn 1 -2.220446049250313e-16 0
vn 1 -2.220446049250313e-16 0
vn 1 -2.220446049250313e-16 0
vn 1 -2.220446049250313e-16 0
vn 1 -2.220446049250313e-16 0
vn 1 -2.220446049250313e-16 0
vn 1 -2.220446049250313e-16 0
vn 1 -2.220446049250313e-16 0
vn 1 -2.220446049250313e-16 0
vn 1 -2.220446049250313e-16 0
vn 1 -2.220446049250313e-16 0
vn 1 -2.220446049250313e-16 0
vn 1 -2.220446049250313e-16 0
vn 1 -2.220446049250313e-16 0
vn 1 -2.220446049250313e-16 0
vn 1 -2.220446049250313e-16 0
vn 1 -2.220446049250313e-16 0
vn 1 -2.220446049250313e-16 0
vn 1 -2.220446049250313e-16 0
vn 1 -2.220446049250313e-16 0
vn 1 -2.220446049250313e-16 0
vn 1 -2.220446049250313e-16 0
vn 1 -2.220446049250313e-16 0
vn 1 -2.220446049250313e-16 0
vn 1 -2.220446049250313e-16 0
vn 1 -2.220446049250313e-16 0
vn 1 -2.220446049250313e-16 0
vn 1 -2.220446049250313e-16 0
f 2593/2593/2593 2612/2612/2612 2594/2594/2594
f 2612/2612/2612 2613/2613/2613 2594/2594/2594
f 2594/2594/2594 2613/2613/2613 2595/2595/2595
f 2613/2613/2613 2614/2614/2614 2595/2595/2595
f 2595/2595/2595 2614/2614/2614 2596/2596/2596
f 2614/2614/2614 2615/2615/2615 2596/2596/2596
f 2596/2596/2596 2615/2615/2615 2597/2597/2597
f 2615/2615/2615 2616/2616/2616 2597/2597/2597
f 2597/2597/2597 2616/2616/2616 2598/2598/2598
f 2616/2616/2616 2617/2617/2617 2598/2598/2598
f 2598/2598/2598 2617/2617/2617 2599/2599/2599
f 2617/2617/2617 2618/2618/2618 2599/2599/2599
f 2599/2599/2599 2618/2618/2618 2600/2600/2600
f 2618/2618/2618 2619/2619/2619 2600/2600/2600
f 2600/2600/2600 2619/2619/2619 2601/2601/2601
f 2619/2619/2619 2620/2620/2620 2601/2601/2601
f 2601/2601/2601 2620/2620/2620 2602/2602/2602
f 2620/2620/2620 2621/2621/2621 2602/2602/2602
f 2602/2602/2602 2621/2621/2621 2603/2603/2603
f 2621/2621/2621 2622/2622/2622 2603/2603/2603
f 2603/2603/2603 2622/2622/2622 2604/2604/2604
f 2622/2622/2622 2623/2623/2623 2604/2604/2604
f 2604/2604/2604 2623/2623/2623 2605/2605/2605
f 2623/2623/2623 2624/2624/2624 2605/2605/2605
f 2605/2605/2605 2624/2624/2624 2606/2606/2606
f 2624/2624/2624 2625/2625/2625 2606/2606/2606
f 2606/2606/2606 2625/2625/2625 2607/2607/2607
f 2625/2625/2625 2626/2626/2626 2607/2607/2607
f 2607/2607/2607 2626/2626/2626 2608/2608/2608
f 2626/2626/2626 2627/2627/2627 2608/2608/2608
f 2608/2608/2608 2627/2627/2627 2609/2609/2609
f 2627/2627/2627 2628/2628/2628 2609/2609/2609
f 2609/2609/2609 2628/2628/2628 2610/2610/2610
f 2628/2628/2628 2629/2629/2629 2610/2610/2610
f 2610/2610/2610 2629/2629/2629 2611/2611/2611
f 2629/2629/2629 2630/2630/2630 2611/2611/2611
f 2649/2649/2649 2650/2650/2650 2631/2631/2631
f 2650/2650/2650 2651/2651/2651 2632/2632/2632
f 2651/2651/2651 2652/2652/2652 2633/2633/2633
f 2652/2652/2652 2653/2653/2653 2634/2634/2634
f 2653/2653/2653 2654/2654/2654 2635/2635/2635
f 2654/2654/2654 2655/2655/2655 2636/2636/2636
f 2655/2655/2655 2656/2656/2656 2637/2637/2637
f 2656/2656/2656 2657/2657/2657 2638/2638/2638
f 2657/2657/2657 2658/2658/2658 2639/2639/2639
f 2658/2658/2658 2659/2659/2659 2640/2640/2640
f 2659/2659/2659 2660/2660/2660 2641/2641/2641
f 2660/2660/2660 2661/2661/2661 2642/2642/2642
f 2661/2661/2661 2662/2662/2662 2643/2643/2643
f 2662/2662/2662 2663/2663/2663 2644/2644/2644
f 2663/2663/2663 2664/2664/2664 2645/2645/2645
f 2664/2664/2664 2665/2665/2665 2646/2646/2646
f 2665/2665/2665 2666/2666/2666 2647/2647/2647
f 2666/2666/2666 2667/2667/2667 2648/2648/2648
f 2687/2687/2687 2686/2686/2686 2668/2668/2668
f 2688/2688/2688 2687/2687/2687 2669/2669/2669
f 2689/2689/2689 2688/2688/2688 2670/2670/2670
f 2690/2690/2690 2689/2689/2689 2671/2671/2671
f 2691/2691/2691 2690/2690/2690 2672/2672/2672
f 2692/2692/2692 2691/2691/2691 2673/2673/2673
f 2693/2693/2693 2692/2692/2692 2674/2674/2674
f 2694/2694/2694 2693/2693/2693 2675/2675/2675
f 2695/2695/2695 2694/2694/2694 2676/2676/2676
f 2696/2696/2696 2695/2695/2695 2677/2677/2677
f 2697/2697/2697 2696/2696/2696 2678/2678/2678
f 2698/2698/2698 2697/2697/2697 2679/2679/2679
f 2699/2699/2699 2698/2698/2698 2680/2680/2680
f 2700/2700/2700 2699/2699/2699 2681/2681/2681
f 2701/2701/2701 2700/2700/2700 2682/2682/2682
f 2702/2702/2702 2701/2701/2701 2683/2683/2683
f 2703/2703/2703 2702/2702/2702 2684/2684/2684
f 2704/2704/2704 2703/2703/2703 2685/2685/2685
o throttle_pin_cap_r
usemtl pedal_alloy_dark
v 15.199999976158143 1.332267682489747e-16 1.5
v 15.199999976158143 0.513030230998993 1.409538984298706
v 15.199999976158143 0.964181423187256 1.149066686630249
v 15.199999976158143 1.2990380525588991 0.75
v 15.199999976158143 1.4772115945816042 0.26047226786613464
v 15.199999976158143 1.4772115945816042 -0.26047226786613464
v 15.199999976158143 1.2990380525588991 -0.75
v 15.199999976158143 0.964181423187256 -1.149066686630249
v 15.199999976158143 0.513030230998993 -1.409538984298706
v 15.199999976158143 3.169237829018601e-16 -1.5
v 15.199999976158143 -0.5130302309989928 -1.409538984298706
v 15.199999976158143 -0.9641814231872557 -1.149066686630249
v 15.199999976158143 -1.2990380525588987 -0.75
v 15.199999976158143 -1.4772115945816038 -0.26047226786613464
v 15.199999976158143 -1.4772115945816038 0.26047226786613464
v 15.199999976158143 -1.2990380525588987 0.75
v 15.199999976158143 -0.9641814231872557 1.149066686630249
v 15.199999976158143 -0.5130302309989928 1.409538984298706
v 15.199999976158143 -2.3416726105679605e-16 1.5
v 16.40000002384186 -1.332267682489747e-16 1.5
v 16.40000002384186 0.5130302309989928 1.409538984298706
v 16.40000002384186 0.9641814231872557 1.149066686630249
v 16.40000002384186 1.2990380525588987 0.75
v 16.40000002384186 1.4772115945816038 0.26047226786613464
v 16.40000002384186 1.4772115945816038 -0.26047226786613464
v 16.40000002384186 1.2990380525588987 -0.75
v 16.40000002384186 0.9641814231872557 -1.149066686630249
v 16.40000002384186 0.5130302309989928 -1.409538984298706
v 16.40000002384186 5.047024640391067e-17 -1.5
v 16.40000002384186 -0.513030230998993 -1.409538984298706
v 16.40000002384186 -0.964181423187256 -1.149066686630249
v 16.40000002384186 -1.2990380525588991 -0.75
v 16.40000002384186 -1.4772115945816042 -0.26047226786613464
v 16.40000002384186 -1.4772115945816042 0.26047226786613464
v 16.40000002384186 -1.2990380525588991 0.75
v 16.40000002384186 -0.964181423187256 1.149066686630249
v 16.40000002384186 -0.513030230998993 1.409538984298706
v 16.40000002384186 -5.006207975547455e-16 1.5
v 15.199999976158143 1.332267682489747e-16 0
v 15.199999976158143 1.332267682489747e-16 0
v 15.199999976158143 1.332267682489747e-16 0
v 15.199999976158143 1.332267682489747e-16 0
v 15.199999976158143 1.332267682489747e-16 0
v 15.199999976158143 1.332267682489747e-16 0
v 15.199999976158143 1.332267682489747e-16 0
v 15.199999976158143 1.332267682489747e-16 0
v 15.199999976158143 1.332267682489747e-16 0
v 15.199999976158143 1.332267682489747e-16 0
v 15.199999976158143 1.332267682489747e-16 0
v 15.199999976158143 1.332267682489747e-16 0
v 15.199999976158143 1.332267682489747e-16 0
v 15.199999976158143 1.332267682489747e-16 0
v 15.199999976158143 1.332267682489747e-16 0
v 15.199999976158143 1.332267682489747e-16 0
v 15.199999976158143 1.332267682489747e-16 0
v 15.199999976158143 1.332267682489747e-16 0
v 15.199999976158143 1.332267682489747e-16 1.5
v 15.199999976158143 0.513030230998993 1.409538984298706
v 15.199999976158143 0.964181423187256 1.149066686630249
v 15.199999976158143 1.2990380525588991 0.75
v 15.199999976158143 1.4772115945816042 0.26047226786613464
v 15.199999976158143 1.4772115945816042 -0.26047226786613464
v 15.199999976158143 1.2990380525588991 -0.75
v 15.199999976158143 0.964181423187256 -1.149066686630249
v 15.199999976158143 0.513030230998993 -1.409538984298706
v 15.199999976158143 3.169237829018601e-16 -1.5
v 15.199999976158143 -0.5130302309989928 -1.409538984298706
v 15.199999976158143 -0.9641814231872557 -1.149066686630249
v 15.199999976158143 -1.2990380525588987 -0.75
v 15.199999976158143 -1.4772115945816038 -0.26047226786613464
v 15.199999976158143 -1.4772115945816038 0.26047226786613464
v 15.199999976158143 -1.2990380525588987 0.75
v 15.199999976158143 -0.9641814231872557 1.149066686630249
v 15.199999976158143 -0.5130302309989928 1.409538984298706
v 15.199999976158143 -2.3416726105679605e-16 1.5
v 16.40000002384186 -1.332267682489747e-16 0
v 16.40000002384186 -1.332267682489747e-16 0
v 16.40000002384186 -1.332267682489747e-16 0
v 16.40000002384186 -1.332267682489747e-16 0
v 16.40000002384186 -1.332267682489747e-16 0
v 16.40000002384186 -1.332267682489747e-16 0
v 16.40000002384186 -1.332267682489747e-16 0
v 16.40000002384186 -1.332267682489747e-16 0
v 16.40000002384186 -1.332267682489747e-16 0
v 16.40000002384186 -1.332267682489747e-16 0
v 16.40000002384186 -1.332267682489747e-16 0
v 16.40000002384186 -1.332267682489747e-16 0
v 16.40000002384186 -1.332267682489747e-16 0
v 16.40000002384186 -1.332267682489747e-16 0
v 16.40000002384186 -1.332267682489747e-16 0
v 16.40000002384186 -1.332267682489747e-16 0
v 16.40000002384186 -1.332267682489747e-16 0
v 16.40000002384186 -1.332267682489747e-16 0
v 16.40000002384186 -1.332267682489747e-16 1.5
v 16.40000002384186 0.5130302309989928 1.409538984298706
v 16.40000002384186 0.9641814231872557 1.149066686630249
v 16.40000002384186 1.2990380525588987 0.75
v 16.40000002384186 1.4772115945816038 0.26047226786613464
v 16.40000002384186 1.4772115945816038 -0.26047226786613464
v 16.40000002384186 1.2990380525588987 -0.75
v 16.40000002384186 0.9641814231872557 -1.149066686630249
v 16.40000002384186 0.5130302309989928 -1.409538984298706
v 16.40000002384186 5.047024640391067e-17 -1.5
v 16.40000002384186 -0.513030230998993 -1.409538984298706
v 16.40000002384186 -0.964181423187256 -1.149066686630249
v 16.40000002384186 -1.2990380525588991 -0.75
v 16.40000002384186 -1.4772115945816042 -0.26047226786613464
v 16.40000002384186 -1.4772115945816042 0.26047226786613464
v 16.40000002384186 -1.2990380525588991 0.75
v 16.40000002384186 -0.964181423187256 1.149066686630249
v 16.40000002384186 -0.513030230998993 1.409538984298706
v 16.40000002384186 -5.006207975547455e-16 1.5
vt 0 1
vt 0.0555555559694767 1
vt 0.1111111119389534 1
vt 0.1666666716337204 1
vt 0.2222222238779068 1
vt 0.2777777910232544 1
vt 0.3333333432674408 1
vt 0.3888888955116272 1
vt 0.4444444477558136 1
vt 0.5 1
vt 0.5555555820465088 1
vt 0.6111111044883728 1
vt 0.6666666865348816 1
vt 0.7222222089767456 1
vt 0.7777777910232544 1
vt 0.8333333134651184 1
vt 0.8888888955116272 1
vt 0.9444444179534912 1
vt 1 1
vt 0 0
vt 0.0555555559694767 0
vt 0.1111111119389534 0
vt 0.1666666716337204 0
vt 0.2222222238779068 0
vt 0.2777777910232544 0
vt 0.3333333432674408 0
vt 0.3888888955116272 0
vt 0.4444444477558136 0
vt 0.5 0
vt 0.5555555820465088 0
vt 0.6111111044883728 0
vt 0.6666666865348816 0
vt 0.7222222089767456 0
vt 0.7777777910232544 0
vt 0.8333333134651184 0
vt 0.8888888955116272 0
vt 0.9444444179534912 0
vt 1 0
vt 0.5 0.5
vt 0.5 0.5
vt 0.5 0.5
vt 0.5 0.5
vt 0.5 0.5
vt 0.5 0.5
vt 0.5 0.5
vt 0.5 0.5
vt 0.5 0.5
vt 0.5 0.5
vt 0.5 0.5
vt 0.5 0.5
vt 0.5 0.5
vt 0.5 0.5
vt 0.5 0.5
vt 0.5 0.5
vt 0.5 0.5
vt 0.5 0.5
vt 1 0.5
vt 0.9698463082313538 0.6710100769996643
vt 0.8830222487449646 0.8213937878608704
vt 0.75 0.9330127239227295
vt 0.5868240594863892 0.9924038648605347
vt 0.41317591071128845 0.9924038648605347
vt 0.25 0.9330127239227295
vt 0.11697778105735779 0.8213937878608704
vt 0.03015368990600109 0.6710100769996643
vt 0 0.5
vt 0.03015368990600109 0.3289899230003357
vt 0.11697778105735779 0.17860619723796844
vt 0.25 0.0669872984290123
vt 0.41317591071128845 0.007596123497933149
vt 0.5868240594863892 0.007596123497933149
vt 0.75 0.0669872984290123
vt 0.8830222487449646 0.17860619723796844
vt 0.9698463082313538 0.3289899230003357
vt 1 0.5
vt 0.5 0.5
vt 0.5 0.5
vt 0.5 0.5
vt 0.5 0.5
vt 0.5 0.5
vt 0.5 0.5
vt 0.5 0.5
vt 0.5 0.5
vt 0.5 0.5
vt 0.5 0.5
vt 0.5 0.5
vt 0.5 0.5
vt 0.5 0.5
vt 0.5 0.5
vt 0.5 0.5
vt 0.5 0.5
vt 0.5 0.5
vt 0.5 0.5
vt 1 0.5
vt 0.9698463082313538 0.3289899230003357
vt 0.8830222487449646 0.17860619723796844
vt 0.75 0.0669872984290123
vt 0.5868240594863892 0.007596123497933149
vt 0.41317591071128845 0.007596123497933149
vt 0.25 0.0669872984290123
vt 0.11697778105735779 0.17860619723796844
vt 0.03015368990600109 0.3289899230003357
vt 0 0.5
vt 0.03015368990600109 0.6710100769996643
vt 0.11697778105735779 0.8213937878608704
vt 0.25 0.9330127239227295
vt 0.41317591071128845 0.9924038648605347
vt 0.5868240594863892 0.9924038648605347
vt 0.75 0.9330127239227295
vt 0.8830222487449646 0.8213937878608704
vt 0.9698463082313538 0.6710100769996643
vt 1 0.5
vn 0 0 1
vn 7.594373000245847e-17 0.34202015414019754 0.9396926168497417
vn 1.4272752475668266e-16 0.6427876273097093 0.7660444283313822
vn 1.9229626777551189e-16 0.8660253998985324 0.5000000067305869
vn 2.1867124825418542e-16 0.9848077521541907 0.17364818253298778
vn 2.1867124825418542e-16 0.9848077521541907 -0.17364818253298778
vn 1.9229626777551189e-16 0.8660253998985324 -0.5000000067305869
vn 1.4272752475668266e-16 0.6427876273097093 -0.7660444283313822
vn 7.594373000245847e-17 0.34202015414019754 -0.9396926168497417
vn 2.7192622655495665e-32 1.2246468525851679e-16 -1
vn -7.594373000245847e-17 -0.34202015414019754 -0.9396926168497417
vn -1.4272752475668266e-16 -0.6427876273097093 -0.7660444283313822
vn -1.9229626777551189e-16 -0.8660253998985324 -0.5000000067305869
vn -2.1867124825418542e-16 -0.9848077521541907 -0.17364818253298778
vn -2.1867124825418542e-16 -0.9848077521541907 0.17364818253298778
vn -1.9229626777551189e-16 -0.8660253998985324 0.5000000067305869
vn -1.4272752475668266e-16 -0.6427876273097093 0.7660444283313822
vn -7.594373000245847e-17 -0.34202015414019754 0.9396926168497417
vn -5.438524531099133e-32 -2.4492937051703357e-16 1
vn 0 0 1
vn 7.594373000245847e-17 0.34202015414019754 0.9396926168497417
vn 1.4272752475668266e-16 0.6427876273097093 0.7660444283313822
vn 1.9229626777551189e-16 0.8660253998985324 0.5000000067305869
vn 2.1867124825418542e-16 0.9848077521541907 0.17364818253298778
vn 2.1867124825418542e-16 0.9848077521541907 -0.17364818253298778
vn 1.9229626777551189e-16 0.8660253998985324 -0.5000000067305869
vn 1.4272752475668266e-16 0.6427876273097093 -0.7660444283313822
vn 7.594373000245847e-17 0.34202015414019754 -0.9396926168497417
vn 2.7192622655495665e-32 1.2246468525851679e-16 -1
vn -7.594373000245847e-17 -0.34202015414019754 -0.9396926168497417
vn -1.4272752475668266e-16 -0.6427876273097093 -0.7660444283313822
vn -1.9229626777551189e-16 -0.8660253998985324 -0.5000000067305869
vn -2.1867124825418542e-16 -0.9848077521541907 -0.17364818253298778
vn -2.1867124825418542e-16 -0.9848077521541907 0.17364818253298778
vn -1.9229626777551189e-16 -0.8660253998985324 0.5000000067305869
vn -1.4272752475668266e-16 -0.6427876273097093 0.7660444283313822
vn -7.594373000245847e-17 -0.34202015414019754 0.9396926168497417
vn -5.438524531099133e-32 -2.4492937051703357e-16 1
vn -1 2.220446049250313e-16 0
vn -1 2.220446049250313e-16 0
vn -1 2.220446049250313e-16 0
vn -1 2.220446049250313e-16 0
vn -1 2.220446049250313e-16 0
vn -1 2.220446049250313e-16 0
vn -1 2.220446049250313e-16 0
vn -1 2.220446049250313e-16 0
vn -1 2.220446049250313e-16 0
vn -1 2.220446049250313e-16 0
vn -1 2.220446049250313e-16 0
vn -1 2.220446049250313e-16 0
vn -1 2.220446049250313e-16 0
vn -1 2.220446049250313e-16 0
vn -1 2.220446049250313e-16 0
vn -1 2.220446049250313e-16 0
vn -1 2.220446049250313e-16 0
vn -1 2.220446049250313e-16 0
vn -1 2.220446049250313e-16 0
vn -1 2.220446049250313e-16 0
vn -1 2.220446049250313e-16 0
vn -1 2.220446049250313e-16 0
vn -1 2.220446049250313e-16 0
vn -1 2.220446049250313e-16 0
vn -1 2.220446049250313e-16 0
vn -1 2.220446049250313e-16 0
vn -1 2.220446049250313e-16 0
vn -1 2.220446049250313e-16 0
vn -1 2.220446049250313e-16 0
vn -1 2.220446049250313e-16 0
vn -1 2.220446049250313e-16 0
vn -1 2.220446049250313e-16 0
vn -1 2.220446049250313e-16 0
vn -1 2.220446049250313e-16 0
vn -1 2.220446049250313e-16 0
vn -1 2.220446049250313e-16 0
vn -1 2.220446049250313e-16 0
vn 1 -2.220446049250313e-16 0
vn 1 -2.220446049250313e-16 0
vn 1 -2.220446049250313e-16 0
vn 1 -2.220446049250313e-16 0
vn 1 -2.220446049250313e-16 0
vn 1 -2.220446049250313e-16 0
vn 1 -2.220446049250313e-16 0
vn 1 -2.220446049250313e-16 0
vn 1 -2.220446049250313e-16 0
vn 1 -2.220446049250313e-16 0
vn 1 -2.220446049250313e-16 0
vn 1 -2.220446049250313e-16 0
vn 1 -2.220446049250313e-16 0
vn 1 -2.220446049250313e-16 0
vn 1 -2.220446049250313e-16 0
vn 1 -2.220446049250313e-16 0
vn 1 -2.220446049250313e-16 0
vn 1 -2.220446049250313e-16 0
vn 1 -2.220446049250313e-16 0
vn 1 -2.220446049250313e-16 0
vn 1 -2.220446049250313e-16 0
vn 1 -2.220446049250313e-16 0
vn 1 -2.220446049250313e-16 0
vn 1 -2.220446049250313e-16 0
vn 1 -2.220446049250313e-16 0
vn 1 -2.220446049250313e-16 0
vn 1 -2.220446049250313e-16 0
vn 1 -2.220446049250313e-16 0
vn 1 -2.220446049250313e-16 0
vn 1 -2.220446049250313e-16 0
vn 1 -2.220446049250313e-16 0
vn 1 -2.220446049250313e-16 0
vn 1 -2.220446049250313e-16 0
vn 1 -2.220446049250313e-16 0
vn 1 -2.220446049250313e-16 0
vn 1 -2.220446049250313e-16 0
vn 1 -2.220446049250313e-16 0
f 2705/2705/2705 2724/2724/2724 2706/2706/2706
f 2724/2724/2724 2725/2725/2725 2706/2706/2706
f 2706/2706/2706 2725/2725/2725 2707/2707/2707
f 2725/2725/2725 2726/2726/2726 2707/2707/2707
f 2707/2707/2707 2726/2726/2726 2708/2708/2708
f 2726/2726/2726 2727/2727/2727 2708/2708/2708
f 2708/2708/2708 2727/2727/2727 2709/2709/2709
f 2727/2727/2727 2728/2728/2728 2709/2709/2709
f 2709/2709/2709 2728/2728/2728 2710/2710/2710
f 2728/2728/2728 2729/2729/2729 2710/2710/2710
f 2710/2710/2710 2729/2729/2729 2711/2711/2711
f 2729/2729/2729 2730/2730/2730 2711/2711/2711
f 2711/2711/2711 2730/2730/2730 2712/2712/2712
f 2730/2730/2730 2731/2731/2731 2712/2712/2712
f 2712/2712/2712 2731/2731/2731 2713/2713/2713
f 2731/2731/2731 2732/2732/2732 2713/2713/2713
f 2713/2713/2713 2732/2732/2732 2714/2714/2714
f 2732/2732/2732 2733/2733/2733 2714/2714/2714
f 2714/2714/2714 2733/2733/2733 2715/2715/2715
f 2733/2733/2733 2734/2734/2734 2715/2715/2715
f 2715/2715/2715 2734/2734/2734 2716/2716/2716
f 2734/2734/2734 2735/2735/2735 2716/2716/2716
f 2716/2716/2716 2735/2735/2735 2717/2717/2717
f 2735/2735/2735 2736/2736/2736 2717/2717/2717
f 2717/2717/2717 2736/2736/2736 2718/2718/2718
f 2736/2736/2736 2737/2737/2737 2718/2718/2718
f 2718/2718/2718 2737/2737/2737 2719/2719/2719
f 2737/2737/2737 2738/2738/2738 2719/2719/2719
f 2719/2719/2719 2738/2738/2738 2720/2720/2720
f 2738/2738/2738 2739/2739/2739 2720/2720/2720
f 2720/2720/2720 2739/2739/2739 2721/2721/2721
f 2739/2739/2739 2740/2740/2740 2721/2721/2721
f 2721/2721/2721 2740/2740/2740 2722/2722/2722
f 2740/2740/2740 2741/2741/2741 2722/2722/2722
f 2722/2722/2722 2741/2741/2741 2723/2723/2723
f 2741/2741/2741 2742/2742/2742 2723/2723/2723
f 2761/2761/2761 2762/2762/2762 2743/2743/2743
f 2762/2762/2762 2763/2763/2763 2744/2744/2744
f 2763/2763/2763 2764/2764/2764 2745/2745/2745
f 2764/2764/2764 2765/2765/2765 2746/2746/2746
f 2765/2765/2765 2766/2766/2766 2747/2747/2747
f 2766/2766/2766 2767/2767/2767 2748/2748/2748
f 2767/2767/2767 2768/2768/2768 2749/2749/2749
f 2768/2768/2768 2769/2769/2769 2750/2750/2750
f 2769/2769/2769 2770/2770/2770 2751/2751/2751
f 2770/2770/2770 2771/2771/2771 2752/2752/2752
f 2771/2771/2771 2772/2772/2772 2753/2753/2753
f 2772/2772/2772 2773/2773/2773 2754/2754/2754
f 2773/2773/2773 2774/2774/2774 2755/2755/2755
f 2774/2774/2774 2775/2775/2775 2756/2756/2756
f 2775/2775/2775 2776/2776/2776 2757/2757/2757
f 2776/2776/2776 2777/2777/2777 2758/2758/2758
f 2777/2777/2777 2778/2778/2778 2759/2759/2759
f 2778/2778/2778 2779/2779/2779 2760/2760/2760
f 2799/2799/2799 2798/2798/2798 2780/2780/2780
f 2800/2800/2800 2799/2799/2799 2781/2781/2781
f 2801/2801/2801 2800/2800/2800 2782/2782/2782
f 2802/2802/2802 2801/2801/2801 2783/2783/2783
f 2803/2803/2803 2802/2802/2802 2784/2784/2784
f 2804/2804/2804 2803/2803/2803 2785/2785/2785
f 2805/2805/2805 2804/2804/2804 2786/2786/2786
f 2806/2806/2806 2805/2805/2805 2787/2787/2787
f 2807/2807/2807 2806/2806/2806 2788/2788/2788
f 2808/2808/2808 2807/2807/2807 2789/2789/2789
f 2809/2809/2809 2808/2808/2808 2790/2790/2790
f 2810/2810/2810 2809/2809/2809 2791/2791/2791
f 2811/2811/2811 2810/2810/2810 2792/2792/2792
f 2812/2812/2812 2811/2811/2811 2793/2793/2793
f 2813/2813/2813 2812/2812/2812 2794/2794/2794
f 2814/2814/2814 2813/2813/2813 2795/2795/2795
f 2815/2815/2815 2814/2814/2814 2796/2796/2796
f 2816/2816/2816 2815/2815/2815 2797/2797/2797
