mtllib PedalBox.mtl
o base_plate
usemtl brushed_alloy
v 0.23000000417232513 0.012000000052154064 0.11999999731779099
v 0.23000000417232513 0.012000000052154064 -0.11999999731779099
v 0.23000000417232513 -5.2154064053566707e-11 0.11999999731779099
v 0.23000000417232513 -5.2154064053566707e-11 -0.11999999731779099
v -0.23000000417232513 0.012000000052154064 -0.11999999731779099
v -0.23000000417232513 0.012000000052154064 0.11999999731779099
v -0.23000000417232513 -5.2154064053566707e-11 -0.11999999731779099
v -0.23000000417232513 -5.2154064053566707e-11 0.11999999731779099
v -0.23000000417232513 0.012000000052154064 -0.11999999731779099
v 0.23000000417232513 0.012000000052154064 -0.11999999731779099
v -0.23000000417232513 0.012000000052154064 0.11999999731779099
v 0.23000000417232513 0.012000000052154064 0.11999999731779099
v -0.23000000417232513 -5.2154064053566707e-11 0.11999999731779099
v 0.23000000417232513 -5.2154064053566707e-11 0.11999999731779099
v -0.23000000417232513 -5.2154064053566707e-11 -0.11999999731779099
v 0.23000000417232513 -5.2154064053566707e-11 -0.11999999731779099
v -0.23000000417232513 0.012000000052154064 0.11999999731779099
v 0.23000000417232513 0.012000000052154064 0.11999999731779099
v -0.23000000417232513 -5.2154064053566707e-11 0.11999999731779099
v 0.23000000417232513 -5.2154064053566707e-11 0.11999999731779099
v 0.23000000417232513 0.012000000052154064 -0.11999999731779099
v -0.23000000417232513 0.012000000052154064 -0.11999999731779099
v 0.23000000417232513 -5.2154064053566707e-11 -0.11999999731779099
v -0.23000000417232513 -5.2154064053566707e-11 -0.11999999731779099
vt 0 1
vt 1 1
vt 0 0
vt 1 0
vt 0 1
vt 1 1
vt 0 0
vt 1 0
vt 0 1
vt 1 1
vt 0 0
vt 1 0
vt 0 1
vt 1 1
vt 0 0
vt 1 0
vt 0 1
vt 1 1
vt 0 0
vt 1 0
vt 0 1
vt 1 1
vt 0 0
vt 1 0
vn 1 0 0
vn 1 0 0
vn 1 0 0
vn 1 0 0
vn -1 0 0
vn -1 0 0
vn -1 0 0
vn -1 0 0
vn 0 1 0
vn 0 1 0
vn 0 1 0
vn 0 1 0
vn 0 -1 0
vn 0 -1 0
vn 0 -1 0
vn 0 -1 0
vn 0 0 1
vn 0 0 1
vn 0 0 1
vn 0 0 1
vn 0 0 -1
vn 0 0 -1
vn 0 0 -1
vn 0 0 -1
f 1/1/1 3/3/3 2/2/2
f 3/3/3 4/4/4 2/2/2
f 5/5/5 7/7/7 6/6/6
f 7/7/7 8/8/8 6/6/6
f 9/9/9 11/11/11 10/10/10
f 11/11/11 12/12/12 10/10/10
f 13/13/13 15/15/15 14/14/14
f 15/15/15 16/16/16 14/14/14
f 17/17/17 19/19/19 18/18/18
f 19/19/19 20/20/20 18/18/18
f 21/21/21 23/23/23 22/22/22
f 23/23/23 24/24/24 22/22/22
o base_bolt_lb
usemtl bolt_steel
v -0.2 0.019000000216066838 -0.08699999962002039
v -0.1969385324511677 0.019000000216066838 -0.08760896351188421
v -0.19434314575046302 0.019000000216066838 -0.08934314575046301
v -0.19260896351188422 0.019000000216066838 -0.0919385324511677
v -0.1919999996200204 0.019000000216066838 -0.095
v -0.19260896351188422 0.019000000216066838 -0.0980614675488323
v -0.19434314575046302 0.019000000216066838 -0.10065685424953699
v -0.1969385324511677 0.019000000216066838 -0.10239103648811579
v -0.2 0.019000000216066838 -0.10300000037997961
v -0.2030614675488323 0.019000000216066838 -0.10239103648811579
v -0.205656854249537 0.019000000216066838 -0.10065685424953699
v -0.2073910364881158 0.019000000216066838 -0.0980614675488323
v -0.20800000037997962 0.019000000216066838 -0.095
v -0.2073910364881158 0.019000000216066838 -0.0919385324511677
v -0.205656854249537 0.019000000216066838 -0.08934314575046301
v -0.2030614675488323 0.019000000216066838 -0.08760896351188421
v -0.2 0.019000000216066838 -0.08699999962002039
v -0.2 0.004999999783933163 -0.08699999962002039
v -0.1969385324511677 0.004999999783933163 -0.08760896351188421
v -0.19434314575046302 0.004999999783933163 -0.08934314575046301
v -0.19260896351188422 0.004999999783933163 -0.0919385324511677
v -0.1919999996200204 0.004999999783933163 -0.095
v -0.19260896351188422 0.004999999783933163 -0.0980614675488323
v -0.19434314575046302 0.004999999783933163 -0.10065685424953699
v -0.1969385324511677 0.004999999783933163 -0.10239103648811579
v -0.2 0.004999999783933163 -0.10300000037997961
v -0.2030614675488323 0.004999999783933163 -0.10239103648811579
v -0.205656854249537 0.004999999783933163 -0.10065685424953699
v -0.2073910364881158 0.004999999783933163 -0.0980614675488323
v -0.20800000037997962 0.004999999783933163 -0.095
v -0.2073910364881158 0.004999999783933163 -0.0919385324511677
v -0.205656854249537 0.004999999783933163 -0.08934314575046301
v -0.2030614675488323 0.004999999783933163 -0.08760896351188421
v -0.2 0.004999999783933163 -0.08699999962002039
v -0.2 0.019000000216066838 -0.095
v -0.2 0.019000000216066838 -0.095
v -0.2 0.019000000216066838 -0.095
v -0.2 0.019000000216066838 -0.095
v -0.2 0.019000000216066838 -0.095
v -0.2 0.019000000216066838 -0.095
v -0.2 0.019000000216066838 -0.095
v -0.2 0.019000000216066838 -0.095
v -0.2 0.019000000216066838 -0.095
v -0.2 0.019000000216066838 -0.095
v -0.2 0.019000000216066838 -0.095
v -0.2 0.019000000216066838 -0.095
v -0.2 0.019000000216066838 -0.095
v -0.2 0.019000000216066838 -0.095
v -0.2 0.019000000216066838 -0.095
v -0.2 0.019000000216066838 -0.095
v -0.2 0.019000000216066838 -0.08699999962002039
v -0.1969385324511677 0.019000000216066838 -0.08760896351188421
v -0.19434314575046302 0.019000000216066838 -0.08934314575046301
v -0.19260896351188422 0.019000000216066838 -0.0919385324511677
v -0.1919999996200204 0.019000000216066838 -0.095
v -0.19260896351188422 0.019000000216066838 -0.0980614675488323
v -0.19434314575046302 0.019000000216066838 -0.10065685424953699
v -0.1969385324511677 0.019000000216066838 -0.10239103648811579
v -0.2 0.019000000216066838 -0.10300000037997961
v -0.2030614675488323 0.019000000216066838 -0.10239103648811579
v -0.205656854249537 0.019000000216066838 -0.10065685424953699
v -0.2073910364881158 0.019000000216066838 -0.0980614675488323
v -0.20800000037997962 0.019000000216066838 -0.095
v -0.2073910364881158 0.019000000216066838 -0.0919385324511677
v -0.205656854249537 0.019000000216066838 -0.08934314575046301
v -0.2030614675488323 0.019000000216066838 -0.08760896351188421
v -0.2 0.019000000216066838 -0.08699999962002039
v -0.2 0.004999999783933163 -0.095
v -0.2 0.004999999783933163 -0.095
v -0.2 0.004999999783933163 -0.095
v -0.2 0.004999999783933163 -0.095
v -0.2 0.004999999783933163 -0.095
v -0.2 0.004999999783933163 -0.095
v -0.2 0.004999999783933163 -0.095
v -0.2 0.004999999783933163 -0.095
v -0.2 0.004999999783933163 -0.095
v -0.2 0.004999999783933163 -0.095
v -0.2 0.004999999783933163 -0.095
v -0.2 0.004999999783933163 -0.095
v -0.2 0.004999999783933163 -0.095
v -0.2 0.004999999783933163 -0.095
v -0.2 0.004999999783933163 -0.095
v -0.2 0.004999999783933163 -0.095
v -0.2 0.004999999783933163 -0.08699999962002039
v -0.1969385324511677 0.004999999783933163 -0.08760896351188421
v -0.19434314575046302 0.004999999783933163 -0.08934314575046301
v -0.19260896351188422 0.004999999783933163 -0.0919385324511677
v -0.1919999996200204 0.004999999783933163 -0.095
v -0.19260896351188422 0.004999999783933163 -0.0980614675488323
v -0.19434314575046302 0.004999999783933163 -0.10065685424953699
v -0.1969385324511677 0.004999999783933163 -0.10239103648811579
v -0.2 0.004999999783933163 -0.10300000037997961
v -0.2030614675488323 0.004999999783933163 -0.10239103648811579
v -0.205656854249537 0.004999999783933163 -0.10065685424953699
v -0.2073910364881158 0.004999999783933163 -0.0980614675488323
v -0.20800000037997962 0.004999999783933163 -0.095
v -0.2073910364881158 0.004999999783933163 -0.0919385324511677
v -0.205656854249537 0.004999999783933163 -0.08934314575046301
v -0.2030614675488323 0.004999999783933163 -0.08760896351188421
v -0.2 0.004999999783933163 -0.08699999962002039
vt 0 1
vt 0.0625 1
vt 0.125 1
vt 0.1875 1
vt 0.25 1
vt 0.3125 1
vt 0.375 1
vt 0.4375 1
vt 0.5 1
vt 0.5625 1
vt 0.625 1
vt 0.6875 1
vt 0.75 1
vt 0.8125 1
vt 0.875 1
vt 0.9375 1
vt 1 1
vt 0 0
vt 0.0625 0
vt 0.125 0
vt 0.1875 0
vt 0.25 0
vt 0.3125 0
vt 0.375 0
vt 0.4375 0
vt 0.5 0
vt 0.5625 0
vt 0.625 0
vt 0.6875 0
vt 0.75 0
vt 0.8125 0
vt 0.875 0
vt 0.9375 0
vt 1 0
vt 0.5 0.5
vt 0.5 0.5
vt 0.5 0.5
vt 0.5 0.5
vt 0.5 0.5
vt 0.5 0.5
vt 0.5 0.5
vt 0.5 0.5
vt 0.5 0.5
vt 0.5 0.5
vt 0.5 0.5
vt 0.5 0.5
vt 0.5 0.5
vt 0.5 0.5
vt 0.5 0.5
vt 0.5 0.5
vt 1 0.5
vt 0.9619397521018982 0.6913416981697083
vt 0.8535534143447876 0.8535534143447876
vt 0.6913416981697083 0.9619397521018982
vt 0.5 1
vt 0.30865827202796936 0.9619397521018982
vt 0.1464466154575348 0.8535534143447876
vt 0.03806023299694061 0.6913416981697083
vt 0 0.5
vt 0.03806023299694061 0.30865827202796936
vt 0.1464466154575348 0.1464466154575348
vt 0.30865827202796936 0.03806023299694061
vt 0.5 0
vt 0.6913416981697083 0.03806023299694061
vt 0.8535534143447876 0.1464466154575348
vt 0.9619397521018982 0.30865827202796936
vt 1 0.5
vt 0.5 0.5
vt 0.5 0.5
vt 0.5 0.5
vt 0.5 0.5
vt 0.5 0.5
vt 0.5 0.5
vt 0.5 0.5
vt 0.5 0.5
vt 0.5 0.5
vt 0.5 0.5
vt 0.5 0.5
vt 0.5 0.5
vt 0.5 0.5
vt 0.5 0.5
vt 0.5 0.5
vt 0.5 0.5
vt 1 0.5
vt 0.9619397521018982 0.30865827202796936
vt 0.8535534143447876 0.1464466154575348
vt 0.6913416981697083 0.03806023299694061
vt 0.5 0
vt 0.30865827202796936 0.03806023299694061
vt 0.1464466154575348 0.1464466154575348
vt 0.03806023299694061 0.30865827202796936
vt 0 0.5
vt 0.03806023299694061 0.6913416981697083
vt 0.1464466154575348 0.8535534143447876
vt 0.30865827202796936 0.9619397521018982
vt 0.5 1
vt 0.6913416981697083 0.9619397521018982
vt 0.8535534143447876 0.8535534143447876
vt 0.9619397521018982 0.6913416981697083
vt 1 0.5
vn 0 0 1
vn 0.3826834370613369 0 0.9238795305660377
vn 0.7071067811865476 0 0.7071067811865476
vn 0.9238795305660377 0 0.3826834370613369
vn 1 0 6.123234262925839e-17
vn 0.9238795305660377 0 -0.3826834370613369
vn 0.7071067811865476 0 -0.7071067811865476
vn 0.3826834370613369 0 -0.9238795305660377
vn 1.2246468525851679e-16 0 -1
vn -0.3826834370613369 0 -0.9238795305660377
vn -0.7071067811865476 0 -0.7071067811865476
vn -0.9238795305660377 0 -0.3826834370613369
vn -1 0 -1.8369701465288538e-16
vn -0.9238795305660377 0 0.3826834370613369
vn -0.7071067811865476 0 0.7071067811865476
vn -0.3826834370613369 0 0.9238795305660377
vn -2.4492937051703357e-16 0 1
vn 0 0 1
vn 0.3826834370613369 0 0.9238795305660377
vn 0.7071067811865476 0 0.7071067811865476
vn 0.9238795305660377 0 0.3826834370613369
vn 1 0 6.123234262925839e-17
vn 0.9238795305660377 0 -0.3826834370613369
vn 0.7071067811865476 0 -0.7071067811865476
vn 0.3826834370613369 0 -0.9238795305660377
vn 1.2246468525851679e-16 0 -1
vn -0.3826834370613369 0 -0.9238795305660377
vn -0.7071067811865476 0 -0.7071067811865476
vn -0.9238795305660377 0 -0.3826834370613369
vn -1 0 -1.8369701465288538e-16
vn -0.9238795305660377 0 0.3826834370613369
vn -0.7071067811865476 0 0.7071067811865476
vn -0.3826834370613369 0 0.9238795305660377
vn -2.4492937051703357e-16 0 1
vn 0 1 0
vn 0 1 0
vn 0 1 0
vn 0 1 0
vn 0 1 0
vn 0 1 0
vn 0 1 0
vn 0 1 0
vn 0 1 0
vn 0 1 0
vn 0 1 0
vn 0 1 0
vn 0 1 0
vn 0 1 0
vn 0 1 0
vn 0 1 0
vn 0 1 0
vn 0 1 0
vn 0 1 0
vn 0 1 0
vn 0 1 0
vn 0 1 0
vn 0 1 0
vn 0 1 0
vn 0 1 0
vn 0 1 0
vn 0 1 0
vn 0 1 0
vn 0 1 0
vn 0 1 0
vn 0 1 0
vn 0 1 0
vn 0 1 0
vn 0 -1 0
vn 0 -1 0
vn 0 -1 0
vn 0 -1 0
vn 0 -1 0
vn 0 -1 0
vn 0 -1 0
vn 0 -1 0
vn 0 -1 0
vn 0 -1 0
vn 0 -1 0
vn 0 -1 0
vn 0 -1 0
vn 0 -1 0
vn 0 -1 0
vn 0 -1 0
vn 0 -1 0
vn 0 -1 0
vn 0 -1 0
vn 0 -1 0
vn 0 -1 0
vn 0 -1 0
vn 0 -1 0
vn 0 -1 0
vn 0 -1 0
vn 0 -1 0
vn 0 -1 0
vn 0 -1 0
vn 0 -1 0
vn 0 -1 0
vn 0 -1 0
vn 0 -1 0
vn 0 -1 0
f 25/25/25 42/42/42 26/26/26
f 42/42/42 43/43/43 26/26/26
f 26/26/26 43/43/43 27/27/27
f 43/43/43 44/44/44 27/27/27
f 27/27/27 44/44/44 28/28/28
f 44/44/44 45/45/45 28/28/28
f 28/28/28 45/45/45 29/29/29
f 45/45/45 46/46/46 29/29/29
f 29/29/29 46/46/46 30/30/30
f 46/46/46 47/47/47 30/30/30
f 30/30/30 47/47/47 31/31/31
f 47/47/47 48/48/48 31/31/31
f 31/31/31 48/48/48 32/32/32
f 48/48/48 49/49/49 32/32/32
f 32/32/32 49/49/49 33/33/33
f 49/49/49 50/50/50 33/33/33
f 33/33/33 50/50/50 34/34/34
f 50/50/50 51/51/51 34/34/34
f 34/34/34 51/51/51 35/35/35
f 51/51/51 52/52/52 35/35/35
f 35/35/35 52/52/52 36/36/36
f 52/52/52 53/53/53 36/36/36
f 36/36/36 53/53/53 37/37/37
f 53/53/53 54/54/54 37/37/37
f 37/37/37 54/54/54 38/38/38
f 54/54/54 55/55/55 38/38/38
f 38/38/38 55/55/55 39/39/39
f 55/55/55 56/56/56 39/39/39
f 39/39/39 56/56/56 40/40/40
f 56/56/56 57/57/57 40/40/40
f 40/40/40 57/57/57 41/41/41
f 57/57/57 58/58/58 41/41/41
f 75/75/75 76/76/76 59/59/59
f 76/76/76 77/77/77 60/60/60
f 77/77/77 78/78/78 61/61/61
f 78/78/78 79/79/79 62/62/62
f 79/79/79 80/80/80 63/63/63
f 80/80/80 81/81/81 64/64/64
f 81/81/81 82/82/82 65/65/65
f 82/82/82 83/83/83 66/66/66
f 83/83/83 84/84/84 67/67/67
f 84/84/84 85/85/85 68/68/68
f 85/85/85 86/86/86 69/69/69
f 86/86/86 87/87/87 70/70/70
f 87/87/87 88/88/88 71/71/71
f 88/88/88 89/89/89 72/72/72
f 89/89/89 90/90/90 73/73/73
f 90/90/90 91/91/91 74/74/74
f 109/109/109 108/108/108 92/92/92
f 110/110/110 109/109/109 93/93/93
f 111/111/111 110/110/110 94/94/94
f 112/112/112 111/111/111 95/95/95
f 113/113/113 112/112/112 96/96/96
f 114/114/114 113/113/113 97/97/97
f 115/115/115 114/114/114 98/98/98
f 116/116/116 115/115/115 99/99/99
f 117/117/117 116/116/116 100/100/100
f 118/118/118 117/117/117 101/101/101
f 119/119/119 118/118/118 102/102/102
f 120/120/120 119/119/119 103/103/103
f 121/121/121 120/120/120 104/104/104
f 122/122/122 121/121/121 105/105/105
f 123/123/123 122/122/122 106/106/106
f 124/124/124 123/123/123 107/107/107
o base_bolt_rb
usemtl bolt_steel
v 0.2 0.019000000216066838 -0.08699999962002039
v 0.2030614675488323 0.019000000216066838 -0.08760896351188421
v 0.205656854249537 0.019000000216066838 -0.08934314575046301
v 0.2073910364881158 0.019000000216066838 -0.0919385324511677
v 0.20800000037997962 0.019000000216066838 -0.095
v 0.2073910364881158 0.019000000216066838 -0.0980614675488323
v 0.205656854249537 0.019000000216066838 -0.10065685424953699
v 0.2030614675488323 0.019000000216066838 -0.10239103648811579
v 0.2 0.019000000216066838 -0.10300000037997961
v 0.1969385324511677 0.019000000216066838 -0.10239103648811579
v 0.19434314575046302 0.019000000216066838 -0.10065685424953699
v 0.19260896351188422 0.019000000216066838 -0.0980614675488323
v 0.1919999996200204 0.019000000216066838 -0.095
v 0.19260896351188422 0.019000000216066838 -0.0919385324511677
v 0.19434314575046302 0.019000000216066838 -0.08934314575046301
v 0.1969385324511677 0.019000000216066838 -0.08760896351188421
v 0.2 0.019000000216066838 -0.08699999962002039
v 0.2 0.004999999783933163 -0.08699999962002039
v 0.2030614675488323 0.004999999783933163 -0.08760896351188421
v 0.205656854249537 0.004999999783933163 -0.08934314575046301
v 0.2073910364881158 0.004999999783933163 -0.0919385324511677
v 0.20800000037997962 0.004999999783933163 -0.095
v 0.2073910364881158 0.004999999783933163 -0.0980614675488323
v 0.205656854249537 0.004999999783933163 -0.10065685424953699
v 0.2030614675488323 0.004999999783933163 -0.10239103648811579
v 0.2 0.004999999783933163 -0.10300000037997961
v 0.1969385324511677 0.004999999783933163 -0.10239103648811579
v 0.19434314575046302 0.004999999783933163 -0.10065685424953699
v 0.19260896351188422 0.004999999783933163 -0.0980614675488323
v 0.1919999996200204 0.004999999783933163 -0.095
v 0.19260896351188422 0.004999999783933163 -0.0919385324511677
v 0.19434314575046302 0.004999999783933163 -0.08934314575046301
v 0.1969385324511677 0.004999999783933163 -0.08760896351188421
v 0.2 0.004999999783933163 -0.08699999962002039
v 0.2 0.019000000216066838 -0.095
v 0.2 0.019000000216066838 -0.095
v 0.2 0.019000000216066838 -0.095
v 0.2 0.019000000216066838 -0.095
v 0.2 0.019000000216066838 -0.095
v 0.2 0.019000000216066838 -0.095
v 0.2 0.019000000216066838 -0.095
v 0.2 0.019000000216066838 -0.095
v 0.2 0.019000000216066838 -0.095
v 0.2 0.019000000216066838 -0.095
v 0.2 0.019000000216066838 -0.095
v 0.2 0.019000000216066838 -0.095
v 0.2 0.019000000216066838 -0.095
v 0.2 0.019000000216066838 -0.095
v 0.2 0.019000000216066838 -0.095
v 0.2 0.019000000216066838 -0.095
v 0.2 0.019000000216066838 -0.08699999962002039
v 0.2030614675488323 0.019000000216066838 -0.08760896351188421
v 0.205656854249537 0.019000000216066838 -0.08934314575046301
v 0.2073910364881158 0.019000000216066838 -0.0919385324511677
v 0.20800000037997962 0.019000000216066838 -0.095
v 0.2073910364881158 0.019000000216066838 -0.0980614675488323
v 0.205656854249537 0.019000000216066838 -0.10065685424953699
v 0.2030614675488323 0.019000000216066838 -0.10239103648811579
v 0.2 0.019000000216066838 -0.10300000037997961
v 0.1969385324511677 0.019000000216066838 -0.10239103648811579
v 0.19434314575046302 0.019000000216066838 -0.10065685424953699
v 0.19260896351188422 0.019000000216066838 -0.0980614675488323
v 0.1919999996200204 0.019000000216066838 -0.095
v 0.19260896351188422 0.019000000216066838 -0.0919385324511677
v 0.19434314575046302 0.019000000216066838 -0.08934314575046301
v 0.1969385324511677 0.019000000216066838 -0.08760896351188421
v 0.2 0.019000000216066838 -0.08699999962002039
v 0.2 0.004999999783933163 -0.095
v 0.2 0.004999999783933163 -0.095
v 0.2 0.004999999783933163 -0.095
v 0.2 0.004999999783933163 -0.095
v 0.2 0.004999999783933163 -0.095
v 0.2 0.004999999783933163 -0.095
v 0.2 0.004999999783933163 -0.095
v 0.2 0.004999999783933163 -0.095
v 0.2 0.004999999783933163 -0.095
v 0.2 0.004999999783933163 -0.095
v 0.2 0.004999999783933163 -0.095
v 0.2 0.004999999783933163 -0.095
v 0.2 0.004999999783933163 -0.095
v 0.2 0.004999999783933163 -0.095
v 0.2 0.004999999783933163 -0.095
v 0.2 0.004999999783933163 -0.095
v 0.2 0.004999999783933163 -0.08699999962002039
v 0.2030614675488323 0.004999999783933163 -0.08760896351188421
v 0.205656854249537 0.004999999783933163 -0.08934314575046301
v 0.2073910364881158 0.004999999783933163 -0.0919385324511677
v 0.20800000037997962 0.004999999783933163 -0.095
v 0.2073910364881158 0.004999999783933163 -0.0980614675488323
v 0.205656854249537 0.004999999783933163 -0.10065685424953699
v 0.2030614675488323 0.004999999783933163 -0.10239103648811579
v 0.2 0.004999999783933163 -0.10300000037997961
v 0.1969385324511677 0.004999999783933163 -0.10239103648811579
v 0.19434314575046302 0.004999999783933163 -0.10065685424953699
v 0.19260896351188422 0.004999999783933163 -0.0980614675488323
v 0.1919999996200204 0.004999999783933163 -0.095
v 0.19260896351188422 0.004999999783933163 -0.0919385324511677
v 0.19434314575046302 0.004999999783933163 -0.08934314575046301
v 0.1969385324511677 0.004999999783933163 -0.08760896351188421
v 0.2 0.004999999783933163 -0.08699999962002039
vt 0 1
vt 0.0625 1
vt 0.125 1
vt 0.1875 1
vt 0.25 1
vt 0.3125 1
vt 0.375 1
vt 0.4375 1
vt 0.5 1
vt 0.5625 1
vt 0.625 1
vt 0.6875 1
vt 0.75 1
vt 0.8125 1
vt 0.875 1
vt 0.9375 1
vt 1 1
vt 0 0
vt 0.0625 0
vt 0.125 0
vt 0.1875 0
vt 0.25 0
vt 0.3125 0
vt 0.375 0
vt 0.4375 0
vt 0.5 0
vt 0.5625 0
vt 0.625 0
vt 0.6875 0
vt 0.75 0
vt 0.8125 0
vt 0.875 0
vt 0.9375 0
vt 1 0
vt 0.5 0.5
vt 0.5 0.5
vt 0.5 0.5
vt 0.5 0.5
vt 0.5 0.5
vt 0.5 0.5
vt 0.5 0.5
vt 0.5 0.5
vt 0.5 0.5
vt 0.5 0.5
vt 0.5 0.5
vt 0.5 0.5
vt 0.5 0.5
vt 0.5 0.5
vt 0.5 0.5
vt 0.5 0.5
vt 1 0.5
vt 0.9619397521018982 0.6913416981697083
vt 0.8535534143447876 0.8535534143447876
vt 0.6913416981697083 0.9619397521018982
vt 0.5 1
vt 0.30865827202796936 0.9619397521018982
vt 0.1464466154575348 0.8535534143447876
vt 0.03806023299694061 0.6913416981697083
vt 0 0.5
vt 0.03806023299694061 0.30865827202796936
vt 0.1464466154575348 0.1464466154575348
vt 0.30865827202796936 0.03806023299694061
vt 0.5 0
vt 0.6913416981697083 0.03806023299694061
vt 0.8535534143447876 0.1464466154575348
vt 0.9619397521018982 0.30865827202796936
vt 1 0.5
vt 0.5 0.5
vt 0.5 0.5
vt 0.5 0.5
vt 0.5 0.5
vt 0.5 0.5
vt 0.5 0.5
vt 0.5 0.5
vt 0.5 0.5
vt 0.5 0.5
vt 0.5 0.5
vt 0.5 0.5
vt 0.5 0.5
vt 0.5 0.5
vt 0.5 0.5
vt 0.5 0.5
vt 0.5 0.5
vt 1 0.5
vt 0.9619397521018982 0.30865827202796936
vt 0.8535534143447876 0.1464466154575348
vt 0.6913416981697083 0.03806023299694061
vt 0.5 0
vt 0.30865827202796936 0.03806023299694061
vt 0.1464466154575348 0.1464466154575348
vt 0.03806023299694061 0.30865827202796936
vt 0 0.5
vt 0.03806023299694061 0.6913416981697083
vt 0.1464466154575348 0.8535534143447876
vt 0.30865827202796936 0.9619397521018982
vt 0.5 1
vt 0.6913416981697083 0.9619397521018982
vt 0.8535534143447876 0.8535534143447876
vt 0.9619397521018982 0.6913416981697083
vt 1 0.5
vn 0 0 1
vn 0.3826834370613369 0 0.9238795305660377
vn 0.7071067811865476 0 0.7071067811865476
vn 0.9238795305660377 0 0.3826834370613369
vn 1 0 6.123234262925839e-17
vn 0.9238795305660377 0 -0.3826834370613369
vn 0.7071067811865476 0 -0.7071067811865476
vn 0.3826834370613369 0 -0.9238795305660377
vn 1.2246468525851679e-16 0 -1
vn -0.3826834370613369 0 -0.9238795305660377
vn -0.7071067811865476 0 -0.7071067811865476
vn -0.9238795305660377 0 -0.3826834370613369
vn -1 0 -1.8369701465288538e-16
vn -0.9238795305660377 0 0.3826834370613369
vn -0.7071067811865476 0 0.7071067811865476
vn -0.3826834370613369 0 0.9238795305660377
vn -2.4492937051703357e-16 0 1
vn 0 0 1
vn 0.3826834370613369 0 0.9238795305660377
vn 0.7071067811865476 0 0.7071067811865476
vn 0.9238795305660377 0 0.3826834370613369
vn 1 0 6.123234262925839e-17
vn 0.9238795305660377 0 -0.3826834370613369
vn 0.7071067811865476 0 -0.7071067811865476
vn 0.3826834370613369 0 -0.9238795305660377
vn 1.2246468525851679e-16 0 -1
vn -0.3826834370613369 0 -0.9238795305660377
vn -0.7071067811865476 0 -0.7071067811865476
vn -0.9238795305660377 0 -0.3826834370613369
vn -1 0 -1.8369701465288538e-16
vn -0.9238795305660377 0 0.3826834370613369
vn -0.7071067811865476 0 0.7071067811865476
vn -0.3826834370613369 0 0.9238795305660377
vn -2.4492937051703357e-16 0 1
vn 0 1 0
vn 0 1 0
vn 0 1 0
vn 0 1 0
vn 0 1 0
vn 0 1 0
vn 0 1 0
vn 0 1 0
vn 0 1 0
vn 0 1 0
vn 0 1 0
vn 0 1 0
vn 0 1 0
vn 0 1 0
vn 0 1 0
vn 0 1 0
vn 0 1 0
vn 0 1 0
vn 0 1 0
vn 0 1 0
vn 0 1 0
vn 0 1 0
vn 0 1 0
vn 0 1 0
vn 0 1 0
vn 0 1 0
vn 0 1 0
vn 0 1 0
vn 0 1 0
vn 0 1 0
vn 0 1 0
vn 0 1 0
vn 0 1 0
vn 0 -1 0
vn 0 -1 0
vn 0 -1 0
vn 0 -1 0
vn 0 -1 0
vn 0 -1 0
vn 0 -1 0
vn 0 -1 0
vn 0 -1 0
vn 0 -1 0
vn 0 -1 0
vn 0 -1 0
vn 0 -1 0
vn 0 -1 0
vn 0 -1 0
vn 0 -1 0
vn 0 -1 0
vn 0 -1 0
vn 0 -1 0
vn 0 -1 0
vn 0 -1 0
vn 0 -1 0
vn 0 -1 0
vn 0 -1 0
vn 0 -1 0
vn 0 -1 0
vn 0 -1 0
vn 0 -1 0
vn 0 -1 0
vn 0 -1 0
vn 0 -1 0
vn 0 -1 0
vn 0 -1 0
f 125/125/125 142/142/142 126/126/126
f 142/142/142 143/143/143 126/126/126
f 126/126/126 143/143/143 127/127/127
f 143/143/143 144/144/144 127/127/127
f 127/127/127 144/144/144 128/128/128
f 144/144/144 145/145/145 128/128/128
f 128/128/128 145/145/145 129/129/129
f 145/145/145 146/146/146 129/129/129
f 129/129/129 146/146/146 130/130/130
f 146/146/146 147/147/147 130/130/130
f 130/130/130 147/147/147 131/131/131
f 147/147/147 148/148/148 131/131/131
f 131/131/131 148/148/148 132/132/132
f 148/148/148 149/149/149 132/132/132
f 132/132/132 149/149/149 133/133/133
f 149/149/149 150/150/150 133/133/133
f 133/133/133 150/150/150 134/134/134
f 150/150/150 151/151/151 134/134/134
f 134/134/134 151/151/151 135/135/135
f 151/151/151 152/152/152 135/135/135
f 135/135/135 152/152/152 136/136/136
f 152/152/152 153/153/153 136/136/136
f 136/136/136 153/153/153 137/137/137
f 153/153/153 154/154/154 137/137/137
f 137/137/137 154/154/154 138/138/138
f 154/154/154 155/155/155 138/138/138
f 138/138/138 155/155/155 139/139/139
f 155/155/155 156/156/156 139/139/139
f 139/139/139 156/156/156 140/140/140
f 156/156/156 157/157/157 140/140/140
f 140/140/140 157/157/157 141/141/141
f 157/157/157 158/158/158 141/141/141
f 175/175/175 176/176/176 159/159/159
f 176/176/176 177/177/177 160/160/160
f 177/177/177 178/178/178 161/161/161
f 178/178/178 179/179/179 162/162/162
f 179/179/179 180/180/180 163/163/163
f 180/180/180 181/181/181 164/164/164
f 181/181/181 182/182/182 165/165/165
f 182/182/182 183/183/183 166/166/166
f 183/183/183 184/184/184 167/167/167
f 184/184/184 185/185/185 168/168/168
f 185/185/185 186/186/186 169/169/169
f 186/186/186 187/187/187 170/170/170
f 187/187/187 188/188/188 171/171/171
f 188/188/188 189/189/189 172/172/172
f 189/189/189 190/190/190 173/173/173
f 190/190/190 191/191/191 174/174/174
f 209/209/209 208/208/208 192/192/192
f 210/210/210 209/209/209 193/193/193
f 211/211/211 210/210/210 194/194/194
f 212/212/212 211/211/211 195/195/195
f 213/213/213 212/212/212 196/196/196
f 214/214/214 213/213/213 197/197/197
f 215/215/215 214/214/214 198/198/198
f 216/216/216 215/215/215 199/199/199
f 217/217/217 216/216/216 200/200/200
f 218/218/218 217/217/217 201/201/201
f 219/219/219 218/218/218 202/202/202
f 220/220/220 219/219/219 203/203/203
f 221/221/221 220/220/220 204/204/204
f 222/222/222 221/221/221 205/205/205
f 223/223/223 222/222/222 206/206/206
f 224/224/224 223/223/223 207/207/207
o base_bolt_lf
usemtl bolt_steel
v -0.2 0.019000000216066838 0.10300000037997961
v -0.1969385324511677 0.019000000216066838 0.10239103648811579
v -0.19434314575046302 0.019000000216066838 0.10065685424953699
v -0.19260896351188422 0.019000000216066838 0.0980614675488323
v -0.1919999996200204 0.019000000216066838 0.095
v -0.19260896351188422 0.019000000216066838 0.0919385324511677
v -0.19434314575046302 0.019000000216066838 0.08934314575046301
v -0.1969385324511677 0.019000000216066838 0.08760896351188421
v -0.2 0.019000000216066838 0.08699999962002039
v -0.2030614675488323 0.019000000216066838 0.08760896351188421
v -0.205656854249537 0.019000000216066838 0.08934314575046301
v -0.2073910364881158 0.019000000216066838 0.0919385324511677
v -0.20800000037997962 0.019000000216066838 0.095
v -0.2073910364881158 0.019000000216066838 0.0980614675488323
v -0.205656854249537 0.019000000216066838 0.10065685424953699
v -0.2030614675488323 0.019000000216066838 0.10239103648811579
v -0.2 0.019000000216066838 0.10300000037997961
v -0.2 0.004999999783933163 0.10300000037997961
v -0.1969385324511677 0.004999999783933163 0.10239103648811579
v -0.19434314575046302 0.004999999783933163 0.10065685424953699
v -0.19260896351188422 0.004999999783933163 0.0980614675488323
v -0.1919999996200204 0.004999999783933163 0.095
v -0.19260896351188422 0.004999999783933163 0.0919385324511677
v -0.19434314575046302 0.004999999783933163 0.08934314575046301
v -0.1969385324511677 0.004999999783933163 0.08760896351188421
v -0.2 0.004999999783933163 0.08699999962002039
v -0.2030614675488323 0.004999999783933163 0.08760896351188421
v -0.205656854249537 0.004999999783933163 0.08934314575046301
v -0.2073910364881158 0.004999999783933163 0.0919385324511677
v -0.20800000037997962 0.004999999783933163 0.095
v -0.2073910364881158 0.004999999783933163 0.0980614675488323
v -0.205656854249537 0.004999999783933163 0.10065685424953699
v -0.2030614675488323 0.004999999783933163 0.10239103648811579
v -0.2 0.004999999783933163 0.10300000037997961
v -0.2 0.019000000216066838 0.095
v -0.2 0.019000000216066838 0.095
v -0.2 0.019000000216066838 0.095
v -0.2 0.019000000216066838 0.095
v -0.2 0.019000000216066838 0.095
v -0.2 0.019000000216066838 0.095
v -0.2 0.019000000216066838 0.095
v -0.2 0.019000000216066838 0.095
v -0.2 0.019000000216066838 0.095
v -0.2 0.019000000216066838 0.095
v -0.2 0.019000000216066838 0.095
v -0.2 0.019000000216066838 0.095
v -0.2 0.019000000216066838 0.095
v -0.2 0.019000000216066838 0.095
v -0.2 0.019000000216066838 0.095
v -0.2 0.019000000216066838 0.095
v -0.2 0.019000000216066838 0.10300000037997961
v -0.1969385324511677 0.019000000216066838 0.10239103648811579
v -0.19434314575046302 0.019000000216066838 0.10065685424953699
v -0.19260896351188422 0.019000000216066838 0.0980614675488323
v -0.1919999996200204 0.019000000216066838 0.095
v -0.19260896351188422 0.019000000216066838 0.0919385324511677
v -0.19434314575046302 0.019000000216066838 0.08934314575046301
v -0.1969385324511677 0.019000000216066838 0.08760896351188421
v -0.2 0.019000000216066838 0.08699999962002039
v -0.2030614675488323 0.019000000216066838 0.08760896351188421
v -0.205656854249537 0.019000000216066838 0.08934314575046301
v -0.2073910364881158 0.019000000216066838 0.0919385324511677
v -0.20800000037997962 0.019000000216066838 0.095
v -0.2073910364881158 0.019000000216066838 0.0980614675488323
v -0.205656854249537 0.019000000216066838 0.10065685424953699
v -0.2030614675488323 0.019000000216066838 0.10239103648811579
v -0.2 0.019000000216066838 0.10300000037997961
v -0.2 0.004999999783933163 0.095
v -0.2 0.004999999783933163 0.095
v -0.2 0.004999999783933163 0.095
v -0.2 0.004999999783933163 0.095
v -0.2 0.004999999783933163 0.095
v -0.2 0.004999999783933163 0.095
v -0.2 0.004999999783933163 0.095
v -0.2 0.004999999783933163 0.095
v -0.2 0.004999999783933163 0.095
v -0.2 0.004999999783933163 0.095
v -0.2 0.004999999783933163 0.095
v -0.2 0.004999999783933163 0.095
v -0.2 0.004999999783933163 0.095
v -0.2 0.004999999783933163 0.095
v -0.2 0.004999999783933163 0.095
v -0.2 0.004999999783933163 0.095
v -0.2 0.004999999783933163 0.10300000037997961
v -0.1969385324511677 0.004999999783933163 0.10239103648811579
v -0.19434314575046302 0.004999999783933163 0.10065685424953699
v -0.19260896351188422 0.004999999783933163 0.0980614675488323
v -0.1919999996200204 0.004999999783933163 0.095
v -0.19260896351188422 0.004999999783933163 0.0919385324511677
v -0.19434314575046302 0.004999999783933163 0.08934314575046301
v -0.1969385324511677 0.004999999783933163 0.08760896351188421
v -0.2 0.004999999783933163 0.08699999962002039
v -0.2030614675488323 0.004999999783933163 0.08760896351188421
v -0.205656854249537 0.004999999783933163 0.08934314575046301
v -0.2073910364881158 0.004999999783933163 0.0919385324511677
v -0.20800000037997962 0.004999999783933163 0.095
v -0.2073910364881158 0.004999999783933163 0.0980614675488323
v -0.205656854249537 0.004999999783933163 0.10065685424953699
v -0.2030614675488323 0.004999999783933163 0.10239103648811579
v -0.2 0.004999999783933163 0.10300000037997961
vt 0 1
vt 0.0625 1
vt 0.125 1
vt 0.1875 1
vt 0.25 1
vt 0.3125 1
vt 0.375 1
vt 0.4375 1
vt 0.5 1
vt 0.5625 1
vt 0.625 1
vt 0.6875 1
vt 0.75 1
vt 0.8125 1
vt 0.875 1
vt 0.9375 1
vt 1 1
vt 0 0
vt 0.0625 0
vt 0.125 0
vt 0.1875 0
vt 0.25 0
vt 0.3125 0
vt 0.375 0
vt 0.4375 0
vt 0.5 0
vt 0.5625 0
vt 0.625 0
vt 0.6875 0
vt 0.75 0
vt 0.8125 0
vt 0.875 0
vt 0.9375 0
vt 1 0
vt 0.5 0.5
vt 0.5 0.5
vt 0.5 0.5
vt 0.5 0.5
vt 0.5 0.5
vt 0.5 0.5
vt 0.5 0.5
vt 0.5 0.5
vt 0.5 0.5
vt 0.5 0.5
vt 0.5 0.5
vt 0.5 0.5
vt 0.5 0.5
vt 0.5 0.5
vt 0.5 0.5
vt 0.5 0.5
vt 1 0.5
vt 0.9619397521018982 0.6913416981697083
vt 0.8535534143447876 0.8535534143447876
vt 0.6913416981697083 0.9619397521018982
vt 0.5 1
vt 0.30865827202796936 0.9619397521018982
vt 0.1464466154575348 0.8535534143447876
vt 0.03806023299694061 0.6913416981697083
vt 0 0.5
vt 0.03806023299694061 0.30865827202796936
vt 0.1464466154575348 0.1464466154575348
vt 0.30865827202796936 0.03806023299694061
vt 0.5 0
vt 0.6913416981697083 0.03806023299694061
vt 0.8535534143447876 0.1464466154575348
vt 0.9619397521018982 0.30865827202796936
vt 1 0.5
vt 0.5 0.5
vt 0.5 0.5
vt 0.5 0.5
vt 0.5 0.5
vt 0.5 0.5
vt 0.5 0.5
vt 0.5 0.5
vt 0.5 0.5
vt 0.5 0.5
vt 0.5 0.5
vt 0.5 0.5
vt 0.5 0.5
vt 0.5 0.5
vt 0.5 0.5
vt 0.5 0.5
vt 0.5 0.5
vt 1 0.5
vt 0.9619397521018982 0.30865827202796936
vt 0.8535534143447876 0.1464466154575348
vt 0.6913416981697083 0.03806023299694061
vt 0.5 0
vt 0.30865827202796936 0.03806023299694061
vt 0.1464466154575348 0.1464466154575348
vt 0.03806023299694061 0.30865827202796936
vt 0 0.5
vt 0.03806023299694061 0.6913416981697083
vt 0.1464466154575348 0.8535534143447876
vt 0.30865827202796936 0.9619397521018982
vt 0.5 1
vt 0.6913416981697083 0.9619397521018982
vt 0.8535534143447876 0.8535534143447876
vt 0.9619397521018982 0.6913416981697083
vt 1 0.5
vn 0 0 1
vn 0.3826834370613369 0 0.9238795305660377
vn 0.7071067811865476 0 0.7071067811865476
vn 0.9238795305660377 0 0.3826834370613369
vn 1 0 6.123234262925839e-17
vn 0.9238795305660377 0 -0.3826834370613369
vn 0.7071067811865476 0 -0.7071067811865476
vn 0.3826834370613369 0 -0.9238795305660377
vn 1.2246468525851679e-16 0 -1
vn -0.3826834370613369 0 -0.9238795305660377
vn -0.7071067811865476 0 -0.7071067811865476
vn -0.9238795305660377 0 -0.3826834370613369
vn -1 0 -1.8369701465288538e-16
vn -0.9238795305660377 0 0.3826834370613369
vn -0.7071067811865476 0 0.7071067811865476
vn -0.3826834370613369 0 0.9238795305660377
vn -2.4492937051703357e-16 0 1
vn 0 0 1
vn 0.3826834370613369 0 0.9238795305660377
vn 0.7071067811865476 0 0.7071067811865476
vn 0.9238795305660377 0 0.3826834370613369
vn 1 0 6.123234262925839e-17
vn 0.9238795305660377 0 -0.3826834370613369
vn 0.7071067811865476 0 -0.7071067811865476
vn 0.3826834370613369 0 -0.9238795305660377
vn 1.2246468525851679e-16 0 -1
vn -0.3826834370613369 0 -0.9238795305660377
vn -0.7071067811865476 0 -0.7071067811865476
vn -0.9238795305660377 0 -0.3826834370613369
vn -1 0 -1.8369701465288538e-16
vn -0.9238795305660377 0 0.3826834370613369
vn -0.7071067811865476 0 0.7071067811865476
vn -0.3826834370613369 0 0.9238795305660377
vn -2.4492937051703357e-16 0 1
vn 0 1 0
vn 0 1 0
vn 0 1 0
vn 0 1 0
vn 0 1 0
vn 0 1 0
vn 0 1 0
vn 0 1 0
vn 0 1 0
vn 0 1 0
vn 0 1 0
vn 0 1 0
vn 0 1 0
vn 0 1 0
vn 0 1 0
vn 0 1 0
vn 0 1 0
vn 0 1 0
vn 0 1 0
vn 0 1 0
vn 0 1 0
vn 0 1 0
vn 0 1 0
vn 0 1 0
vn 0 1 0
vn 0 1 0
vn 0 1 0
vn 0 1 0
vn 0 1 0
vn 0 1 0
vn 0 1 0
vn 0 1 0
vn 0 1 0
vn 0 -1 0
vn 0 -1 0
vn 0 -1 0
vn 0 -1 0
vn 0 -1 0
vn 0 -1 0
vn 0 -1 0
vn 0 -1 0
vn 0 -1 0
vn 0 -1 0
vn 0 -1 0
vn 0 -1 0
vn 0 -1 0
vn 0 -1 0
vn 0 -1 0
vn 0 -1 0
vn 0 -1 0
vn 0 -1 0
vn 0 -1 0
vn 0 -1 0
vn 0 -1 0
vn 0 -1 0
vn 0 -1 0
vn 0 -1 0
vn 0 -1 0
vn 0 -1 0
vn 0 -1 0
vn 0 -1 0
vn 0 -1 0
vn 0 -1 0
vn 0 -1 0
vn 0 -1 0
vn 0 -1 0
f 225/225/225 242/242/242 226/226/226
f 242/242/242 243/243/243 226/226/226
f 226/226/226 243/243/243 227/227/227
f 243/243/243 244/244/244 227/227/227
f 227/227/227 244/244/244 228/228/228
f 244/244/244 245/245/245 228/228/228
f 228/228/228 245/245/245 229/229/229
f 245/245/245 246/246/246 229/229/229
f 229/229/229 246/246/246 230/230/230
f 246/246/246 247/247/247 230/230/230
f 230/230/230 247/247/247 231/231/231
f 247/247/247 248/248/248 231/231/231
f 231/231/231 248/248/248 232/232/232
f 248/248/248 249/249/249 232/232/232
f 232/232/232 249/249/249 233/233/233
f 249/249/249 250/250/250 233/233/233
f 233/233/233 250/250/250 234/234/234
f 250/250/250 251/251/251 234/234/234
f 234/234/234 251/251/251 235/235/235
f 251/251/251 252/252/252 235/235/235
f 235/235/235 252/252/252 236/236/236
f 252/252/252 253/253/253 236/236/236
f 236/236/236 253/253/253 237/237/237
f 253/253/253 254/254/254 237/237/237
f 237/237/237 254/254/254 238/238/238
f 254/254/254 255/255/255 238/238/238
f 238/238/238 255/255/255 239/239/239
f 255/255/255 256/256/256 239/239/239
f 239/239/239 256/256/256 240/240/240
f 256/256/256 257/257/257 240/240/240
f 240/240/240 257/257/257 241/241/241
f 257/257/257 258/258/258 241/241/241
f 275/275/275 276/276/276 259/259/259
f 276/276/276 277/277/277 260/260/260
f 277/277/277 278/278/278 261/261/261
f 278/278/278 279/279/279 262/262/262
f 279/279/279 280/280/280 263/263/263
f 280/280/280 281/281/281 264/264/264
f 281/281/281 282/282/282 265/265/265
f 282/282/282 283/283/283 266/266/266
f 283/283/283 284/284/284 267/267/267
f 284/284/284 285/285/285 268/268/268
f 285/285/285 286/286/286 269/269/269
f 286/286/286 287/287/287 270/270/270
f 287/287/287 288/288/288 271/271/271
f 288/288/288 289/289/289 272/272/272
f 289/289/289 290/290/290 273/273/273
f 290/290/290 291/291/291 274/274/274
f 309/309/309 308/308/308 292/292/292
f 310/310/310 309/309/309 293/293/293
f 311/311/311 310/310/310 294/294/294
f 312/312/312 311/311/311 295/295/295
f 313/313/313 312/312/312 296/296/296
f 314/314/314 313/313/313 297/297/297
f 315/315/315 314/314/314 298/298/298
f 316/316/316 315/315/315 299/299/299
f 317/317/317 316/316/316 300/300/300
f 318/318/318 317/317/317 301/301/301
f 319/319/319 318/318/318 302/302/302
f 320/320/320 319/319/319 303/303/303
f 321/321/321 320/320/320 304/304/304
f 322/322/322 321/321/321 305/305/305
f 323/323/323 322/322/322 306/306/306
f 324/324/324 323/323/323 307/307/307
o base_bolt_rf
usemtl bolt_steel
v 0.2 0.019000000216066838 0.10300000037997961
v 0.2030614675488323 0.019000000216066838 0.10239103648811579
v 0.205656854249537 0.019000000216066838 0.10065685424953699
v 0.2073910364881158 0.019000000216066838 0.0980614675488323
v 0.20800000037997962 0.019000000216066838 0.095
v 0.2073910364881158 0.019000000216066838 0.0919385324511677
v 0.205656854249537 0.019000000216066838 0.08934314575046301
v 0.2030614675488323 0.019000000216066838 0.08760896351188421
v 0.2 0.019000000216066838 0.08699999962002039
v 0.1969385324511677 0.019000000216066838 0.08760896351188421
v 0.19434314575046302 0.019000000216066838 0.08934314575046301
v 0.19260896351188422 0.019000000216066838 0.0919385324511677
v 0.1919999996200204 0.019000000216066838 0.095
v 0.19260896351188422 0.019000000216066838 0.0980614675488323
v 0.19434314575046302 0.019000000216066838 0.10065685424953699
v 0.1969385324511677 0.019000000216066838 0.10239103648811579
v 0.2 0.019000000216066838 0.10300000037997961
v 0.2 0.004999999783933163 0.10300000037997961
v 0.2030614675488323 0.004999999783933163 0.10239103648811579
v 0.205656854249537 0.004999999783933163 0.10065685424953699
v 0.2073910364881158 0.004999999783933163 0.0980614675488323
v 0.20800000037997962 0.004999999783933163 0.095
v 0.2073910364881158 0.004999999783933163 0.0919385324511677
v 0.205656854249537 0.004999999783933163 0.08934314575046301
v 0.2030614675488323 0.004999999783933163 0.08760896351188421
v 0.2 0.004999999783933163 0.08699999962002039
v 0.1969385324511677 0.004999999783933163 0.08760896351188421
v 0.19434314575046302 0.004999999783933163 0.08934314575046301
v 0.19260896351188422 0.004999999783933163 0.0919385324511677
v 0.1919999996200204 0.004999999783933163 0.095
v 0.19260896351188422 0.004999999783933163 0.0980614675488323
v 0.19434314575046302 0.004999999783933163 0.10065685424953699
v 0.1969385324511677 0.004999999783933163 0.10239103648811579
v 0.2 0.004999999783933163 0.10300000037997961
v 0.2 0.019000000216066838 0.095
v 0.2 0.019000000216066838 0.095
v 0.2 0.019000000216066838 0.095
v 0.2 0.019000000216066838 0.095
v 0.2 0.019000000216066838 0.095
v 0.2 0.019000000216066838 0.095
v 0.2 0.019000000216066838 0.095
v 0.2 0.019000000216066838 0.095
v 0.2 0.019000000216066838 0.095
v 0.2 0.019000000216066838 0.095
v 0.2 0.019000000216066838 0.095
v 0.2 0.019000000216066838 0.095
v 0.2 0.019000000216066838 0.095
v 0.2 0.019000000216066838 0.095
v 0.2 0.019000000216066838 0.095
v 0.2 0.019000000216066838 0.095
v 0.2 0.019000000216066838 0.10300000037997961
v 0.2030614675488323 0.019000000216066838 0.10239103648811579
v 0.205656854249537 0.019000000216066838 0.10065685424953699
v 0.2073910364881158 0.019000000216066838 0.0980614675488323
v 0.20800000037997962 0.019000000216066838 0.095
v 0.2073910364881158 0.019000000216066838 0.0919385324511677
v 0.205656854249537 0.019000000216066838 0.08934314575046301
v 0.2030614675488323 0.019000000216066838 0.08760896351188421
v 0.2 0.019000000216066838 0.08699999962002039
v 0.1969385324511677 0.019000000216066838 0.08760896351188421
v 0.19434314575046302 0.019000000216066838 0.08934314575046301
v 0.19260896351188422 0.019000000216066838 0.0919385324511677
v 0.1919999996200204 0.019000000216066838 0.095
v 0.19260896351188422 0.019000000216066838 0.0980614675488323
v 0.19434314575046302 0.019000000216066838 0.10065685424953699
v 0.1969385324511677 0.019000000216066838 0.10239103648811579
v 0.2 0.019000000216066838 0.10300000037997961
v 0.2 0.004999999783933163 0.095
v 0.2 0.004999999783933163 0.095
v 0.2 0.004999999783933163 0.095
v 0.2 0.004999999783933163 0.095
v 0.2 0.004999999783933163 0.095
v 0.2 0.004999999783933163 0.095
v 0.2 0.004999999783933163 0.095
v 0.2 0.004999999783933163 0.095
v 0.2 0.004999999783933163 0.095
v 0.2 0.004999999783933163 0.095
v 0.2 0.004999999783933163 0.095
v 0.2 0.004999999783933163 0.095
v 0.2 0.004999999783933163 0.095
v 0.2 0.004999999783933163 0.095
v 0.2 0.004999999783933163 0.095
v 0.2 0.004999999783933163 0.095
v 0.2 0.004999999783933163 0.10300000037997961
v 0.2030614675488323 0.004999999783933163 0.10239103648811579
v 0.205656854249537 0.004999999783933163 0.10065685424953699
v 0.2073910364881158 0.004999999783933163 0.0980614675488323
v 0.20800000037997962 0.004999999783933163 0.095
v 0.2073910364881158 0.004999999783933163 0.0919385324511677
v 0.205656854249537 0.004999999783933163 0.08934314575046301
v 0.2030614675488323 0.004999999783933163 0.08760896351188421
v 0.2 0.004999999783933163 0.08699999962002039
v 0.1969385324511677 0.004999999783933163 0.08760896351188421
v 0.19434314575046302 0.004999999783933163 0.08934314575046301
v 0.19260896351188422 0.004999999783933163 0.0919385324511677
v 0.1919999996200204 0.004999999783933163 0.095
v 0.19260896351188422 0.004999999783933163 0.0980614675488323
v 0.19434314575046302 0.004999999783933163 0.10065685424953699
v 0.1969385324511677 0.004999999783933163 0.10239103648811579
v 0.2 0.004999999783933163 0.10300000037997961
vt 0 1
vt 0.0625 1
vt 0.125 1
vt 0.1875 1
vt 0.25 1
vt 0.3125 1
vt 0.375 1
vt 0.4375 1
vt 0.5 1
vt 0.5625 1
vt 0.625 1
vt 0.6875 1
vt 0.75 1
vt 0.8125 1
vt 0.875 1
vt 0.9375 1
vt 1 1
vt 0 0
vt 0.0625 0
vt 0.125 0
vt 0.1875 0
vt 0.25 0
vt 0.3125 0
vt 0.375 0
vt 0.4375 0
vt 0.5 0
vt 0.5625 0
vt 0.625 0
vt 0.6875 0
vt 0.75 0
vt 0.8125 0
vt 0.875 0
vt 0.9375 0
vt 1 0
vt 0.5 0.5
vt 0.5 0.5
vt 0.5 0.5
vt 0.5 0.5
vt 0.5 0.5
vt 0.5 0.5
vt 0.5 0.5
vt 0.5 0.5
vt 0.5 0.5
vt 0.5 0.5
vt 0.5 0.5
vt 0.5 0.5
vt 0.5 0.5
vt 0.5 0.5
vt 0.5 0.5
vt 0.5 0.5
vt 1 0.5
vt 0.9619397521018982 0.6913416981697083
vt 0.8535534143447876 0.8535534143447876
vt 0.6913416981697083 0.9619397521018982
vt 0.5 1
vt 0.30865827202796936 0.9619397521018982
vt 0.1464466154575348 0.8535534143447876
vt 0.03806023299694061 0.6913416981697083
vt 0 0.5
vt 0.03806023299694061 0.30865827202796936
vt 0.1464466154575348 0.1464466154575348
vt 0.30865827202796936 0.03806023299694061
vt 0.5 0
vt 0.6913416981697083 0.03806023299694061
vt 0.8535534143447876 0.1464466154575348
vt 0.9619397521018982 0.30865827202796936
vt 1 0.5
vt 0.5 0.5
vt 0.5 0.5
vt 0.5 0.5
vt 0.5 0.5
vt 0.5 0.5
vt 0.5 0.5
vt 0.5 0.5
vt 0.5 0.5
vt 0.5 0.5
vt 0.5 0.5
vt 0.5 0.5
vt 0.5 0.5
vt 0.5 0.5
vt 0.5 0.5
vt 0.5 0.5
vt 0.5 0.5
vt 1 0.5
vt 0.9619397521018982 0.30865827202796936
vt 0.8535534143447876 0.1464466154575348
vt 0.6913416981697083 0.03806023299694061
vt 0.5 0
vt 0.30865827202796936 0.03806023299694061
vt 0.1464466154575348 0.1464466154575348
vt 0.03806023299694061 0.30865827202796936
vt 0 0.5
vt 0.03806023299694061 0.6913416981697083
vt 0.1464466154575348 0.8535534143447876
vt 0.30865827202796936 0.9619397521018982
vt 0.5 1
vt 0.6913416981697083 0.9619397521018982
vt 0.8535534143447876 0.8535534143447876
vt 0.9619397521018982 0.6913416981697083
vt 1 0.5
vn 0 0 1
vn 0.3826834370613369 0 0.9238795305660377
vn 0.7071067811865476 0 0.7071067811865476
vn 0.9238795305660377 0 0.3826834370613369
vn 1 0 6.123234262925839e-17
vn 0.9238795305660377 0 -0.3826834370613369
vn 0.7071067811865476 0 -0.7071067811865476
vn 0.3826834370613369 0 -0.9238795305660377
vn 1.2246468525851679e-16 0 -1
vn -0.3826834370613369 0 -0.9238795305660377
vn -0.7071067811865476 0 -0.7071067811865476
vn -0.9238795305660377 0 -0.3826834370613369
vn -1 0 -1.8369701465288538e-16
vn -0.9238795305660377 0 0.3826834370613369
vn -0.7071067811865476 0 0.7071067811865476
vn -0.3826834370613369 0 0.9238795305660377
vn -2.4492937051703357e-16 0 1
vn 0 0 1
vn 0.3826834370613369 0 0.9238795305660377
vn 0.7071067811865476 0 0.7071067811865476
vn 0.9238795305660377 0 0.3826834370613369
vn 1 0 6.123234262925839e-17
vn 0.9238795305660377 0 -0.3826834370613369
vn 0.7071067811865476 0 -0.7071067811865476
vn 0.3826834370613369 0 -0.9238795305660377
vn 1.2246468525851679e-16 0 -1
vn -0.3826834370613369 0 -0.9238795305660377
vn -0.7071067811865476 0 -0.7071067811865476
vn -0.9238795305660377 0 -0.3826834370613369
vn -1 0 -1.8369701465288538e-16
vn -0.9238795305660377 0 0.3826834370613369
vn -0.7071067811865476 0 0.7071067811865476
vn -0.3826834370613369 0 0.9238795305660377
vn -2.4492937051703357e-16 0 1
vn 0 1 0
vn 0 1 0
vn 0 1 0
vn 0 1 0
vn 0 1 0
vn 0 1 0
vn 0 1 0
vn 0 1 0
vn 0 1 0
vn 0 1 0
vn 0 1 0
vn 0 1 0
vn 0 1 0
vn 0 1 0
vn 0 1 0
vn 0 1 0
vn 0 1 0
vn 0 1 0
vn 0 1 0
vn 0 1 0
vn 0 1 0
vn 0 1 0
vn 0 1 0
vn 0 1 0
vn 0 1 0
vn 0 1 0
vn 0 1 0
vn 0 1 0
vn 0 1 0
vn 0 1 0
vn 0 1 0
vn 0 1 0
vn 0 1 0
vn 0 -1 0
vn 0 -1 0
vn 0 -1 0
vn 0 -1 0
vn 0 -1 0
vn 0 -1 0
vn 0 -1 0
vn 0 -1 0
vn 0 -1 0
vn 0 -1 0
vn 0 -1 0
vn 0 -1 0
vn 0 -1 0
vn 0 -1 0
vn 0 -1 0
vn 0 -1 0
vn 0 -1 0
vn 0 -1 0
vn 0 -1 0
vn 0 -1 0
vn 0 -1 0
vn 0 -1 0
vn 0 -1 0
vn 0 -1 0
vn 0 -1 0
vn 0 -1 0
vn 0 -1 0
vn 0 -1 0
vn 0 -1 0
vn 0 -1 0
vn 0 -1 0
vn 0 -1 0
vn 0 -1 0
f 325/325/325 342/342/342 326/326/326
f 342/342/342 343/343/343 326/326/326
f 326/326/326 343/343/343 327/327/327
f 343/343/343 344/344/344 327/327/327
f 327/327/327 344/344/344 328/328/328
f 344/344/344 345/345/345 328/328/328
f 328/328/328 345/345/345 329/329/329
f 345/345/345 346/346/346 329/329/329
f 329/329/329 346/346/346 330/330/330
f 346/346/346 347/347/347 330/330/330
f 330/330/330 347/347/347 331/331/331
f 347/347/347 348/348/348 331/331/331
f 331/331/331 348/348/348 332/332/332
f 348/348/348 349/349/349 332/332/332
f 332/332/332 349/349/349 333/333/333
f 349/349/349 350/350/350 333/333/333
f 333/333/333 350/350/350 334/334/334
f 350/350/350 351/351/351 334/334/334
f 334/334/334 351/351/351 335/335/335
f 351/351/351 352/352/352 335/335/335
f 335/335/335 352/352/352 336/336/336
f 352/352/352 353/353/353 336/336/336
f 336/336/336 353/353/353 337/337/337
f 353/353/353 354/354/354 337/337/337
f 337/337/337 354/354/354 338/338/338
f 354/354/354 355/355/355 338/338/338
f 338/338/338 355/355/355 339/339/339
f 355/355/355 356/356/356 339/339/339
f 339/339/339 356/356/356 340/340/340
f 356/356/356 357/357/357 340/340/340
f 340/340/340 357/357/357 341/341/341
f 357/357/357 358/358/358 341/341/341
f 375/375/375 376/376/376 359/359/359
f 376/376/376 377/377/377 360/360/360
f 377/377/377 378/378/378 361/361/361
f 378/378/378 379/379/379 362/362/362
f 379/379/379 380/380/380 363/363/363
f 380/380/380 381/381/381 364/364/364
f 381/381/381 382/382/382 365/365/365
f 382/382/382 383/383/383 366/366/366
f 383/383/383 384/384/384 367/367/367
f 384/384/384 385/385/385 368/368/368
f 385/385/385 386/386/386 369/369/369
f 386/386/386 387/387/387 370/370/370
f 387/387/387 388/388/388 371/371/371
f 388/388/388 389/389/389 372/372/372
f 389/389/389 390/390/390 373/373/373
f 390/390/390 391/391/391 374/374/374
f 409/409/409 408/408/408 392/392/392
f 410/410/410 409/409/409 393/393/393
f 411/411/411 410/410/410 394/394/394
f 412/412/412 411/411/411 395/395/395
f 413/413/413 412/412/412 396/396/396
f 414/414/414 413/413/413 397/397/397
f 415/415/415 414/414/414 398/398/398
f 416/416/416 415/415/415 399/399/399
f 417/417/417 416/416/416 400/400/400
f 418/418/418 417/417/417 401/401/401
f 419/419/419 418/418/418 402/402/402
f 420/420/420 419/419/419 403/403/403
f 421/421/421 420/420/420 404/404/404
f 422/422/422 421/421/421 405/405/405
f 423/423/423 422/422/422 406/406/406
f 424/424/424 423/423/423 407/407/407
o brake_hinge_bracket_l
usemtl steel_bracket
v -0.14099999994784596 0.0654999998509884 0.08000000037252902
v -0.14099999994784596 0.0654999998509884 0.02999999962747097
v -0.14099999994784596 0.010500000149011611 0.08000000037252902
v -0.14099999994784596 0.010500000149011611 0.02999999962747097
v -0.15300000005215408 0.0654999998509884 0.02999999962747097
v -0.15300000005215408 0.0654999998509884 0.08000000037252902
v -0.15300000005215408 0.010500000149011611 0.02999999962747097
v -0.15300000005215408 0.010500000149011611 0.08000000037252902
v -0.15300000005215408 0.0654999998509884 0.02999999962747097
v -0.14099999994784596 0.0654999998509884 0.02999999962747097
v -0.15300000005215408 0.0654999998509884 0.08000000037252902
v -0.14099999994784596 0.0654999998509884 0.08000000037252902
v -0.15300000005215408 0.010500000149011611 0.08000000037252902
v -0.14099999994784596 0.010500000149011611 0.08000000037252902
v -0.15300000005215408 0.010500000149011611 0.02999999962747097
v -0.14099999994784596 0.010500000149011611 0.02999999962747097
v -0.15300000005215408 0.0654999998509884 0.08000000037252902
v -0.14099999994784596 0.0654999998509884 0.08000000037252902
v -0.15300000005215408 0.010500000149011611 0.08000000037252902
v -0.14099999994784596 0.010500000149011611 0.08000000037252902
v -0.14099999994784596 0.0654999998509884 0.02999999962747097
v -0.15300000005215408 0.0654999998509884 0.02999999962747097
v -0.14099999994784596 0.010500000149011611 0.02999999962747097
v -0.15300000005215408 0.010500000149011611 0.02999999962747097
vt 0 1
vt 1 1
vt 0 0
vt 1 0
vt 0 1
vt 1 1
vt 0 0
vt 1 0
vt 0 1
vt 1 1
vt 0 0
vt 1 0
vt 0 1
vt 1 1
vt 0 0
vt 1 0
vt 0 1
vt 1 1
vt 0 0
vt 1 0
vt 0 1
vt 1 1
vt 0 0
vt 1 0
vn 1 0 0
vn 1 0 0
vn 1 0 0
vn 1 0 0
vn -1 0 0
vn -1 0 0
vn -1 0 0
vn -1 0 0
vn 0 1 0
vn 0 1 0
vn 0 1 0
vn 0 1 0
vn 0 -1 0
vn 0 -1 0
vn 0 -1 0
vn 0 -1 0
vn 0 0 1
vn 0 0 1
vn 0 0 1
vn 0 0 1
vn 0 0 -1
vn 0 0 -1
vn 0 0 -1
vn 0 0 -1
f 425/425/425 427/427/427 426/426/426
f 427/427/427 428/428/428 426/426/426
f 429/429/429 431/431/431 430/430/430
f 431/431/431 432/432/432 430/430/430
f 433/433/433 435/435/435 434/434/434
f 435/435/435 436/436/436 434/434/434
f 437/437/437 439/439/439 438/438/438
f 439/439/439 440/440/440 438/438/438
f 441/441/441 443/443/443 442/442/442
f 443/443/443 444/444/444 442/442/442
f 445/445/445 447/447/447 446/446/446
f 447/447/447 448/448/448 446/446/446
o brake_hinge_bracket_r
usemtl steel_bracket
v -0.07699999994784594 0.0654999998509884 0.08000000037252902
v -0.07699999994784594 0.0654999998509884 0.02999999962747097
v -0.07699999994784594 0.010500000149011611 0.08000000037252902
v -0.07699999994784594 0.010500000149011611 0.02999999962747097
v -0.08900000005215407 0.0654999998509884 0.02999999962747097
v -0.08900000005215407 0.0654999998509884 0.08000000037252902
v -0.08900000005215407 0.010500000149011611 0.02999999962747097
v -0.08900000005215407 0.010500000149011611 0.08000000037252902
v -0.08900000005215407 0.0654999998509884 0.02999999962747097
v -0.07699999994784594 0.0654999998509884 0.02999999962747097
v -0.08900000005215407 0.0654999998509884 0.08000000037252902
v -0.07699999994784594 0.0654999998509884 0.08000000037252902
v -0.08900000005215407 0.010500000149011611 0.08000000037252902
v -0.07699999994784594 0.010500000149011611 0.08000000037252902
v -0.08900000005215407 0.010500000149011611 0.02999999962747097
v -0.07699999994784594 0.010500000149011611 0.02999999962747097
v -0.08900000005215407 0.0654999998509884 0.08000000037252902
v -0.07699999994784594 0.0654999998509884 0.08000000037252902
v -0.08900000005215407 0.010500000149011611 0.08000000037252902
v -0.07699999994784594 0.010500000149011611 0.08000000037252902
v -0.07699999994784594 0.0654999998509884 0.02999999962747097
v -0.08900000005215407 0.0654999998509884 0.02999999962747097
v -0.07699999994784594 0.010500000149011611 0.02999999962747097
v -0.08900000005215407 0.010500000149011611 0.02999999962747097
vt 0 1
vt 1 1
vt 0 0
vt 1 0
vt 0 1
vt 1 1
vt 0 0
vt 1 0
vt 0 1
vt 1 1
vt 0 0
vt 1 0
vt 0 1
vt 1 1
vt 0 0
vt 1 0
vt 0 1
vt 1 1
vt 0 0
vt 1 0
vt 0 1
vt 1 1
vt 0 0
vt 1 0
vn 1 0 0
vn 1 0 0
vn 1 0 0
vn 1 0 0
vn -1 0 0
vn -1 0 0
vn -1 0 0
vn -1 0 0
vn 0 1 0
vn 0 1 0
vn 0 1 0
vn 0 1 0
vn 0 -1 0
vn 0 -1 0
vn 0 -1 0
vn 0 -1 0
vn 0 0 1
vn 0 0 1
vn 0 0 1
vn 0 0 1
vn 0 0 -1
vn 0 0 -1
vn 0 0 -1
vn 0 0 -1
f 449/449/449 451/451/451 450/450/450
f 451/451/451 452/452/452 450/450/450
f 453/453/453 455/455/455 454/454/454
f 455/455/455 456/456/456 454/454/454
f 457/457/457 459/459/459 458/458/458
f 459/459/459 460/460/460 458/458/458
f 461/461/461 463/463/463 462/462/462
f 463/463/463 464/464/464 462/462/462
f 465/465/465 467/467/467 466/466/466
f 467/467/467 468/468/468 466/466/466
f 469/469/469 471/471/471 470/470/470
f 471/471/471 472/472/472 470/470/470
o brake_hinge_pin
usemtl bolt_steel
v -0.16000000178813933 0.05500000000000001 0.0630000003799796
v -0.16000000178813933 0.057472135936841376 0.0626084523461759
v -0.16000000178813933 0.05970228213816882 0.06147213589400053
v -0.16000000178813933 0.06147213589400054 0.05970228213816881
v -0.16000000178813933 0.06260845234617592 0.05747213593684137
v -0.16000000178813933 0.06300000037997962 0.055
v -0.16000000178813933 0.06260845234617592 0.05252786406315863
v -0.16000000178813933 0.06147213589400054 0.05029771786183119
v -0.16000000178813933 0.05970228213816882 0.04852786410599947
v -0.16000000178813933 0.057472135936841376 0.04739154765382409
v -0.16000000178813933 0.055000000000000014 0.04699999962002039
v -0.16000000178813933 0.05252786406315864 0.04739154765382409
v -0.16000000178813933 0.050297717861831195 0.04852786410599947
v -0.16000000178813933 0.04852786410599948 0.05029771786183119
v -0.16000000178813933 0.0473915476538241 0.05252786406315863
v -0.16000000178813933 0.0469999996200204 0.055
v -0.16000000178813933 0.0473915476538241 0.05747213593684137
v -0.16000000178813933 0.04852786410599948 0.05970228213816881
v -0.16000000178813933 0.050297717861831195 0.06147213589400053
v -0.16000000178813933 0.05252786406315864 0.0626084523461759
v -0.16000000178813933 0.05500000000000001 0.0630000003799796
v -0.06999999821186066 0.05499999999999999 0.0630000003799796
v -0.06999999821186066 0.05747213593684136 0.0626084523461759
v -0.06999999821186066 0.059702282138168805 0.06147213589400053
v -0.06999999821186066 0.061472135894000524 0.05970228213816881
v -0.06999999821186066 0.0626084523461759 0.05747213593684137
v -0.06999999821186066 0.0630000003799796 0.055
v -0.06999999821186066 0.0626084523461759 0.05252786406315863
v -0.06999999821186066 0.061472135894000524 0.05029771786183119
v -0.06999999821186066 0.059702282138168805 0.04852786410599947
v -0.06999999821186066 0.05747213593684136 0.04739154765382409
v -0.06999999821186066 0.05499999999999999 0.04699999962002039
v -0.06999999821186066 0.052527864063158625 0.04739154765382409
v -0.06999999821186066 0.05029771786183118 0.04852786410599947
v -0.06999999821186066 0.04852786410599946 0.05029771786183119
v -0.06999999821186066 0.047391547653824084 0.05252786406315863
v -0.06999999821186066 0.04699999962002038 0.055
v -0.06999999821186066 0.047391547653824084 0.05747213593684137
v -0.06999999821186066 0.04852786410599946 0.05970228213816881
v -0.06999999821186066 0.05029771786183118 0.06147213589400053
v -0.06999999821186066 0.052527864063158625 0.0626084523461759
v -0.06999999821186066 0.054999999999999986 0.0630000003799796
v -0.16000000178813933 0.05500000000000001 0.055
v -0.16000000178813933 0.05500000000000001 0.055
v -0.16000000178813933 0.05500000000000001 0.055
v -0.16000000178813933 0.05500000000000001 0.055
v -0.16000000178813933 0.05500000000000001 0.055
v -0.16000000178813933 0.05500000000000001 0.055
v -0.16000000178813933 0.05500000000000001 0.055
v -0.16000000178813933 0.05500000000000001 0.055
v -0.16000000178813933 0.05500000000000001 0.055
v -0.16000000178813933 0.05500000000000001 0.055
v -0.16000000178813933 0.05500000000000001 0.055
v -0.16000000178813933 0.05500000000000001 0.055
v -0.16000000178813933 0.05500000000000001 0.055
v -0.16000000178813933 0.05500000000000001 0.055
v -0.16000000178813933 0.05500000000000001 0.055
v -0.16000000178813933 0.05500000000000001 0.055
v -0.16000000178813933 0.05500000000000001 0.055
v -0.16000000178813933 0.05500000000000001 0.055
v -0.16000000178813933 0.05500000000000001 0.055
v -0.16000000178813933 0.05500000000000001 0.055
v -0.16000000178813933 0.05500000000000001 0.0630000003799796
v -0.16000000178813933 0.057472135936841376 0.0626084523461759
v -0.16000000178813933 0.05970228213816882 0.06147213589400053
v -0.16000000178813933 0.06147213589400054 0.05970228213816881
v -0.16000000178813933 0.06260845234617592 0.05747213593684137
v -0.16000000178813933 0.06300000037997962 0.055
v -0.16000000178813933 0.06260845234617592 0.05252786406315863
v -0.16000000178813933 0.06147213589400054 0.05029771786183119
v -0.16000000178813933 0.05970228213816882 0.04852786410599947
v -0.16000000178813933 0.057472135936841376 0.04739154765382409
v -0.16000000178813933 0.055000000000000014 0.04699999962002039
v -0.16000000178813933 0.05252786406315864 0.04739154765382409
v -0.16000000178813933 0.050297717861831195 0.04852786410599947
v -0.16000000178813933 0.04852786410599948 0.05029771786183119
v -0.16000000178813933 0.0473915476538241 0.05252786406315863
v -0.16000000178813933 0.0469999996200204 0.055
v -0.16000000178813933 0.0473915476538241 0.05747213593684137
v -0.16000000178813933 0.04852786410599948 0.05970228213816881
v -0.16000000178813933 0.050297717861831195 0.06147213589400053
v -0.16000000178813933 0.05252786406315864 0.0626084523461759
v -0.16000000178813933 0.05500000000000001 0.0630000003799796
v -0.06999999821186066 0.05499999999999999 0.055
v -0.06999999821186066 0.05499999999999999 0.055
v -0.06999999821186066 0.05499999999999999 0.055
v -0.06999999821186066 0.05499999999999999 0.055
v -0.06999999821186066 0.05499999999999999 0.055
v -0.06999999821186066 0.05499999999999999 0.055
v -0.06999999821186066 0.05499999999999999 0.055
v -0.06999999821186066 0.05499999999999999 0.055
v -0.06999999821186066 0.05499999999999999 0.055
v -0.06999999821186066 0.05499999999999999 0.055
v -0.06999999821186066 0.05499999999999999 0.055
v -0.06999999821186066 0.05499999999999999 0.055
v -0.06999999821186066 0.05499999999999999 0.055
v -0.06999999821186066 0.05499999999999999 0.055
v -0.06999999821186066 0.05499999999999999 0.055
v -0.06999999821186066 0.05499999999999999 0.055
v -0.06999999821186066 0.05499999999999999 0.055
v -0.06999999821186066 0.05499999999999999 0.055
v -0.06999999821186066 0.05499999999999999 0.055
v -0.06999999821186066 0.05499999999999999 0.055
v -0.06999999821186066 0.05499999999999999 0.0630000003799796
v -0.06999999821186066 0.05747213593684136 0.0626084523461759
v -0.06999999821186066 0.059702282138168805 0.06147213589400053
v -0.06999999821186066 0.061472135894000524 0.05970228213816881
v -0.06999999821186066 0.0626084523461759 0.05747213593684137
v -0.06999999821186066 0.0630000003799796 0.055
v -0.06999999821186066 0.0626084523461759 0.05252786406315863
v -0.06999999821186066 0.061472135894000524 0.05029771786183119
v -0.06999999821186066 0.059702282138168805 0.04852786410599947
v -0.06999999821186066 0.05747213593684136 0.04739154765382409
v -0.06999999821186066 0.05499999999999999 0.04699999962002039
v -0.06999999821186066 0.052527864063158625 0.04739154765382409
v -0.06999999821186066 0.05029771786183118 0.04852786410599947
v -0.06999999821186066 0.04852786410599946 0.05029771786183119
v -0.06999999821186066 0.047391547653824084 0.05252786406315863
v -0.06999999821186066 0.04699999962002038 0.055
v -0.06999999821186066 0.047391547653824084 0.05747213593684137
v -0.06999999821186066 0.04852786410599946 0.05970228213816881
v -0.06999999821186066 0.05029771786183118 0.06147213589400053
v -0.06999999821186066 0.052527864063158625 0.0626084523461759
v -0.06999999821186066 0.054999999999999986 0.0630000003799796
vt 0 1
vt 0.05000000074505806 1
vt 0.10000000149011612 1
vt 0.15000000596046448 1
vt 0.20000000298023224 1
vt 0.25 1
vt 0.30000001192092896 1
vt 0.3499999940395355 1
vt 0.4000000059604645 1
vt 0.44999998807907104 1
vt 0.5 1
vt 0.550000011920929 1
vt 0.6000000238418579 1
vt 0.6499999761581421 1
vt 0.699999988079071 1
vt 0.75 1
vt 0.800000011920929 1
vt 0.8500000238418579 1
vt 0.8999999761581421 1
vt 0.949999988079071 1
vt 1 1
vt 0 0
vt 0.05000000074505806 0
vt 0.10000000149011612 0
vt 0.15000000596046448 0
vt 0.20000000298023224 0
vt 0.25 0
vt 0.30000001192092896 0
vt 0.3499999940395355 0
vt 0.4000000059604645 0
vt 0.44999998807907104 0
vt 0.5 0
vt 0.550000011920929 0
vt 0.6000000238418579 0
vt 0.6499999761581421 0
vt 0.699999988079071 0
vt 0.75 0
vt 0.800000011920929 0
vt 0.8500000238418579 0
vt 0.8999999761581421 0
vt 0.949999988079071 0
vt 1 0
vt 0.5 0.5
vt 0.5 0.5
vt 0.5 0.5
vt 0.5 0.5
vt 0.5 0.5
vt 0.5 0.5
vt 0.5 0.5
vt 0.5 0.5
vt 0.5 0.5
vt 0.5 0.5
vt 0.5 0.5
vt 0.5 0.5
vt 0.5 0.5
vt 0.5 0.5
vt 0.5 0.5
vt 0.5 0.5
vt 0.5 0.5
vt 0.5 0.5
vt 0.5 0.5
vt 0.5 0.5
vt 1 0.5
vt 0.9755282402038574 0.6545084714889526
vt 0.9045084714889526 0.7938926219940186
vt 0.7938926219940186 0.9045084714889526
vt 0.6545084714889526 0.9755282402038574
vt 0.5 1
vt 0.345491498708725 0.9755282402038574
vt 0.20610737800598145 0.9045084714889526
vt 0.09549150615930557 0.7938926219940186
vt 0.024471741169691086 0.6545084714889526
vt 0 0.5
vt 0.024471741169691086 0.345491498708725
vt 0.09549150615930557 0.20610737800598145
vt 0.20610737800598145 0.09549150615930557
vt 0.345491498708725 0.024471741169691086
vt 0.5 0
vt 0.6545084714889526 0.024471741169691086
vt 0.7938926219940186 0.09549150615930557
vt 0.9045084714889526 0.20610737800598145
vt 0.9755282402038574 0.345491498708725
vt 1 0.5
vt 0.5 0.5
vt 0.5 0.5
vt 0.5 0.5
vt 0.5 0.5
vt 0.5 0.5
vt 0.5 0.5
vt 0.5 0.5
vt 0.5 0.5
vt 0.5 0.5
vt 0.5 0.5
vt 0.5 0.5
vt 0.5 0.5
vt 0.5 0.5
vt 0.5 0.5
vt 0.5 0.5
vt 0.5 0.5
vt 0.5 0.5
vt 0.5 0.5
vt 0.5 0.5
vt 0.5 0.5
vt 1 0.5
vt 0.9755282402038574 0.345491498708725
vt 0.9045084714889526 0.20610737800598145
vt 0.7938926219940186 0.09549150615930557
vt 0.6545084714889526 0.024471741169691086
vt 0.5 0
vt 0.345491498708725 0.024471741169691086
vt 0.20610737800598145 0.09549150615930557
vt 0.09549150615930557 0.20610737800598145
vt 0.024471741169691086 0.345491498708725
vt 0 0.5
vt 0.024471741169691086 0.6545084714889526
vt 0.09549150615930557 0.7938926219940186
vt 0.20610737800598145 0.9045084714889526
vt 0.345491498708725 0.9755282402038574
vt 0.5 1
vt 0.6545084714889526 0.9755282402038574
vt 0.7938926219940186 0.9045084714889526
vt 0.9045084714889526 0.7938926219940186
vt 0.9755282402038574 0.6545084714889526
vt 1 0.5
vn 0 0 1
vn 6.861555653181067e-17 0.3090169948284817 0.9510565161477913
vn 1.3051454205252937e-16 0.5877852429542022 0.8090170011595983
vn 1.796378604001166e-16 0.8090170011595983 0.5877852429542022
vn 2.1117696838941298e-16 0.9510565161477913 0.3090169948284817
vn 2.220446049250313e-16 1 6.123234262925839e-17
vn 2.1117696838941298e-16 0.9510565161477913 -0.3090169948284817
vn 1.796378604001166e-16 0.8090170011595983 -0.5877852429542022
vn 1.3051454205252937e-16 0.5877852429542022 -0.8090170011595983
vn 6.861555653181067e-17 0.3090169948284817 -0.9510565161477913
vn 2.7192622655495665e-32 1.2246468525851679e-16 -1
vn -6.861555653181067e-17 -0.3090169948284817 -0.9510565161477913
vn -1.3051454205252937e-16 -0.5877852429542022 -0.8090170011595983
vn -1.796378604001166e-16 -0.8090170011595983 -0.5877852429542022
vn -2.1117696838941298e-16 -0.9510565161477913 -0.3090169948284817
vn -2.220446049250313e-16 -1 -1.8369701465288538e-16
vn -2.1117696838941298e-16 -0.9510565161477913 0.3090169948284817
vn -1.796378604001166e-16 -0.8090170011595983 0.5877852429542022
vn -1.3051454205252937e-16 -0.5877852429542022 0.8090170011595983
vn -6.861555653181067e-17 -0.3090169948284817 0.9510565161477913
vn -5.438524531099133e-32 -2.4492937051703357e-16 1
vn 0 0 1
vn 6.861555653181067e-17 0.3090169948284817 0.9510565161477913
vn 1.3051454205252937e-16 0.5877852429542022 0.8090170011595983
vn 1.796378604001166e-16 0.8090170011595983 0.5877852429542022
vn 2.1117696838941298e-16 0.9510565161477913 0.3090169948284817
vn 2.220446049250313e-16 1 6.123234262925839e-17
vn 2.1117696838941298e-16 0.9510565161477913 -0.3090169948284817
vn 1.796378604001166e-16 0.8090170011595983 -0.5877852429542022
vn 1.3051454205252937e-16 0.5877852429542022 -0.8090170011595983
vn 6.861555653181067e-17 0.3090169948284817 -0.9510565161477913
vn 2.7192622655495665e-32 1.2246468525851679e-16 -1
vn -6.861555653181067e-17 -0.3090169948284817 -0.9510565161477913
vn -1.3051454205252937e-16 -0.5877852429542022 -0.8090170011595983
vn -1.796378604001166e-16 -0.8090170011595983 -0.5877852429542022
vn -2.1117696838941298e-16 -0.9510565161477913 -0.3090169948284817
vn -2.220446049250313e-16 -1 -1.8369701465288538e-16
vn -2.1117696838941298e-16 -0.9510565161477913 0.3090169948284817
vn -1.796378604001166e-16 -0.8090170011595983 0.5877852429542022
vn -1.3051454205252937e-16 -0.5877852429542022 0.8090170011595983
vn -6.861555653181067e-17 -0.3090169948284817 0.9510565161477913
vn -5.438524531099133e-32 -2.4492937051703357e-16 1
vn -1 2.220446049250313e-16 0
vn -1 2.220446049250313e-16 0
vn -1 2.220446049250313e-16 0
vn -1 2.220446049250313e-16 0
vn -1 2.220446049250313e-16 0
vn -1 2.220446049250313e-16 0
vn -1 2.220446049250313e-16 0
vn -1 2.220446049250313e-16 0
vn -1 2.220446049250313e-16 0
vn -1 2.220446049250313e-16 0
vn -1 2.220446049250313e-16 0
vn -1 2.220446049250313e-16 0
vn -1 2.220446049250313e-16 0
vn -1 2.220446049250313e-16 0
vn -1 2.220446049250313e-16 0
vn -1 2.220446049250313e-16 0
vn -1 2.220446049250313e-16 0
vn -1 2.220446049250313e-16 0
vn -1 2.220446049250313e-16 0
vn -1 2.220446049250313e-16 0
vn -1 2.220446049250313e-16 0
vn -1 2.220446049250313e-16 0
vn -1 2.220446049250313e-16 0
vn -1 2.220446049250313e-16 0
vn -1 2.220446049250313e-16 0
vn -1 2.220446049250313e-16 0
vn -1 2.220446049250313e-16 0
vn -1 2.220446049250313e-16 0
vn -1 2.220446049250313e-16 0
vn -1 2.220446049250313e-16 0
vn -1 2.220446049250313e-16 0
vn -1 2.220446049250313e-16 0
vn -1 2.220446049250313e-16 0
vn -1 2.220446049250313e-16 0
vn -1 2.220446049250313e-16 0
vn -1 2.220446049250313e-16 0
vn -1 2.220446049250313e-16 0
vn -1 2.220446049250313e-16 0
vn -1 2.220446049250313e-16 0
vn -1 2.220446049250313e-16 0
vn -1 2.220446049250313e-16 0
vn 1 -2.220446049250313e-16 0
vn 1 -2.220446049250313e-16 0
vn 1 -2.220446049250313e-16 0
vn 1 -2.220446049250313e-16 0
vn 1 -2.220446049250313e-16 0
vn 1 -2.220446049250313e-16 0
vn 1 -2.220446049250313e-16 0
vn 1 -2.220446049250313e-16 0
vn 1 -2.220446049250313e-16 0
vn 1 -2.220446049250313e-16 0
vn 1 -2.220446049250313e-16 0
vn 1 -2.220446049250313e-16 0
vn 1 -2.220446049250313e-16 0
vn 1 -2.220446049250313e-16 0
vn 1 -2.220446049250313e-16 0
vn 1 -2.220446049250313e-16 0
vn 1 -2.220446049250313e-16 0
vn 1 -2.220446049250313e-16 0
vn 1 -2.220446049250313e-16 0
vn 1 -2.220446049250313e-16 0
vn 1 -2.220446049250313e-16 0
vn 1 -2.220446049250313e-16 0
vn 1 -2.220446049250313e-16 0
vn 1 -2.220446049250313e-16 0
vn 1 -2.220446049250313e-16 0
vn 1 -2.220446049250313e-16 0
vn 1 -2.220446049250313e-16 0
vn 1 -2.220446049250313e-16 0
vn 1 -2.220446049250313e-16 0
vn 1 -2.220446049250313e-16 0
vn 1 -2.220446049250313e-16 0
vn 1 -2.220446049250313e-16 0
vn 1 -2.220446049250313e-16 0
vn 1 -2.220446049250313e-16 0
vn 1 -2.220446049250313e-16 0
vn 1 -2.220446049250313e-16 0
vn 1 -2.220446049250313e-16 0
vn 1 -2.220446049250313e-16 0
vn 1 -2.220446049250313e-16 0
vn 1 -2.220446049250313e-16 0
vn 1 -2.220446049250313e-16 0
f 473/473/473 494/494/494 474/474/474
f 494/494/494 495/495/495 474/474/474
f 474/474/474 495/495/495 475/475/475
f 495/495/495 496/496/496 475/475/475
f 475/475/475 496/496/496 476/476/476
f 496/496/496 497/497/497 476/476/476
f 476/476/476 497/497/497 477/477/477
f 497/497/497 498/498/498 477/477/477
f 477/477/477 498/498/498 478/478/478
f 498/498/498 499/499/499 478/478/478
f 478/478/478 499/499/499 479/479/479
f 499/499/499 500/500/500 479/479/479
f 479/479/479 500/500/500 480/480/480
f 500/500/500 501/501/501 480/480/480
f 480/480/480 501/501/501 481/481/481
f 501/501/501 502/502/502 481/481/481
f 481/481/481 502/502/502 482/482/482
f 502/502/502 503/503/503 482/482/482
f 482/482/482 503/503/503 483/483/483
f 503/503/503 504/504/504 483/483/483
f 483/483/483 504/504/504 484/484/484
f 504/504/504 505/505/505 484/484/484
f 484/484/484 505/505/505 485/485/485
f 505/505/505 506/506/506 485/485/485
f 485/485/485 506/506/506 486/486/486
f 506/506/506 507/507/507 486/486/486
f 486/486/486 507/507/507 487/487/487
f 507/507/507 508/508/508 487/487/487
f 487/487/487 508/508/508 488/488/488
f 508/508/508 509/509/509 488/488/488
f 488/488/488 509/509/509 489/489/489
f 509/509/509 510/510/510 489/489/489
f 489/489/489 510/510/510 490/490/490
f 510/510/510 511/511/511 490/490/490
f 490/490/490 511/511/511 491/491/491
f 511/511/511 512/512/512 491/491/491
f 491/491/491 512/512/512 492/492/492
f 512/512/512 513/513/513 492/492/492
f 492/492/492 513/513/513 493/493/493
f 513/513/513 514/514/514 493/493/493
f 535/535/535 536/536/536 515/515/515
f 536/536/536 537/537/537 516/516/516
f 537/537/537 538/538/538 517/517/517
f 538/538/538 539/539/539 518/518/518
f 539/539/539 540/540/540 519/519/519
f 540/540/540 541/541/541 520/520/520
f 541/541/541 542/542/542 521/521/521
f 542/542/542 543/543/543 522/522/522
f 543/543/543 544/544/544 523/523/523
f 544/544/544 545/545/545 524/524/524
f 545/545/545 546/546/546 525/525/525
f 546/546/546 547/547/547 526/526/526
f 547/547/547 548/548/548 527/527/527
f 548/548/548 549/549/549 528/528/528
f 549/549/549 550/550/550 529/529/529
f 550/550/550 551/551/551 530/530/530
f 551/551/551 552/552/552 531/531/531
f 552/552/552 553/553/553 532/532/532
f 553/553/553 554/554/554 533/533/533
f 554/554/554 555/555/555 534/534/534
f 577/577/577 576/576/576 556/556/556
f 578/578/578 577/577/577 557/557/557
f 579/579/579 578/578/578 558/558/558
f 580/580/580 579/579/579 559/559/559
f 581/581/581 580/580/580 560/560/560
f 582/582/582 581/581/581 561/561/561
f 583/583/583 582/582/582 562/562/562
f 584/584/584 583/583/583 563/563/563
f 585/585/585 584/584/584 564/564/564
f 586/586/586 585/585/585 565/565/565
f 587/587/587 586/586/586 566/566/566
f 588/588/588 587/587/587 567/567/567
f 589/589/589 588/588/588 568/568/568
f 590/590/590 589/589/589 569/569/569
f 591/591/591 590/590/590 570/570/570
f 592/592/592 591/591/591 571/571/571
f 593/593/593 592/592/592 572/572/572
f 594/594/594 593/593/593 573/573/573
f 595/595/595 594/594/594 574/574/574
f 596/596/596 595/595/595 575/575/575
o brake_arm
usemtl black_plastic
v -0.09600000061094761 0.19251389479469913 0.06292172838755007
v -0.09600000061094761 0.194746584735054 0.047078271695624105
v -0.09600000061094761 0.05388365473471521 0.04338569225418279
v -0.09600000061094761 0.05611634467507007 0.02754223556225682
v -0.13399999938905238 0.194746584735054 0.047078271695624105
v -0.13399999938905238 0.19251389479469913 0.06292172838755007
v -0.13399999938905238 0.05611634467507007 0.02754223556225682
v -0.13399999938905238 0.05388365473471521 0.04338569225418279
v -0.13399999938905238 0.194746584735054 0.047078271695624105
v -0.09600000061094761 0.194746584735054 0.047078271695624105
v -0.13399999938905238 0.19251389479469913 0.06292172838755007
v -0.09600000061094761 0.19251389479469913 0.06292172838755007
v -0.13399999938905238 0.05388365473471521 0.04338569225418279
v -0.09600000061094761 0.05388365473471521 0.04338569225418279
v -0.13399999938905238 0.05611634467507007 0.02754223556225682
v -0.09600000061094761 0.05611634467507007 0.02754223556225682
v -0.13399999938905238 0.19251389479469913 0.06292172838755007
v -0.09600000061094761 0.19251389479469913 0.06292172838755007
v -0.13399999938905238 0.05388365473471521 0.04338569225418279
v -0.09600000061094761 0.05388365473471521 0.04338569225418279
v -0.09600000061094761 0.194746584735054 0.047078271695624105
v -0.13399999938905238 0.194746584735054 0.047078271695624105
v -0.09600000061094761 0.05611634467507007 0.02754223556225682
v -0.13399999938905238 0.05611634467507007 0.02754223556225682
vt 0 1
vt 1 1
vt 0 0
vt 1 0
vt 0 1
vt 1 1
vt 0 0
vt 1 0
vt 0 1
vt 1 1
vt 0 0
vt 1 0
vt 0 1
vt 1 1
vt 0 0
vt 1 0
vt 0 1
vt 1 1
vt 0 0
vt 1 0
vt 0 1
vt 1 1
vt 0 0
vt 1 0
vn 1 0 0
vn 1 0 0
vn 1 0 0
vn 1 0 0
vn -1 0 0
vn -1 0 0
vn -1 0 0
vn -1 0 0
vn 0 0.9902159962126371 0.1395431146442365
vn 0 0.9902159962126371 0.1395431146442365
vn 0 0.9902159962126371 0.1395431146442365
vn 0 0.9902159962126371 0.1395431146442365
vn 0 -0.9902159962126371 -0.1395431146442365
vn 0 -0.9902159962126371 -0.1395431146442365
vn 0 -0.9902159962126371 -0.1395431146442365
vn 0 -0.9902159962126371 -0.1395431146442365
vn 0 -0.1395431146442365 0.9902159962126371
vn 0 -0.1395431146442365 0.9902159962126371
vn 0 -0.1395431146442365 0.9902159962126371
vn 0 -0.1395431146442365 0.9902159962126371
vn 0 0.1395431146442365 -0.9902159962126371
vn 0 0.1395431146442365 -0.9902159962126371
vn 0 0.1395431146442365 -0.9902159962126371
vn 0 0.1395431146442365 -0.9902159962126371
f 597/597/597 599/599/599 598/598/598
f 599/599/599 600/600/600 598/598/598
f 601/601/601 603/603/603 602/602/602
f 603/603/603 604/604/604 602/602/602
f 605/605/605 607/607/607 606/606/606
f 607/607/607 608/608/608 606/606/606
f 609/609/609 611/611/611 610/610/610
f 611/611/611 612/612/612 610/610/610
f 613/613/613 615/615/615 614/614/614
f 615/615/615 616/616/616 614/614/614
f 617/617/617 619/619/619 618/618/618
f 619/619/619 620/620/620 618/618/618
o brake_pad
usemtl rubber_pad
v -0.06250000163912774 0.3094440952967735 0.04051235165784571
v -0.06250000163912774 0.3113976989620941 0.02664932728296311
v -0.06250000163912774 0.16586277997744425 0.020278600616650662
v -0.06250000163912774 0.16781638364276485 0.006415576241768063
v -0.16749999836087226 0.3113976989620941 0.02664932728296311
v -0.16749999836087226 0.3094440952967735 0.04051235165784571
v -0.16749999836087226 0.16781638364276485 0.006415576241768063
v -0.16749999836087226 0.16586277997744425 0.020278600616650662
v -0.16749999836087226 0.3113976989620941 0.02664932728296311
v -0.06250000163912774 0.3113976989620941 0.02664932728296311
v -0.16749999836087226 0.3094440952967735 0.04051235165784571
v -0.06250000163912774 0.3094440952967735 0.04051235165784571
v -0.16749999836087226 0.16586277997744425 0.020278600616650662
v -0.06250000163912774 0.16586277997744425 0.020278600616650662
v -0.16749999836087226 0.16781638364276485 0.006415576241768063
v -0.06250000163912774 0.16781638364276485 0.006415576241768063
v -0.16749999836087226 0.3094440952967735 0.04051235165784571
v -0.06250000163912774 0.3094440952967735 0.04051235165784571
v -0.16749999836087226 0.16586277997744425 0.020278600616650662
v -0.06250000163912774 0.16586277997744425 0.020278600616650662
v -0.06250000163912774 0.3113976989620941 0.02664932728296311
v -0.16749999836087226 0.3113976989620941 0.02664932728296311
v -0.06250000163912774 0.16781638364276485 0.006415576241768063
v -0.16749999836087226 0.16781638364276485 0.006415576241768063
vt 0 1
vt 1 1
vt 0 0
vt 1 0
vt 0 1
vt 1 1
vt 0 0
vt 1 0
vt 0 1
vt 1 1
vt 0 0
vt 1 0
vt 0 1
vt 1 1
vt 0 0
vt 1 0
vt 0 1
vt 1 1
vt 0 0
vt 1 0
vt 0 1
vt 1 1
vt 0 0
vt 1 0
vn 1 0 0
vn 1 0 0
vn 1 0 0
vn 1 0 0
vn -1 0 0
vn -1 0 0
vn -1 0 0
vn -1 0 0
vn 0 0.9902159962126371 0.1395431146442365
vn 0 0.9902159962126371 0.1395431146442365
vn 0 0.9902159962126371 0.1395431146442365
vn 0 0.9902159962126371 0.1395431146442365
vn 0 -0.9902159962126371 -0.1395431146442365
vn 0 -0.9902159962126371 -0.1395431146442365
vn 0 -0.9902159962126371 -0.1395431146442365
vn 0 -0.9902159962126371 -0.1395431146442365
vn 0 -0.1395431146442365 0.9902159962126371
vn 0 -0.1395431146442365 0.9902159962126371
vn 0 -0.1395431146442365 0.9902159962126371
vn 0 -0.1395431146442365 0.9902159962126371
vn 0 0.1395431146442365 -0.9902159962126371
vn 0 0.1395431146442365 -0.9902159962126371
vn 0 0.1395431146442365 -0.9902159962126371
vn 0 0.1395431146442365 -0.9902159962126371
f 621/621/621 623/623/623 622/622/622
f 623/623/623 624/624/624 622/622/622
f 625/625/625 627/627/627 626/626/626
f 627/627/627 628/628/628 626/626/626
f 629/629/629 631/631/631 630/630/630
f 631/631/631 632/632/632 630/630/630
f 633/633/633 635/635/635 634/634/634
f 635/635/635 636/636/636 634/634/634
f 637/637/637 639/639/639 638/638/638
f 639/639/639 640/640/640 638/638/638
f 641/641/641 643/643/643 642/642/642
f 643/643/643 644/644/644 642/642/642
o brake_stud_0_0
usemtl rubber_pad
v -0.151 0.17890496527756608 0.025176908909913042
v -0.14711091264523565 0.1805001167178689 0.0254017006736903
v -0.14550000002980232 0.18435115322722484 0.025944396036297633
v -0.14711091264523565 0.1882021897365808 0.026487091398904965
v -0.151 0.1897973411768836 0.026711883162682228
v -0.15488908735476434 0.1882021897365808 0.026487091398904965
v -0.15649999997019767 0.18435115322722484 0.025944396036297633
v -0.15488908735476434 0.1805001167178689 0.0254017006736903
v -0.151 0.17890496527756608 0.025176908909913042
v -0.151 0.1794631377626548 0.021216044736931547
v -0.14711091264523565 0.1810582892029576 0.02144083650070881
v -0.14550000002980232 0.18490932571231355 0.02198353186331614
v -0.14711091264523565 0.1887603622216695 0.022526227225923474
v -0.151 0.19035551366197231 0.022751018989700732
v -0.15488908735476434 0.1887603622216695 0.022526227225923474
v -0.15649999997019767 0.18490932571231355 0.02198353186331614
v -0.15488908735476434 0.1810582892029576 0.02144083650070881
v -0.151 0.1794631377626548 0.021216044736931547
v -0.151 0.18435115322722484 0.025944396036297633
v -0.151 0.18435115322722484 0.025944396036297633
v -0.151 0.18435115322722484 0.025944396036297633
v -0.151 0.18435115322722484 0.025944396036297633
v -0.151 0.18435115322722484 0.025944396036297633
v -0.151 0.18435115322722484 0.025944396036297633
v -0.151 0.18435115322722484 0.025944396036297633
v -0.151 0.18435115322722484 0.025944396036297633
v -0.151 0.17890496527756608 0.025176908909913042
v -0.14711091264523565 0.1805001167178689 0.0254017006736903
v -0.14550000002980232 0.18435115322722484 0.025944396036297633
v -0.14711091264523565 0.1882021897365808 0.026487091398904965
v -0.151 0.1897973411768836 0.026711883162682228
v -0.15488908735476434 0.1882021897365808 0.026487091398904965
v -0.15649999997019767 0.18435115322722484 0.025944396036297633
v -0.15488908735476434 0.1805001167178689 0.0254017006736903
v -0.151 0.17890496527756608 0.025176908909913042
v -0.151 0.18490932571231355 0.02198353186331614
v -0.151 0.18490932571231355 0.02198353186331614
v -0.151 0.18490932571231355 0.02198353186331614
v -0.151 0.18490932571231355 0.02198353186331614
v -0.151 0.18490932571231355 0.02198353186331614
v -0.151 0.18490932571231355 0.02198353186331614
v -0.151 0.18490932571231355 0.02198353186331614
v -0.151 0.18490932571231355 0.02198353186331614
v -0.151 0.1794631377626548 0.021216044736931547
v -0.14711091264523565 0.1810582892029576 0.02144083650070881
v -0.14550000002980232 0.18490932571231355 0.02198353186331614
v -0.14711091264523565 0.1887603622216695 0.022526227225923474
v -0.151 0.19035551366197231 0.022751018989700732
v -0.15488908735476434 0.1887603622216695 0.022526227225923474
v -0.15649999997019767 0.18490932571231355 0.02198353186331614
v -0.15488908735476434 0.1810582892029576 0.02144083650070881
v -0.151 0.1794631377626548 0.021216044736931547
vt 0 1
vt 0.125 1
vt 0.25 1
vt 0.375 1
vt 0.5 1
vt 0.625 1
vt 0.75 1
vt 0.875 1
vt 1 1
vt 0 0
vt 0.125 0
vt 0.25 0
vt 0.375 0
vt 0.5 0
vt 0.625 0
vt 0.75 0
vt 0.875 0
vt 1 0
vt 0.5 0.5
vt 0.5 0.5
vt 0.5 0.5
vt 0.5 0.5
vt 0.5 0.5
vt 0.5 0.5
vt 0.5 0.5
vt 0.5 0.5
vt 1 0.5
vt 0.8535534143447876 0.8535534143447876
vt 0.5 1
vt 0.1464466154575348 0.8535534143447876
vt 0 0.5
vt 0.1464466154575348 0.1464466154575348
vt 0.5 0
vt 0.8535534143447876 0.1464466154575348
vt 1 0.5
vt 0.5 0.5
vt 0.5 0.5
vt 0.5 0.5
vt 0.5 0.5
vt 0.5 0.5
vt 0.5 0.5
vt 0.5 0.5
vt 0.5 0.5
vt 1 0.5
vt 0.8535534143447876 0.1464466154575348
vt 0.5 0
vt 0.1464466154575348 0.1464466154575348
vt 0 0.5
vt 0.1464466154575348 0.8535534143447876
vt 0.5 1
vt 0.8535534143447876 0.8535534143447876
vt 1 0.5
vn 0 -0.9902159962126372 -0.13954311464423674
vn 0.7071067811865476 -0.7001884457613483 -0.09867188263283161
vn 1 -6.063324515706462e-17 -8.544551807449788e-18
vn 0.7071067811865476 0.7001884457613483 0.09867188263283161
vn 1.224646852585168e-16 0.9902159962126372 0.13954311464423674
vn -0.7071067811865476 0.7001884457613483 0.09867188263283161
vn -1 1.8189972236579428e-16 2.5633653575511615e-17
vn -0.7071067811865476 -0.7001884457613483 -0.09867188263283161
vn -2.449293705170336e-16 -0.9902159962126372 -0.13954311464423674
vn 0 -0.9902159962126372 -0.13954311464423674
vn 0.7071067811865476 -0.7001884457613483 -0.09867188263283161
vn 1 -6.063324515706462e-17 -8.544551807449788e-18
vn 0.7071067811865476 0.7001884457613483 0.09867188263283161
vn 1.224646852585168e-16 0.9902159962126372 0.13954311464423674
vn -0.7071067811865476 0.7001884457613483 0.09867188263283161
vn -1 1.8189972236579428e-16 2.5633653575511615e-17
vn -0.7071067811865476 -0.7001884457613483 -0.09867188263283161
vn -2.449293705170336e-16 -0.9902159962126372 -0.13954311464423674
vn 0 -0.13954311464423674 0.9902159962126372
vn 0 -0.13954311464423674 0.9902159962126372
vn 0 -0.13954311464423674 0.9902159962126372
vn 0 -0.13954311464423674 0.9902159962126372
vn 0 -0.13954311464423674 0.9902159962126372
vn 0 -0.13954311464423674 0.9902159962126372
vn 0 -0.13954311464423674 0.9902159962126372
vn 0 -0.13954311464423674 0.9902159962126372
vn 0 -0.13954311464423674 0.9902159962126372
vn 0 -0.13954311464423674 0.9902159962126372
vn 0 -0.13954311464423674 0.9902159962126372
vn 0 -0.13954311464423674 0.9902159962126372
vn 0 -0.13954311464423674 0.9902159962126372
vn 0 -0.13954311464423674 0.9902159962126372
vn 0 -0.13954311464423674 0.9902159962126372
vn 0 -0.13954311464423674 0.9902159962126372
vn 0 -0.13954311464423674 0.9902159962126372
vn 0 0.13954311464423674 -0.9902159962126372
vn 0 0.13954311464423674 -0.9902159962126372
vn 0 0.13954311464423674 -0.9902159962126372
vn 0 0.13954311464423674 -0.9902159962126372
vn 0 0.13954311464423674 -0.9902159962126372
vn 0 0.13954311464423674 -0.9902159962126372
vn 0 0.13954311464423674 -0.9902159962126372
vn 0 0.13954311464423674 -0.9902159962126372
vn 0 0.13954311464423674 -0.9902159962126372
vn 0 0.13954311464423674 -0.9902159962126372
vn 0 0.13954311464423674 -0.9902159962126372
vn 0 0.13954311464423674 -0.9902159962126372
vn 0 0.13954311464423674 -0.9902159962126372
vn 0 0.13954311464423674 -0.9902159962126372
vn 0 0.13954311464423674 -0.9902159962126372
vn 0 0.13954311464423674 -0.9902159962126372
vn 0 0.13954311464423674 -0.9902159962126372
f 645/645/645 654/654/654 646/646/646
f 654/654/654 655/655/655 646/646/646
f 646/646/646 655/655/655 647/647/647
f 655/655/655 656/656/656 647/647/647
f 647/647/647 656/656/656 648/648/648
f 656/656/656 657/657/657 648/648/648
f 648/648/648 657/657/657 649/649/649
f 657/657/657 658/658/658 649/649/649
f 649/649/649 658/658/658 650/650/650
f 658/658/658 659/659/659 650/650/650
f 650/650/650 659/659/659 651/651/651
f 659/659/659 660/660/660 651/651/651
f 651/651/651 660/660/660 652/652/652
f 660/660/660 661/661/661 652/652/652
f 652/652/652 661/661/661 653/653/653
f 661/661/661 662/662/662 653/653/653
f 671/671/671 672/672/672 663/663/663
f 672/672/672 673/673/673 664/664/664
f 673/673/673 674/674/674 665/665/665
f 674/674/674 675/675/675 666/666/666
f 675/675/675 676/676/676 667/667/667
f 676/676/676 677/677/677 668/668/668
f 677/677/677 678/678/678 669/669/669
f 678/678/678 679/679/679 670/670/670
f 689/689/689 688/688/688 680/680/680
f 690/690/690 689/689/689 681/681/681
f 691/691/691 690/690/690 682/682/682
f 692/692/692 691/691/691 683/683/683
f 693/693/693 692/692/692 684/684/684
f 694/694/694 693/693/693 685/685/685
f 695/695/695 694/694/694 686/686/686
f 696/696/696 695/695/695 687/687/687
o brake_stud_0_1
usemtl rubber_pad
v -0.151 0.19690496527756607 0.025176908909913042
v -0.14711091264523565 0.19850011671786888 0.0254017006736903
v -0.14550000002980232 0.20235115322722483 0.025944396036297633
v -0.14711091264523565 0.20620218973658078 0.026487091398904965
v -0.151 0.2077973411768836 0.026711883162682228
v -0.15488908735476434 0.20620218973658078 0.026487091398904965
v -0.15649999997019767 0.20235115322722483 0.025944396036297633
v -0.15488908735476434 0.19850011671786888 0.0254017006736903
v -0.151 0.19690496527756607 0.025176908909913042
v -0.151 0.19746313776265478 0.021216044736931547
v -0.14711091264523565 0.1990582892029576 0.02144083650070881
v -0.14550000002980232 0.20290932571231354 0.02198353186331614
v -0.14711091264523565 0.2067603622216695 0.022526227225923474
v -0.151 0.2083555136619723 0.022751018989700732
v -0.15488908735476434 0.2067603622216695 0.022526227225923474
v -0.15649999997019767 0.20290932571231354 0.02198353186331614
v -0.15488908735476434 0.1990582892029576 0.02144083650070881
v -0.151 0.19746313776265478 0.021216044736931547
v -0.151 0.20235115322722483 0.025944396036297633
v -0.151 0.20235115322722483 0.025944396036297633
v -0.151 0.20235115322722483 0.025944396036297633
v -0.151 0.20235115322722483 0.025944396036297633
v -0.151 0.20235115322722483 0.025944396036297633
v -0.151 0.20235115322722483 0.025944396036297633
v -0.151 0.20235115322722483 0.025944396036297633
v -0.151 0.20235115322722483 0.025944396036297633
v -0.151 0.19690496527756607 0.025176908909913042
v -0.14711091264523565 0.19850011671786888 0.0254017006736903
v -0.14550000002980232 0.20235115322722483 0.025944396036297633
v -0.14711091264523565 0.20620218973658078 0.026487091398904965
v -0.151 0.2077973411768836 0.026711883162682228
v -0.15488908735476434 0.20620218973658078 0.026487091398904965
v -0.15649999997019767 0.20235115322722483 0.025944396036297633
v -0.15488908735476434 0.19850011671786888 0.0254017006736903
v -0.151 0.19690496527756607 0.025176908909913042
v -0.151 0.20290932571231354 0.02198353186331614
v -0.151 0.20290932571231354 0.02198353186331614
v -0.151 0.20290932571231354 0.02198353186331614
v -0.151 0.20290932571231354 0.02198353186331614
v -0.151 0.20290932571231354 0.02198353186331614
v -0.151 0.20290932571231354 0.02198353186331614
v -0.151 0.20290932571231354 0.02198353186331614
v -0.151 0.20290932571231354 0.02198353186331614
v -0.151 0.19746313776265478 0.021216044736931547
v -0.14711091264523565 0.1990582892029576 0.02144083650070881
v -0.14550000002980232 0.20290932571231354 0.02198353186331614
v -0.14711091264523565 0.2067603622216695 0.022526227225923474
v -0.151 0.2083555136619723 0.022751018989700732
v -0.15488908735476434 0.2067603622216695 0.022526227225923474
v -0.15649999997019767 0.20290932571231354 0.02198353186331614
v -0.15488908735476434 0.1990582892029576 0.02144083650070881
v -0.151 0.19746313776265478 0.021216044736931547
vt 0 1
vt 0.125 1
vt 0.25 1
vt 0.375 1
vt 0.5 1
vt 0.625 1
vt 0.75 1
vt 0.875 1
vt 1 1
vt 0 0
vt 0.125 0
vt 0.25 0
vt 0.375 0
vt 0.5 0
vt 0.625 0
vt 0.75 0
vt 0.875 0
vt 1 0
vt 0.5 0.5
vt 0.5 0.5
vt 0.5 0.5
vt 0.5 0.5
vt 0.5 0.5
vt 0.5 0.5
vt 0.5 0.5
vt 0.5 0.5
vt 1 0.5
vt 0.8535534143447876 0.8535534143447876
vt 0.5 1
vt 0.1464466154575348 0.8535534143447876
vt 0 0.5
vt 0.1464466154575348 0.1464466154575348
vt 0.5 0
vt 0.8535534143447876 0.1464466154575348
vt 1 0.5
vt 0.5 0.5
vt 0.5 0.5
vt 0.5 0.5
vt 0.5 0.5
vt 0.5 0.5
vt 0.5 0.5
vt 0.5 0.5
vt 0.5 0.5
vt 1 0.5
vt 0.8535534143447876 0.1464466154575348
vt 0.5 0
vt 0.1464466154575348 0.1464466154575348
vt 0 0.5
vt 0.1464466154575348 0.8535534143447876
vt 0.5 1
vt 0.8535534143447876 0.8535534143447876
vt 1 0.5
vn 0 -0.9902159962126372 -0.13954311464423674
vn 0.7071067811865476 -0.7001884457613483 -0.09867188263283161
vn 1 -6.063324515706462e-17 -8.544551807449788e-18
vn 0.7071067811865476 0.7001884457613483 0.09867188263283161
vn 1.224646852585168e-16 0.9902159962126372 0.13954311464423674
vn -0.7071067811865476 0.7001884457613483 0.09867188263283161
vn -1 1.8189972236579428e-16 2.5633653575511615e-17
vn -0.7071067811865476 -0.7001884457613483 -0.09867188263283161
vn -2.449293705170336e-16 -0.9902159962126372 -0.13954311464423674
vn 0 -0.9902159962126372 -0.13954311464423674
vn 0.7071067811865476 -0.7001884457613483 -0.09867188263283161
vn 1 -6.063324515706462e-17 -8.544551807449788e-18
vn 0.7071067811865476 0.7001884457613483 0.09867188263283161
vn 1.224646852585168e-16 0.9902159962126372 0.13954311464423674
vn -0.7071067811865476 0.7001884457613483 0.09867188263283161
vn -1 1.8189972236579428e-16 2.5633653575511615e-17
vn -0.7071067811865476 -0.7001884457613483 -0.09867188263283161
vn -2.449293705170336e-16 -0.9902159962126372 -0.13954311464423674
vn 0 -0.13954311464423674 0.9902159962126372
vn 0 -0.13954311464423674 0.9902159962126372
vn 0 -0.13954311464423674 0.9902159962126372
vn 0 -0.13954311464423674 0.9902159962126372
vn 0 -0.13954311464423674 0.9902159962126372
vn 0 -0.13954311464423674 0.9902159962126372
vn 0 -0.13954311464423674 0.9902159962126372
vn 0 -0.13954311464423674 0.9902159962126372
vn 0 -0.13954311464423674 0.9902159962126372
vn 0 -0.13954311464423674 0.9902159962126372
vn 0 -0.13954311464423674 0.9902159962126372
vn 0 -0.13954311464423674 0.9902159962126372
vn 0 -0.13954311464423674 0.9902159962126372
vn 0 -0.13954311464423674 0.9902159962126372
vn 0 -0.13954311464423674 0.9902159962126372
vn 0 -0.13954311464423674 0.9902159962126372
vn 0 -0.13954311464423674 0.9902159962126372
vn 0 0.13954311464423674 -0.9902159962126372
vn 0 0.13954311464423674 -0.9902159962126372
vn 0 0.13954311464423674 -0.9902159962126372
vn 0 0.13954311464423674 -0.9902159962126372
vn 0 0.13954311464423674 -0.9902159962126372
vn 0 0.13954311464423674 -0.9902159962126372
vn 0 0.13954311464423674 -0.9902159962126372
vn 0 0.13954311464423674 -0.9902159962126372
vn 0 0.13954311464423674 -0.9902159962126372
vn 0 0.13954311464423674 -0.9902159962126372
vn 0 0.13954311464423674 -0.9902159962126372
vn 0 0.13954311464423674 -0.9902159962126372
vn 0 0.13954311464423674 -0.9902159962126372
vn 0 0.13954311464423674 -0.9902159962126372
vn 0 0.13954311464423674 -0.9902159962126372
vn 0 0.13954311464423674 -0.9902159962126372
vn 0 0.13954311464423674 -0.9902159962126372
f 697/697/697 706/706/706 698/698/698
f 706/706/706 707/707/707 698/698/698
f 698/698/698 707/707/707 699/699/699
f 707/707/707 708/708/708 699/699/699
f 699/699/699 708/708/708 700/700/700
f 708/708/708 709/709/709 700/700/700
f 700/700/700 709/709/709 701/701/701
f 709/709/709 710/710/710 701/701/701
f 701/701/701 710/710/710 702/702/702
f 710/710/710 711/711/711 702/702/702
f 702/702/702 711/711/711 703/703/703
f 711/711/711 712/712/712 703/703/703
f 703/703/703 712/712/712 704/704/704
f 712/712/712 713/713/713 704/704/704
f 704/704/704 713/713/713 705/705/705
f 713/713/713 714/714/714 705/705/705
f 723/723/723 724/724/724 715/715/715
f 724/724/724 725/725/725 716/716/716
f 725/725/725 726/726/726 717/717/717
f 726/726/726 727/727/727 718/718/718
f 727/727/727 728/728/728 719/719/719
f 728/728/728 729/729/729 720/720/720
f 729/729/729 730/730/730 721/721/721
f 730/730/730 731/731/731 722/722/722
f 741/741/741 740/740/740 732/732/732
f 742/742/742 741/741/741 733/733/733
f 743/743/743 742/742/742 734/734/734
f 744/744/744 743/743/743 735/735/735
f 745/745/745 744/744/744 736/736/736
f 746/746/746 745/745/745 737/737/737
f 747/747/747 746/746/746 738/738/738
f 748/748/748 747/747/747 739/739/739
o brake_stud_0_2
usemtl rubber_pad
v -0.151 0.21490496527756608 0.025176908909913042
v -0.14711091264523565 0.2165001167178689 0.0254017006736903
v -0.14550000002980232 0.22035115322722484 0.025944396036297633
v -0.14711091264523565 0.2242021897365808 0.026487091398904965
v -0.151 0.2257973411768836 0.026711883162682228
v -0.15488908735476434 0.2242021897365808 0.026487091398904965
v -0.15649999997019767 0.22035115322722484 0.025944396036297633
v -0.15488908735476434 0.2165001167178689 0.0254017006736903
v -0.151 0.21490496527756608 0.025176908909913042
v -0.151 0.2154631377626548 0.021216044736931547
v -0.14711091264523565 0.2170582892029576 0.02144083650070881
v -0.14550000002980232 0.22090932571231356 0.02198353186331614
v -0.14711091264523565 0.2247603622216695 0.022526227225923474
v -0.151 0.22635551366197232 0.022751018989700732
v -0.15488908735476434 0.2247603622216695 0.022526227225923474
v -0.15649999997019767 0.22090932571231356 0.02198353186331614
v -0.15488908735476434 0.2170582892029576 0.02144083650070881
v -0.151 0.2154631377626548 0.021216044736931547
v -0.151 0.22035115322722484 0.025944396036297633
v -0.151 0.22035115322722484 0.025944396036297633
v -0.151 0.22035115322722484 0.025944396036297633
v -0.151 0.22035115322722484 0.025944396036297633
v -0.151 0.22035115322722484 0.025944396036297633
v -0.151 0.22035115322722484 0.025944396036297633
v -0.151 0.22035115322722484 0.025944396036297633
v -0.151 0.22035115322722484 0.025944396036297633
v -0.151 0.21490496527756608 0.025176908909913042
v -0.14711091264523565 0.2165001167178689 0.0254017006736903
v -0.14550000002980232 0.22035115322722484 0.025944396036297633
v -0.14711091264523565 0.2242021897365808 0.026487091398904965
v -0.151 0.2257973411768836 0.026711883162682228
v -0.15488908735476434 0.2242021897365808 0.026487091398904965
v -0.15649999997019767 0.22035115322722484 0.025944396036297633
v -0.15488908735476434 0.2165001167178689 0.0254017006736903
v -0.151 0.21490496527756608 0.025176908909913042
v -0.151 0.22090932571231356 0.02198353186331614
v -0.151 0.22090932571231356 0.02198353186331614
v -0.151 0.22090932571231356 0.02198353186331614
v -0.151 0.22090932571231356 0.02198353186331614
v -0.151 0.22090932571231356 0.02198353186331614
v -0.151 0.22090932571231356 0.02198353186331614
v -0.151 0.22090932571231356 0.02198353186331614
v -0.151 0.22090932571231356 0.02198353186331614
v -0.151 0.2154631377626548 0.021216044736931547
v -0.14711091264523565 0.2170582892029576 0.02144083650070881
v -0.14550000002980232 0.22090932571231356 0.02198353186331614
v -0.14711091264523565 0.2247603622216695 0.022526227225923474
v -0.151 0.22635551366197232 0.022751018989700732
v -0.15488908735476434 0.2247603622216695 0.022526227225923474
v -0.15649999997019767 0.22090932571231356 0.02198353186331614
v -0.15488908735476434 0.2170582892029576 0.02144083650070881
v -0.151 0.2154631377626548 0.021216044736931547
vt 0 1
vt 0.125 1
vt 0.25 1
vt 0.375 1
vt 0.5 1
vt 0.625 1
vt 0.75 1
vt 0.875 1
vt 1 1
vt 0 0
vt 0.125 0
vt 0.25 0
vt 0.375 0
vt 0.5 0
vt 0.625 0
vt 0.75 0
vt 0.875 0
vt 1 0
vt 0.5 0.5
vt 0.5 0.5
vt 0.5 0.5
vt 0.5 0.5
vt 0.5 0.5
vt 0.5 0.5
vt 0.5 0.5
vt 0.5 0.5
vt 1 0.5
vt 0.8535534143447876 0.8535534143447876
vt 0.5 1
vt 0.1464466154575348 0.8535534143447876
vt 0 0.5
vt 0.1464466154575348 0.1464466154575348
vt 0.5 0
vt 0.8535534143447876 0.1464466154575348
vt 1 0.5
vt 0.5 0.5
vt 0.5 0.5
vt 0.5 0.5
vt 0.5 0.5
vt 0.5 0.5
vt 0.5 0.5
vt 0.5 0.5
vt 0.5 0.5
vt 1 0.5
vt 0.8535534143447876 0.1464466154575348
vt 0.5 0
vt 0.1464466154575348 0.1464466154575348
vt 0 0.5
vt 0.1464466154575348 0.8535534143447876
vt 0.5 1
vt 0.8535534143447876 0.8535534143447876
vt 1 0.5
vn 0 -0.9902159962126372 -0.13954311464423674
vn 0.7071067811865476 -0.7001884457613483 -0.09867188263283161
vn 1 -6.063324515706462e-17 -8.544551807449788e-18
vn 0.7071067811865476 0.7001884457613483 0.09867188263283161
vn 1.224646852585168e-16 0.9902159962126372 0.13954311464423674
vn -0.7071067811865476 0.7001884457613483 0.09867188263283161
vn -1 1.8189972236579428e-16 2.5633653575511615e-17
vn -0.7071067811865476 -0.7001884457613483 -0.09867188263283161
vn -2.449293705170336e-16 -0.9902159962126372 -0.13954311464423674
vn 0 -0.9902159962126372 -0.13954311464423674
vn 0.7071067811865476 -0.7001884457613483 -0.09867188263283161
vn 1 -6.063324515706462e-17 -8.544551807449788e-18
vn 0.7071067811865476 0.7001884457613483 0.09867188263283161
vn 1.224646852585168e-16 0.9902159962126372 0.13954311464423674
vn -0.7071067811865476 0.7001884457613483 0.09867188263283161
vn -1 1.8189972236579428e-16 2.5633653575511615e-17
vn -0.7071067811865476 -0.7001884457613483 -0.09867188263283161
vn -2.449293705170336e-16 -0.9902159962126372 -0.13954311464423674
vn 0 -0.13954311464423674 0.9902159962126372
vn 0 -0.13954311464423674 0.9902159962126372
vn 0 -0.13954311464423674 0.9902159962126372
vn 0 -0.13954311464423674 0.9902159962126372
vn 0 -0.13954311464423674 0.9902159962126372
vn 0 -0.13954311464423674 0.9902159962126372
vn 0 -0.13954311464423674 0.9902159962126372
vn 0 -0.13954311464423674 0.9902159962126372
vn 0 -0.13954311464423674 0.9902159962126372
vn 0 -0.13954311464423674 0.9902159962126372
vn 0 -0.13954311464423674 0.9902159962126372
vn 0 -0.13954311464423674 0.9902159962126372
vn 0 -0.13954311464423674 0.9902159962126372
vn 0 -0.13954311464423674 0.9902159962126372
vn 0 -0.13954311464423674 0.9902159962126372
vn 0 -0.13954311464423674 0.9902159962126372
vn 0 -0.13954311464423674 0.9902159962126372
vn 0 0.13954311464423674 -0.9902159962126372
vn 0 0.13954311464423674 -0.9902159962126372
vn 0 0.13954311464423674 -0.9902159962126372
vn 0 0.13954311464423674 -0.9902159962126372
vn 0 0.13954311464423674 -0.9902159962126372
vn 0 0.13954311464423674 -0.9902159962126372
vn 0 0.13954311464423674 -0.9902159962126372
vn 0 0.13954311464423674 -0.9902159962126372
vn 0 0.13954311464423674 -0.9902159962126372
vn 0 0.13954311464423674 -0.9902159962126372
vn 0 0.13954311464423674 -0.9902159962126372
vn 0 0.13954311464423674 -0.9902159962126372
vn 0 0.13954311464423674 -0.9902159962126372
vn 0 0.13954311464423674 -0.9902159962126372
vn 0 0.13954311464423674 -0.9902159962126372
vn 0 0.13954311464423674 -0.9902159962126372
vn 0 0.13954311464423674 -0.9902159962126372
f 749/749/749 758/758/758 750/750/750
f 758/758/758 759/759/759 750/750/750
f 750/750/750 759/759/759 751/751/751
f 759/759/759 760/760/760 751/751/751
f 751/751/751 760/760/760 752/752/752
f 760/760/760 761/761/761 752/752/752
f 752/752/752 761/761/761 753/753/753
f 761/761/761 762/762/762 753/753/753
f 753/753/753 762/762/762 754/754/754
f 762/762/762 763/763/763 754/754/754
f 754/754/754 763/763/763 755/755/755
f 763/763/763 764/764/764 755/755/755
f 755/755/755 764/764/764 756/756/756
f 764/764/764 765/765/765 756/756/756
f 756/756/756 765/765/765 757/757/757
f 765/765/765 766/766/766 757/757/757
f 775/775/775 776/776/776 767/767/767
f 776/776/776 777/777/777 768/768/768
f 777/777/777 778/778/778 769/769/769
f 778/778/778 779/779/779 770/770/770
f 779/779/779 780/780/780 771/771/771
f 780/780/780 781/781/781 772/772/772
f 781/781/781 782/782/782 773/773/773
f 782/782/782 783/783/783 774/774/774
f 793/793/793 792/792/792 784/784/784
f 794/794/794 793/793/793 785/785/785
f 795/795/795 794/794/794 786/786/786
f 796/796/796 795/795/795 787/787/787
f 797/797/797 796/796/796 788/788/788
f 798/798/798 797/797/797 789/789/789
f 799/799/799 798/798/798 790/790/790
f 800/800/800 799/799/799 791/791/791
o brake_stud_0_3
usemtl rubber_pad
v -0.151 0.23290496527756607 0.025176908909913042
v -0.14711091264523565 0.23450011671786888 0.0254017006736903
v -0.14550000002980232 0.23835115322722483 0.025944396036297633
v -0.14711091264523565 0.24220218973658078 0.026487091398904965
v -0.151 0.2437973411768836 0.026711883162682228
v -0.15488908735476434 0.24220218973658078 0.026487091398904965
v -0.15649999997019767 0.23835115322722483 0.025944396036297633
v -0.15488908735476434 0.23450011671786888 0.0254017006736903
v -0.151 0.23290496527756607 0.025176908909913042
v -0.151 0.2334631377626548 0.021216044736931547
v -0.14711091264523565 0.2350582892029576 0.02144083650070881
v -0.14550000002980232 0.23890932571231355 0.02198353186331614
v -0.14711091264523565 0.2427603622216695 0.022526227225923474
v -0.151 0.2443555136619723 0.022751018989700732
v -0.15488908735476434 0.2427603622216695 0.022526227225923474
v -0.15649999997019767 0.23890932571231355 0.02198353186331614
v -0.15488908735476434 0.2350582892029576 0.02144083650070881
v -0.151 0.2334631377626548 0.021216044736931547
v -0.151 0.23835115322722483 0.025944396036297633
v -0.151 0.23835115322722483 0.025944396036297633
v -0.151 0.23835115322722483 0.025944396036297633
v -0.151 0.23835115322722483 0.025944396036297633
v -0.151 0.23835115322722483 0.025944396036297633
v -0.151 0.23835115322722483 0.025944396036297633
v -0.151 0.23835115322722483 0.025944396036297633
v -0.151 0.23835115322722483 0.025944396036297633
v -0.151 0.23290496527756607 0.025176908909913042
v -0.14711091264523565 0.23450011671786888 0.0254017006736903
v -0.14550000002980232 0.23835115322722483 0.025944396036297633
v -0.14711091264523565 0.24220218973658078 0.026487091398904965
v -0.151 0.2437973411768836 0.026711883162682228
v -0.15488908735476434 0.24220218973658078 0.026487091398904965
v -0.15649999997019767 0.23835115322722483 0.025944396036297633
v -0.15488908735476434 0.23450011671786888 0.0254017006736903
v -0.151 0.23290496527756607 0.025176908909913042
v -0.151 0.23890932571231355 0.02198353186331614
v -0.151 0.23890932571231355 0.02198353186331614
v -0.151 0.23890932571231355 0.02198353186331614
v -0.151 0.23890932571231355 0.02198353186331614
v -0.151 0.23890932571231355 0.02198353186331614
v -0.151 0.23890932571231355 0.02198353186331614
v -0.151 0.23890932571231355 0.02198353186331614
v -0.151 0.23890932571231355 0.02198353186331614
v -0.151 0.2334631377626548 0.021216044736931547
v -0.14711091264523565 0.2350582892029576 0.02144083650070881
v -0.14550000002980232 0.23890932571231355 0.02198353186331614
v -0.14711091264523565 0.2427603622216695 0.022526227225923474
v -0.151 0.2443555136619723 0.022751018989700732
v -0.15488908735476434 0.2427603622216695 0.022526227225923474
v -0.15649999997019767 0.23890932571231355 0.02198353186331614
v -0.15488908735476434 0.2350582892029576 0.02144083650070881
v -0.151 0.2334631377626548 0.021216044736931547
vt 0 1
vt 0.125 1
vt 0.25 1
vt 0.375 1
vt 0.5 1
vt 0.625 1
vt 0.75 1
vt 0.875 1
vt 1 1
vt 0 0
vt 0.125 0
vt 0.25 0
vt 0.375 0
vt 0.5 0
vt 0.625 0
vt 0.75 0
vt 0.875 0
vt 1 0
vt 0.5 0.5
vt 0.5 0.5
vt 0.5 0.5
vt 0.5 0.5
vt 0.5 0.5
vt 0.5 0.5
vt 0.5 0.5
vt 0.5 0.5
vt 1 0.5
vt 0.8535534143447876 0.8535534143447876
vt 0.5 1
vt 0.1464466154575348 0.8535534143447876
vt 0 0.5
vt 0.1464466154575348 0.1464466154575348
vt 0.5 0
vt 0.8535534143447876 0.1464466154575348
vt 1 0.5
vt 0.5 0.5
vt 0.5 0.5
vt 0.5 0.5
vt 0.5 0.5
vt 0.5 0.5
vt 0.5 0.5
vt 0.5 0.5
vt 0.5 0.5
vt 1 0.5
vt 0.8535534143447876 0.1464466154575348
vt 0.5 0
vt 0.1464466154575348 0.1464466154575348
vt 0 0.5
vt 0.1464466154575348 0.8535534143447876
vt 0.5 1
vt 0.8535534143447876 0.8535534143447876
vt 1 0.5
vn 0 -0.9902159962126372 -0.13954311464423674
vn 0.7071067811865476 -0.7001884457613483 -0.09867188263283161
vn 1 -6.063324515706462e-17 -8.544551807449788e-18
vn 0.7071067811865476 0.7001884457613483 0.09867188263283161
vn 1.224646852585168e-16 0.9902159962126372 0.13954311464423674
vn -0.7071067811865476 0.7001884457613483 0.09867188263283161
vn -1 1.8189972236579428e-16 2.5633653575511615e-17
vn -0.7071067811865476 -0.7001884457613483 -0.09867188263283161
vn -2.449293705170336e-16 -0.9902159962126372 -0.13954311464423674
vn 0 -0.9902159962126372 -0.13954311464423674
vn 0.7071067811865476 -0.7001884457613483 -0.09867188263283161
vn 1 -6.063324515706462e-17 -8.544551807449788e-18
vn 0.7071067811865476 0.7001884457613483 0.09867188263283161
vn 1.224646852585168e-16 0.9902159962126372 0.13954311464423674
vn -0.7071067811865476 0.7001884457613483 0.09867188263283161
vn -1 1.8189972236579428e-16 2.5633653575511615e-17
vn -0.7071067811865476 -0.7001884457613483 -0.09867188263283161
vn -2.449293705170336e-16 -0.9902159962126372 -0.13954311464423674
vn 0 -0.13954311464423674 0.9902159962126372
vn 0 -0.13954311464423674 0.9902159962126372
vn 0 -0.13954311464423674 0.9902159962126372
vn 0 -0.13954311464423674 0.9902159962126372
vn 0 -0.13954311464423674 0.9902159962126372
vn 0 -0.13954311464423674 0.9902159962126372
vn 0 -0.13954311464423674 0.9902159962126372
vn 0 -0.13954311464423674 0.9902159962126372
vn 0 -0.13954311464423674 0.9902159962126372
vn 0 -0.13954311464423674 0.9902159962126372
vn 0 -0.13954311464423674 0.9902159962126372
vn 0 -0.13954311464423674 0.9902159962126372
vn 0 -0.13954311464423674 0.9902159962126372
vn 0 -0.13954311464423674 0.9902159962126372
vn 0 -0.13954311464423674 0.9902159962126372
vn 0 -0.13954311464423674 0.9902159962126372
vn 0 -0.13954311464423674 0.9902159962126372
vn 0 0.13954311464423674 -0.9902159962126372
vn 0 0.13954311464423674 -0.9902159962126372
vn 0 0.13954311464423674 -0.9902159962126372
vn 0 0.13954311464423674 -0.9902159962126372
vn 0 0.13954311464423674 -0.9902159962126372
vn 0 0.13954311464423674 -0.9902159962126372
vn 0 0.13954311464423674 -0.9902159962126372
vn 0 0.13954311464423674 -0.9902159962126372
vn 0 0.13954311464423674 -0.9902159962126372
vn 0 0.13954311464423674 -0.9902159962126372
vn 0 0.13954311464423674 -0.9902159962126372
vn 0 0.13954311464423674 -0.9902159962126372
vn 0 0.13954311464423674 -0.9902159962126372
vn 0 0.13954311464423674 -0.9902159962126372
vn 0 0.13954311464423674 -0.9902159962126372
vn 0 0.13954311464423674 -0.9902159962126372
vn 0 0.13954311464423674 -0.9902159962126372
f 801/801/801 810/810/810 802/802/802
f 810/810/810 811/811/811 802/802/802
f 802/802/802 811/811/811 803/803/803
f 811/811/811 812/812/812 803/803/803
f 803/803/803 812/812/812 804/804/804
f 812/812/812 813/813/813 804/804/804
f 804/804/804 813/813/813 805/805/805
f 813/813/813 814/814/814 805/805/805
f 805/805/805 814/814/814 806/806/806
f 814/814/814 815/815/815 806/806/806
f 806/806/806 815/815/815 807/807/807
f 815/815/815 816/816/816 807/807/807
f 807/807/807 816/816/816 808/808/808
f 816/816/816 817/817/817 808/808/808
f 808/808/808 817/817/817 809/809/809
f 817/817/817 818/818/818 809/809/809
f 827/827/827 828/828/828 819/819/819
f 828/828/828 829/829/829 820/820/820
f 829/829/829 830/830/830 821/821/821
f 830/830/830 831/831/831 822/822/822
f 831/831/831 832/832/832 823/823/823
f 832/832/832 833/833/833 824/824/824
f 833/833/833 834/834/834 825/825/825
f 834/834/834 835/835/835 826/826/826
f 845/845/845 844/844/844 836/836/836
f 846/846/846 845/845/845 837/837/837
f 847/847/847 846/846/846 838/838/838
f 848/848/848 847/847/847 839/839/839
f 849/849/849 848/848/848 840/840/840
f 850/850/850 849/849/849 841/841/841
f 851/851/851 850/850/850 842/842/842
f 852/852/852 851/851/851 843/843/843
o brake_stud_0_4
usemtl rubber_pad
v -0.151 0.25090496527756606 0.025176908909913042
v -0.14711091264523565 0.2525001167178689 0.0254017006736903
v -0.14550000002980232 0.25635115322722485 0.025944396036297633
v -0.14711091264523565 0.26020218973658077 0.026487091398904965
v -0.151 0.26179734117688364 0.026711883162682228
v -0.15488908735476434 0.26020218973658077 0.026487091398904965
v -0.15649999997019767 0.25635115322722485 0.025944396036297633
v -0.15488908735476434 0.2525001167178689 0.0254017006736903
v -0.151 0.25090496527756606 0.025176908909913042
v -0.151 0.2514631377626548 0.021216044736931547
v -0.14711091264523565 0.25305828920295764 0.02144083650070881
v -0.14550000002980232 0.25690932571231356 0.02198353186331614
v -0.14711091264523565 0.2607603622216695 0.022526227225923474
v -0.151 0.26235551366197235 0.022751018989700732
v -0.15488908735476434 0.2607603622216695 0.022526227225923474
v -0.15649999997019767 0.25690932571231356 0.02198353186331614
v -0.15488908735476434 0.25305828920295764 0.02144083650070881
v -0.151 0.2514631377626548 0.021216044736931547
v -0.151 0.25635115322722485 0.025944396036297633
v -0.151 0.25635115322722485 0.025944396036297633
v -0.151 0.25635115322722485 0.025944396036297633
v -0.151 0.25635115322722485 0.025944396036297633
v -0.151 0.25635115322722485 0.025944396036297633
v -0.151 0.25635115322722485 0.025944396036297633
v -0.151 0.25635115322722485 0.025944396036297633
v -0.151 0.25635115322722485 0.025944396036297633
v -0.151 0.25090496527756606 0.025176908909913042
v -0.14711091264523565 0.2525001167178689 0.0254017006736903
v -0.14550000002980232 0.25635115322722485 0.025944396036297633
v -0.14711091264523565 0.26020218973658077 0.026487091398904965
v -0.151 0.26179734117688364 0.026711883162682228
v -0.15488908735476434 0.26020218973658077 0.026487091398904965
v -0.15649999997019767 0.25635115322722485 0.025944396036297633
v -0.15488908735476434 0.2525001167178689 0.0254017006736903
v -0.151 0.25090496527756606 0.025176908909913042
v -0.151 0.25690932571231356 0.02198353186331614
v -0.151 0.25690932571231356 0.02198353186331614
v -0.151 0.25690932571231356 0.02198353186331614
v -0.151 0.25690932571231356 0.02198353186331614
v -0.151 0.25690932571231356 0.02198353186331614
v -0.151 0.25690932571231356 0.02198353186331614
v -0.151 0.25690932571231356 0.02198353186331614
v -0.151 0.25690932571231356 0.02198353186331614
v -0.151 0.2514631377626548 0.021216044736931547
v -0.14711091264523565 0.25305828920295764 0.02144083650070881
v -0.14550000002980232 0.25690932571231356 0.02198353186331614
v -0.14711091264523565 0.2607603622216695 0.022526227225923474
v -0.151 0.26235551366197235 0.022751018989700732
v -0.15488908735476434 0.2607603622216695 0.022526227225923474
v -0.15649999997019767 0.25690932571231356 0.02198353186331614
v -0.15488908735476434 0.25305828920295764 0.02144083650070881
v -0.151 0.2514631377626548 0.021216044736931547
vt 0 1
vt 0.125 1
vt 0.25 1
vt 0.375 1
vt 0.5 1
vt 0.625 1
vt 0.75 1
vt 0.875 1
vt 1 1
vt 0 0
vt 0.125 0
vt 0.25 0
vt 0.375 0
vt 0.5 0
vt 0.625 0
vt 0.75 0
vt 0.875 0
vt 1 0
vt 0.5 0.5
vt 0.5 0.5
vt 0.5 0.5
vt 0.5 0.5
vt 0.5 0.5
vt 0.5 0.5
vt 0.5 0.5
vt 0.5 0.5
vt 1 0.5
vt 0.8535534143447876 0.8535534143447876
vt 0.5 1
vt 0.1464466154575348 0.8535534143447876
vt 0 0.5
vt 0.1464466154575348 0.1464466154575348
vt 0.5 0
vt 0.8535534143447876 0.1464466154575348
vt 1 0.5
vt 0.5 0.5
vt 0.5 0.5
vt 0.5 0.5
vt 0.5 0.5
vt 0.5 0.5
vt 0.5 0.5
vt 0.5 0.5
vt 0.5 0.5
vt 1 0.5
vt 0.8535534143447876 0.1464466154575348
vt 0.5 0
vt 0.1464466154575348 0.1464466154575348
vt 0 0.5
vt 0.1464466154575348 0.8535534143447876
vt 0.5 1
vt 0.8535534143447876 0.8535534143447876
vt 1 0.5
vn 0 -0.9902159962126372 -0.13954311464423674
vn 0.7071067811865476 -0.7001884457613483 -0.09867188263283161
vn 1 -6.063324515706462e-17 -8.544551807449788e-18
vn 0.7071067811865476 0.7001884457613483 0.09867188263283161
vn 1.224646852585168e-16 0.9902159962126372 0.13954311464423674
vn -0.7071067811865476 0.7001884457613483 0.09867188263283161
vn -1 1.8189972236579428e-16 2.5633653575511615e-17
vn -0.7071067811865476 -0.7001884457613483 -0.09867188263283161
vn -2.449293705170336e-16 -0.9902159962126372 -0.13954311464423674
vn 0 -0.9902159962126372 -0.13954311464423674
vn 0.7071067811865476 -0.7001884457613483 -0.09867188263283161
vn 1 -6.063324515706462e-17 -8.544551807449788e-18
vn 0.7071067811865476 0.7001884457613483 0.09867188263283161
vn 1.224646852585168e-16 0.9902159962126372 0.13954311464423674
vn -0.7071067811865476 0.7001884457613483 0.09867188263283161
vn -1 1.8189972236579428e-16 2.5633653575511615e-17
vn -0.7071067811865476 -0.7001884457613483 -0.09867188263283161
vn -2.449293705170336e-16 -0.9902159962126372 -0.13954311464423674
vn 0 -0.13954311464423674 0.9902159962126372
vn 0 -0.13954311464423674 0.9902159962126372
vn 0 -0.13954311464423674 0.9902159962126372
vn 0 -0.13954311464423674 0.9902159962126372
vn 0 -0.13954311464423674 0.9902159962126372
vn 0 -0.13954311464423674 0.9902159962126372
vn 0 -0.13954311464423674 0.9902159962126372
vn 0 -0.13954311464423674 0.9902159962126372
vn 0 -0.13954311464423674 0.9902159962126372
vn 0 -0.13954311464423674 0.9902159962126372
vn 0 -0.13954311464423674 0.9902159962126372
vn 0 -0.13954311464423674 0.9902159962126372
vn 0 -0.13954311464423674 0.9902159962126372
vn 0 -0.13954311464423674 0.9902159962126372
vn 0 -0.13954311464423674 0.9902159962126372
vn 0 -0.13954311464423674 0.9902159962126372
vn 0 -0.13954311464423674 0.9902159962126372
vn 0 0.13954311464423674 -0.9902159962126372
vn 0 0.13954311464423674 -0.9902159962126372
vn 0 0.13954311464423674 -0.9902159962126372
vn 0 0.13954311464423674 -0.9902159962126372
vn 0 0.13954311464423674 -0.9902159962126372
vn 0 0.13954311464423674 -0.9902159962126372
vn 0 0.13954311464423674 -0.9902159962126372
vn 0 0.13954311464423674 -0.9902159962126372
vn 0 0.13954311464423674 -0.9902159962126372
vn 0 0.13954311464423674 -0.9902159962126372
vn 0 0.13954311464423674 -0.9902159962126372
vn 0 0.13954311464423674 -0.9902159962126372
vn 0 0.13954311464423674 -0.9902159962126372
vn 0 0.13954311464423674 -0.9902159962126372
vn 0 0.13954311464423674 -0.9902159962126372
vn 0 0.13954311464423674 -0.9902159962126372
vn 0 0.13954311464423674 -0.9902159962126372
f 853/853/853 862/862/862 854/854/854
f 862/862/862 863/863/863 854/854/854
f 854/854/854 863/863/863 855/855/855
f 863/863/863 864/864/864 855/855/855
f 855/855/855 864/864/864 856/856/856
f 864/864/864 865/865/865 856/856/856
f 856/856/856 865/865/865 857/857/857
f 865/865/865 866/866/866 857/857/857
f 857/857/857 866/866/866 858/858/858
f 866/866/866 867/867/867 858/858/858
f 858/858/858 867/867/867 859/859/859
f 867/867/867 868/868/868 859/859/859
f 859/859/859 868/868/868 860/860/860
f 868/868/868 869/869/869 860/860/860
f 860/860/860 869/869/869 861/861/861
f 869/869/869 870/870/870 861/861/861
f 879/879/879 880/880/880 871/871/871
f 880/880/880 881/881/881 872/872/872
f 881/881/881 882/882/882 873/873/873
f 882/882/882 883/883/883 874/874/874
f 883/883/883 884/884/884 875/875/875
f 884/884/884 885/885/885 876/876/876
f 885/885/885 886/886/886 877/877/877
f 886/886/886 887/887/887 878/878/878
f 897/897/897 896/896/896 888/888/888
f 898/898/898 897/897/897 889/889/889
f 899/899/899 898/898/898 890/890/890
f 900/900/900 899/899/899 891/891/891
f 901/901/901 900/900/900 892/892/892
f 902/902/902 901/901/901 893/893/893
f 903/903/903 902/902/902 894/894/894
f 904/904/904 903/903/903 895/895/895
o brake_stud_0_5
usemtl rubber_pad
v -0.151 0.268904965277566 0.025176908909913042
v -0.14711091264523565 0.2705001167178689 0.0254017006736903
v -0.14550000002980232 0.2743511532272248 0.025944396036297633
v -0.14711091264523565 0.27820218973658073 0.026487091398904965
v -0.151 0.2797973411768836 0.026711883162682228
v -0.15488908735476434 0.27820218973658073 0.026487091398904965
v -0.15649999997019767 0.2743511532272248 0.025944396036297633
v -0.15488908735476434 0.2705001167178689 0.0254017006736903
v -0.151 0.268904965277566 0.025176908909913042
v -0.151 0.26946313776265474 0.021216044736931547
v -0.14711091264523565 0.2710582892029576 0.02144083650070881
v -0.14550000002980232 0.2749093257123135 0.02198353186331614
v -0.14711091264523565 0.27876036222166944 0.022526227225923474
v -0.151 0.2803555136619723 0.022751018989700732
v -0.15488908735476434 0.27876036222166944 0.022526227225923474
v -0.15649999997019767 0.2749093257123135 0.02198353186331614
v -0.15488908735476434 0.2710582892029576 0.02144083650070881
v -0.151 0.26946313776265474 0.021216044736931547
v -0.151 0.2743511532272248 0.025944396036297633
v -0.151 0.2743511532272248 0.025944396036297633
v -0.151 0.2743511532272248 0.025944396036297633
v -0.151 0.2743511532272248 0.025944396036297633
v -0.151 0.2743511532272248 0.025944396036297633
v -0.151 0.2743511532272248 0.025944396036297633
v -0.151 0.2743511532272248 0.025944396036297633
v -0.151 0.2743511532272248 0.025944396036297633
v -0.151 0.268904965277566 0.025176908909913042
v -0.14711091264523565 0.2705001167178689 0.0254017006736903
v -0.14550000002980232 0.2743511532272248 0.025944396036297633
v -0.14711091264523565 0.27820218973658073 0.026487091398904965
v -0.151 0.2797973411768836 0.026711883162682228
v -0.15488908735476434 0.27820218973658073 0.026487091398904965
v -0.15649999997019767 0.2743511532272248 0.025944396036297633
v -0.15488908735476434 0.2705001167178689 0.0254017006736903
v -0.151 0.268904965277566 0.025176908909913042
v -0.151 0.2749093257123135 0.02198353186331614
v -0.151 0.2749093257123135 0.02198353186331614
v -0.151 0.2749093257123135 0.02198353186331614
v -0.151 0.2749093257123135 0.02198353186331614
v -0.151 0.2749093257123135 0.02198353186331614
v -0.151 0.2749093257123135 0.02198353186331614
v -0.151 0.2749093257123135 0.02198353186331614
v -0.151 0.2749093257123135 0.02198353186331614
v -0.151 0.26946313776265474 0.021216044736931547
v -0.14711091264523565 0.2710582892029576 0.02144083650070881
v -0.14550000002980232 0.2749093257123135 0.02198353186331614
v -0.14711091264523565 0.27876036222166944 0.022526227225923474
v -0.151 0.2803555136619723 0.022751018989700732
v -0.15488908735476434 0.27876036222166944 0.022526227225923474
v -0.15649999997019767 0.2749093257123135 0.02198353186331614
v -0.15488908735476434 0.2710582892029576 0.02144083650070881
v -0.151 0.26946313776265474 0.021216044736931547
vt 0 1
vt 0.125 1
vt 0.25 1
vt 0.375 1
vt 0.5 1
vt 0.625 1
vt 0.75 1
vt 0.875 1
vt 1 1
vt 0 0
vt 0.125 0
vt 0.25 0
vt 0.375 0
vt 0.5 0
vt 0.625 0
vt 0.75 0
vt 0.875 0
vt 1 0
vt 0.5 0.5
vt 0.5 0.5
vt 0.5 0.5
vt 0.5 0.5
vt 0.5 0.5
vt 0.5 0.5
vt 0.5 0.5
vt 0.5 0.5
vt 1 0.5
vt 0.8535534143447876 0.8535534143447876
vt 0.5 1
vt 0.1464466154575348 0.8535534143447876
vt 0 0.5
vt 0.1464466154575348 0.1464466154575348
vt 0.5 0
vt 0.8535534143447876 0.1464466154575348
vt 1 0.5
vt 0.5 0.5
vt 0.5 0.5
vt 0.5 0.5
vt 0.5 0.5
vt 0.5 0.5
vt 0.5 0.5
vt 0.5 0.5
vt 0.5 0.5
vt 1 0.5
vt 0.8535534143447876 0.1464466154575348
vt 0.5 0
vt 0.1464466154575348 0.1464466154575348
vt 0 0.5
vt 0.1464466154575348 0.8535534143447876
vt 0.5 1
vt 0.8535534143447876 0.8535534143447876
vt 1 0.5
vn 0 -0.9902159962126372 -0.13954311464423674
vn 0.7071067811865476 -0.7001884457613483 -0.09867188263283161
vn 1 -6.063324515706462e-17 -8.544551807449788e-18
vn 0.7071067811865476 0.7001884457613483 0.09867188263283161
vn 1.224646852585168e-16 0.9902159962126372 0.13954311464423674
vn -0.7071067811865476 0.7001884457613483 0.09867188263283161
vn -1 1.8189972236579428e-16 2.5633653575511615e-17
vn -0.7071067811865476 -0.7001884457613483 -0.09867188263283161
vn -2.449293705170336e-16 -0.9902159962126372 -0.13954311464423674
vn 0 -0.9902159962126372 -0.13954311464423674
vn 0.7071067811865476 -0.7001884457613483 -0.09867188263283161
vn 1 -6.063324515706462e-17 -8.544551807449788e-18
vn 0.7071067811865476 0.7001884457613483 0.09867188263283161
vn 1.224646852585168e-16 0.9902159962126372 0.13954311464423674
vn -0.7071067811865476 0.7001884457613483 0.09867188263283161
vn -1 1.8189972236579428e-16 2.5633653575511615e-17
vn -0.7071067811865476 -0.7001884457613483 -0.09867188263283161
vn -2.449293705170336e-16 -0.9902159962126372 -0.13954311464423674
vn 0 -0.13954311464423674 0.9902159962126372
vn 0 -0.13954311464423674 0.9902159962126372
vn 0 -0.13954311464423674 0.9902159962126372
vn 0 -0.13954311464423674 0.9902159962126372
vn 0 -0.13954311464423674 0.9902159962126372
vn 0 -0.13954311464423674 0.9902159962126372
vn 0 -0.13954311464423674 0.9902159962126372
vn 0 -0.13954311464423674 0.9902159962126372
vn 0 -0.13954311464423674 0.9902159962126372
vn 0 -0.13954311464423674 0.9902159962126372
vn 0 -0.13954311464423674 0.9902159962126372
vn 0 -0.13954311464423674 0.9902159962126372
vn 0 -0.13954311464423674 0.9902159962126372
vn 0 -0.13954311464423674 0.9902159962126372
vn 0 -0.13954311464423674 0.9902159962126372
vn 0 -0.13954311464423674 0.9902159962126372
vn 0 -0.13954311464423674 0.9902159962126372
vn 0 0.13954311464423674 -0.9902159962126372
vn 0 0.13954311464423674 -0.9902159962126372
vn 0 0.13954311464423674 -0.9902159962126372
vn 0 0.13954311464423674 -0.9902159962126372
vn 0 0.13954311464423674 -0.9902159962126372
vn 0 0.13954311464423674 -0.9902159962126372
vn 0 0.13954311464423674 -0.9902159962126372
vn 0 0.13954311464423674 -0.9902159962126372
vn 0 0.13954311464423674 -0.9902159962126372
vn 0 0.13954311464423674 -0.9902159962126372
vn 0 0.13954311464423674 -0.9902159962126372
vn 0 0.13954311464423674 -0.9902159962126372
vn 0 0.13954311464423674 -0.9902159962126372
vn 0 0.13954311464423674 -0.9902159962126372
vn 0 0.13954311464423674 -0.9902159962126372
vn 0 0.13954311464423674 -0.9902159962126372
vn 0 0.13954311464423674 -0.9902159962126372
f 905/905/905 914/914/914 906/906/906
f 914/914/914 915/915/915 906/906/906
f 906/906/906 915/915/915 907/907/907
f 915/915/915 916/916/916 907/907/907
f 907/907/907 916/916/916 908/908/908
f 916/916/916 917/917/917 908/908/908
f 908/908/908 917/917/917 909/909/909
f 917/917/917 918/918/918 909/909/909
f 909/909/909 918/918/918 910/910/910
f 918/918/918 919/919/919 910/910/910
f 910/910/910 919/919/919 911/911/911
f 919/919/919 920/920/920 911/911/911
f 911/911/911 920/920/920 912/912/912
f 920/920/920 921/921/921 912/912/912
f 912/912/912 921/921/921 913/913/913
f 921/921/921 922/922/922 913/913/913
f 931/931/931 932/932/932 923/923/923
f 932/932/932 933/933/933 924/924/924
f 933/933/933 934/934/934 925/925/925
f 934/934/934 935/935/935 926/926/926
f 935/935/935 936/936/936 927/927/927
f 936/936/936 937/937/937 928/928/928
f 937/937/937 938/938/938 929/929/929
f 938/938/938 939/939/939 930/930/930
f 949/949/949 948/948/948 940/940/940
f 950/950/950 949/949/949 941/941/941
f 951/951/951 950/950/950 942/942/942
f 952/952/952 951/951/951 943/943/943
f 953/953/953 952/952/952 944/944/944
f 954/954/954 953/953/953 945/945/945
f 955/955/955 954/954/954 946/946/946
f 956/956/956 955/955/955 947/947/947
o brake_stud_0_6
usemtl rubber_pad
v -0.151 0.28690496527756604 0.025176908909913042
v -0.14711091264523565 0.2885001167178689 0.0254017006736903
v -0.14550000002980232 0.2923511532272248 0.025944396036297633
v -0.14711091264523565 0.29620218973658075 0.026487091398904965
v -0.151 0.2977973411768836 0.026711883162682228
v -0.15488908735476434 0.29620218973658075 0.026487091398904965
v -0.15649999997019767 0.2923511532272248 0.025944396036297633
v -0.15488908735476434 0.2885001167178689 0.0254017006736903
v -0.151 0.28690496527756604 0.025176908909913042
v -0.151 0.28746313776265475 0.021216044736931547
v -0.14711091264523565 0.2890582892029576 0.02144083650070881
v -0.14550000002980232 0.29290932571231354 0.02198353186331614
v -0.14711091264523565 0.29676036222166946 0.022526227225923474
v -0.151 0.2983555136619723 0.022751018989700732
v -0.15488908735476434 0.29676036222166946 0.022526227225923474
v -0.15649999997019767 0.29290932571231354 0.02198353186331614
v -0.15488908735476434 0.2890582892029576 0.02144083650070881
v -0.151 0.28746313776265475 0.021216044736931547
v -0.151 0.2923511532272248 0.025944396036297633
v -0.151 0.2923511532272248 0.025944396036297633
v -0.151 0.2923511532272248 0.025944396036297633
v -0.151 0.2923511532272248 0.025944396036297633
v -0.151 0.2923511532272248 0.025944396036297633
v -0.151 0.2923511532272248 0.025944396036297633
v -0.151 0.2923511532272248 0.025944396036297633
v -0.151 0.2923511532272248 0.025944396036297633
v -0.151 0.28690496527756604 0.025176908909913042
v -0.14711091264523565 0.2885001167178689 0.0254017006736903
v -0.14550000002980232 0.2923511532272248 0.025944396036297633
v -0.14711091264523565 0.29620218973658075 0.026487091398904965
v -0.151 0.2977973411768836 0.026711883162682228
v -0.15488908735476434 0.29620218973658075 0.026487091398904965
v -0.15649999997019767 0.2923511532272248 0.025944396036297633
v -0.15488908735476434 0.2885001167178689 0.0254017006736903
v -0.151 0.28690496527756604 0.025176908909913042
v -0.151 0.29290932571231354 0.02198353186331614
v -0.151 0.29290932571231354 0.02198353186331614
v -0.151 0.29290932571231354 0.02198353186331614
v -0.151 0.29290932571231354 0.02198353186331614
v -0.151 0.29290932571231354 0.02198353186331614
v -0.151 0.29290932571231354 0.02198353186331614
v -0.151 0.29290932571231354 0.02198353186331614
v -0.151 0.29290932571231354 0.02198353186331614
v -0.151 0.28746313776265475 0.021216044736931547
v -0.14711091264523565 0.2890582892029576 0.02144083650070881
v -0.14550000002980232 0.29290932571231354 0.02198353186331614
v -0.14711091264523565 0.29676036222166946 0.022526227225923474
v -0.151 0.2983555136619723 0.022751018989700732
v -0.15488908735476434 0.29676036222166946 0.022526227225923474
v -0.15649999997019767 0.29290932571231354 0.02198353186331614
v -0.15488908735476434 0.2890582892029576 0.02144083650070881
v -0.151 0.28746313776265475 0.021216044736931547
vt 0 1
vt 0.125 1
vt 0.25 1
vt 0.375 1
vt 0.5 1
vt 0.625 1
vt 0.75 1
vt 0.875 1
vt 1 1
vt 0 0
vt 0.125 0
vt 0.25 0
vt 0.375 0
vt 0.5 0
vt 0.625 0
vt 0.75 0
vt 0.875 0
vt 1 0
vt 0.5 0.5
vt 0.5 0.5
vt 0.5 0.5
vt 0.5 0.5
vt 0.5 0.5
vt 0.5 0.5
vt 0.5 0.5
vt 0.5 0.5
vt 1 0.5
vt 0.8535534143447876 0.8535534143447876
vt 0.5 1
vt 0.1464466154575348 0.8535534143447876
vt 0 0.5
vt 0.1464466154575348 0.1464466154575348
vt 0.5 0
vt 0.8535534143447876 0.1464466154575348
vt 1 0.5
vt 0.5 0.5
vt 0.5 0.5
vt 0.5 0.5
vt 0.5 0.5
vt 0.5 0.5
vt 0.5 0.5
vt 0.5 0.5
vt 0.5 0.5
vt 1 0.5
vt 0.8535534143447876 0.1464466154575348
vt 0.5 0
vt 0.1464466154575348 0.1464466154575348
vt 0 0.5
vt 0.1464466154575348 0.8535534143447876
vt 0.5 1
vt 0.8535534143447876 0.8535534143447876
vt 1 0.5
vn 0 -0.9902159962126372 -0.13954311464423674
vn 0.7071067811865476 -0.7001884457613483 -0.09867188263283161
vn 1 -6.063324515706462e-17 -8.544551807449788e-18
vn 0.7071067811865476 0.7001884457613483 0.09867188263283161
vn 1.224646852585168e-16 0.9902159962126372 0.13954311464423674
vn -0.7071067811865476 0.7001884457613483 0.09867188263283161
vn -1 1.8189972236579428e-16 2.5633653575511615e-17
vn -0.7071067811865476 -0.7001884457613483 -0.09867188263283161
vn -2.449293705170336e-16 -0.9902159962126372 -0.13954311464423674
vn 0 -0.9902159962126372 -0.13954311464423674
vn 0.7071067811865476 -0.7001884457613483 -0.09867188263283161
vn 1 -6.063324515706462e-17 -8.544551807449788e-18
vn 0.7071067811865476 0.7001884457613483 0.09867188263283161
vn 1.224646852585168e-16 0.9902159962126372 0.13954311464423674
vn -0.7071067811865476 0.7001884457613483 0.09867188263283161
vn -1 1.8189972236579428e-16 2.5633653575511615e-17
vn -0.7071067811865476 -0.7001884457613483 -0.09867188263283161
vn -2.449293705170336e-16 -0.9902159962126372 -0.13954311464423674
vn 0 -0.13954311464423674 0.9902159962126372
vn 0 -0.13954311464423674 0.9902159962126372
vn 0 -0.13954311464423674 0.9902159962126372
vn 0 -0.13954311464423674 0.9902159962126372
vn 0 -0.13954311464423674 0.9902159962126372
vn 0 -0.13954311464423674 0.9902159962126372
vn 0 -0.13954311464423674 0.9902159962126372
vn 0 -0.13954311464423674 0.9902159962126372
vn 0 -0.13954311464423674 0.9902159962126372
vn 0 -0.13954311464423674 0.9902159962126372
vn 0 -0.13954311464423674 0.9902159962126372
vn 0 -0.13954311464423674 0.9902159962126372
vn 0 -0.13954311464423674 0.9902159962126372
vn 0 -0.13954311464423674 0.9902159962126372
vn 0 -0.13954311464423674 0.9902159962126372
vn 0 -0.13954311464423674 0.9902159962126372
vn 0 -0.13954311464423674 0.9902159962126372
vn 0 0.13954311464423674 -0.9902159962126372
vn 0 0.13954311464423674 -0.9902159962126372
vn 0 0.13954311464423674 -0.9902159962126372
vn 0 0.13954311464423674 -0.9902159962126372
vn 0 0.13954311464423674 -0.9902159962126372
vn 0 0.13954311464423674 -0.9902159962126372
vn 0 0.13954311464423674 -0.9902159962126372
vn 0 0.13954311464423674 -0.9902159962126372
vn 0 0.13954311464423674 -0.9902159962126372
vn 0 0.13954311464423674 -0.9902159962126372
vn 0 0.13954311464423674 -0.9902159962126372
vn 0 0.13954311464423674 -0.9902159962126372
vn 0 0.13954311464423674 -0.9902159962126372
vn 0 0.13954311464423674 -0.9902159962126372
vn 0 0.13954311464423674 -0.9902159962126372
vn 0 0.13954311464423674 -0.9902159962126372
vn 0 0.13954311464423674 -0.9902159962126372
f 957/957/957 966/966/966 958/958/958
f 966/966/966 967/967/967 958/958/958
f 958/958/958 967/967/967 959/959/959
f 967/967/967 968/968/968 959/959/959
f 959/959/959 968/968/968 960/960/960
f 968/968/968 969/969/969 960/960/960
f 960/960/960 969/969/969 961/961/961
f 969/969/969 970/970/970 961/961/961
f 961/961/961 970/970/970 962/962/962
f 970/970/970 971/971/971 962/962/962
f 962/962/962 971/971/971 963/963/963
f 971/971/971 972/972/972 963/963/963
f 963/963/963 972/972/972 964/964/964
f 972/972/972 973/973/973 964/964/964
f 964/964/964 973/973/973 965/965/965
f 973/973/973 974/974/974 965/965/965
f 983/983/983 984/984/984 975/975/975
f 984/984/984 985/985/985 976/976/976
f 985/985/985 986/986/986 977/977/977
f 986/986/986 987/987/987 978/978/978
f 987/987/987 988/988/988 979/979/979
f 988/988/988 989/989/989 980/980/980
f 989/989/989 990/990/990 981/981/981
f 990/990/990 991/991/991 982/982/982
f 1001/1001/1001 1000/1000/1000 992/992/992
f 1002/1002/1002 1001/1001/1001 993/993/993
f 1003/1003/1003 1002/1002/1002 994/994/994
f 1004/1004/1004 1003/1003/1003 995/995/995
f 1005/1005/1005 1004/1004/1004 996/996/996
f 1006/1006/1006 1005/1005/1005 997/997/997
f 1007/1007/1007 1006/1006/1006 998/998/998
f 1008/1008/1008 1007/1007/1007 999/999/999
o brake_stud_1_0
usemtl rubber_pad
v -0.133 0.17890496527756608 0.025176908909913042
v -0.12911091264523566 0.1805001167178689 0.0254017006736903
v -0.12750000002980233 0.18435115322722484 0.025944396036297633
v -0.12911091264523566 0.1882021897365808 0.026487091398904965
v -0.133 0.1897973411768836 0.026711883162682228
v -0.13688908735476435 0.1882021897365808 0.026487091398904965
v -0.13849999997019768 0.18435115322722484 0.025944396036297633
v -0.13688908735476435 0.1805001167178689 0.0254017006736903
v -0.133 0.17890496527756608 0.025176908909913042
v -0.133 0.1794631377626548 0.021216044736931547
v -0.12911091264523566 0.1810582892029576 0.02144083650070881
v -0.12750000002980233 0.18490932571231355 0.02198353186331614
v -0.12911091264523566 0.1887603622216695 0.022526227225923474
v -0.133 0.19035551366197231 0.022751018989700732
v -0.13688908735476435 0.1887603622216695 0.022526227225923474
v -0.13849999997019768 0.18490932571231355 0.02198353186331614
v -0.13688908735476435 0.1810582892029576 0.02144083650070881
v -0.133 0.1794631377626548 0.021216044736931547
v -0.133 0.18435115322722484 0.025944396036297633
v -0.133 0.18435115322722484 0.025944396036297633
v -0.133 0.18435115322722484 0.025944396036297633
v -0.133 0.18435115322722484 0.025944396036297633
v -0.133 0.18435115322722484 0.025944396036297633
v -0.133 0.18435115322722484 0.025944396036297633
v -0.133 0.18435115322722484 0.025944396036297633
v -0.133 0.18435115322722484 0.025944396036297633
v -0.133 0.17890496527756608 0.025176908909913042
v -0.12911091264523566 0.1805001167178689 0.0254017006736903
v -0.12750000002980233 0.18435115322722484 0.025944396036297633
v -0.12911091264523566 0.1882021897365808 0.026487091398904965
v -0.133 0.1897973411768836 0.026711883162682228
v -0.13688908735476435 0.1882021897365808 0.026487091398904965
v -0.13849999997019768 0.18435115322722484 0.025944396036297633
v -0.13688908735476435 0.1805001167178689 0.0254017006736903
v -0.133 0.17890496527756608 0.025176908909913042
v -0.133 0.18490932571231355 0.02198353186331614
v -0.133 0.18490932571231355 0.02198353186331614
v -0.133 0.18490932571231355 0.02198353186331614
v -0.133 0.18490932571231355 0.02198353186331614
v -0.133 0.18490932571231355 0.02198353186331614
v -0.133 0.18490932571231355 0.02198353186331614
v -0.133 0.18490932571231355 0.02198353186331614
v -0.133 0.18490932571231355 0.02198353186331614
v -0.133 0.1794631377626548 0.021216044736931547
v -0.12911091264523566 0.1810582892029576 0.02144083650070881
v -0.12750000002980233 0.18490932571231355 0.02198353186331614
v -0.12911091264523566 0.1887603622216695 0.022526227225923474
v -0.133 0.19035551366197231 0.022751018989700732
v -0.13688908735476435 0.1887603622216695 0.022526227225923474
v -0.13849999997019768 0.18490932571231355 0.02198353186331614
v -0.13688908735476435 0.1810582892029576 0.02144083650070881
v -0.133 0.1794631377626548 0.021216044736931547
vt 0 1
vt 0.125 1
vt 0.25 1
vt 0.375 1
vt 0.5 1
vt 0.625 1
vt 0.75 1
vt 0.875 1
vt 1 1
vt 0 0
vt 0.125 0
vt 0.25 0
vt 0.375 0
vt 0.5 0
vt 0.625 0
vt 0.75 0
vt 0.875 0
vt 1 0
vt 0.5 0.5
vt 0.5 0.5
vt 0.5 0.5
vt 0.5 0.5
vt 0.5 0.5
vt 0.5 0.5
vt 0.5 0.5
vt 0.5 0.5
vt 1 0.5
vt 0.8535534143447876 0.8535534143447876
vt 0.5 1
vt 0.1464466154575348 0.8535534143447876
vt 0 0.5
vt 0.1464466154575348 0.1464466154575348
vt 0.5 0
vt 0.8535534143447876 0.1464466154575348
vt 1 0.5
vt 0.5 0.5
vt 0.5 0.5
vt 0.5 0.5
vt 0.5 0.5
vt 0.5 0.5
vt 0.5 0.5
vt 0.5 0.5
vt 0.5 0.5
vt 1 0.5
vt 0.8535534143447876 0.1464466154575348
vt 0.5 0
vt 0.1464466154575348 0.1464466154575348
vt 0 0.5
vt 0.1464466154575348 0.8535534143447876
vt 0.5 1
vt 0.8535534143447876 0.8535534143447876
vt 1 0.5
vn 0 -0.9902159962126372 -0.13954311464423674
vn 0.7071067811865476 -0.7001884457613483 -0.09867188263283161
vn 1 -6.063324515706462e-17 -8.544551807449788e-18
vn 0.7071067811865476 0.7001884457613483 0.09867188263283161
vn 1.224646852585168e-16 0.9902159962126372 0.13954311464423674
vn -0.7071067811865476 0.7001884457613483 0.09867188263283161
vn -1 1.8189972236579428e-16 2.5633653575511615e-17
vn -0.7071067811865476 -0.7001884457613483 -0.09867188263283161
vn -2.449293705170336e-16 -0.9902159962126372 -0.13954311464423674
vn 0 -0.9902159962126372 -0.13954311464423674
vn 0.7071067811865476 -0.7001884457613483 -0.09867188263283161
vn 1 -6.063324515706462e-17 -8.544551807449788e-18
vn 0.7071067811865476 0.7001884457613483 0.09867188263283161
vn 1.224646852585168e-16 0.9902159962126372 0.13954311464423674
vn -0.7071067811865476 0.7001884457613483 0.09867188263283161
vn -1 1.8189972236579428e-16 2.5633653575511615e-17
vn -0.7071067811865476 -0.7001884457613483 -0.09867188263283161
vn -2.449293705170336e-16 -0.9902159962126372 -0.13954311464423674
vn 0 -0.13954311464423674 0.9902159962126372
vn 0 -0.13954311464423674 0.9902159962126372
vn 0 -0.13954311464423674 0.9902159962126372
vn 0 -0.13954311464423674 0.9902159962126372
vn 0 -0.13954311464423674 0.9902159962126372
vn 0 -0.13954311464423674 0.9902159962126372
vn 0 -0.13954311464423674 0.9902159962126372
vn 0 -0.13954311464423674 0.9902159962126372
vn 0 -0.13954311464423674 0.9902159962126372
vn 0 -0.13954311464423674 0.9902159962126372
vn 0 -0.13954311464423674 0.9902159962126372
vn 0 -0.13954311464423674 0.9902159962126372
vn 0 -0.13954311464423674 0.9902159962126372
vn 0 -0.13954311464423674 0.9902159962126372
vn 0 -0.13954311464423674 0.9902159962126372
vn 0 -0.13954311464423674 0.9902159962126372
vn 0 -0.13954311464423674 0.9902159962126372
vn 0 0.13954311464423674 -0.9902159962126372
vn 0 0.13954311464423674 -0.9902159962126372
vn 0 0.13954311464423674 -0.9902159962126372
vn 0 0.13954311464423674 -0.9902159962126372
vn 0 0.13954311464423674 -0.9902159962126372
vn 0 0.13954311464423674 -0.9902159962126372
vn 0 0.13954311464423674 -0.9902159962126372
vn 0 0.13954311464423674 -0.9902159962126372
vn 0 0.13954311464423674 -0.9902159962126372
vn 0 0.13954311464423674 -0.9902159962126372
vn 0 0.13954311464423674 -0.9902159962126372
vn 0 0.13954311464423674 -0.9902159962126372
vn 0 0.13954311464423674 -0.9902159962126372
vn 0 0.13954311464423674 -0.9902159962126372
vn 0 0.13954311464423674 -0.9902159962126372
vn 0 0.13954311464423674 -0.9902159962126372
vn 0 0.13954311464423674 -0.9902159962126372
f 1009/1009/1009 1018/1018/1018 1010/1010/1010
f 1018/1018/1018 1019/1019/1019 1010/1010/1010
f 1010/1010/1010 1019/1019/1019 1011/1011/1011
f 1019/1019/1019 1020/1020/1020 1011/1011/1011
f 1011/1011/1011 1020/1020/1020 1012/1012/1012
f 1020/1020/1020 1021/1021/1021 1012/1012/1012
f 1012/1012/1012 1021/1021/1021 1013/1013/1013
f 1021/1021/1021 1022/1022/1022 1013/1013/1013
f 1013/1013/1013 1022/1022/1022 1014/1014/1014
f 1022/1022/1022 1023/1023/1023 1014/1014/1014
f 1014/1014/1014 1023/1023/1023 1015/1015/1015
f 1023/1023/1023 1024/1024/1024 1015/1015/1015
f 1015/1015/1015 1024/1024/1024 1016/1016/1016
f 1024/1024/1024 1025/1025/1025 1016/1016/1016
f 1016/1016/1016 1025/1025/1025 1017/1017/1017
f 1025/1025/1025 1026/1026/1026 1017/1017/1017
f 1035/1035/1035 1036/1036/1036 1027/1027/1027
f 1036/1036/1036 1037/1037/1037 1028/1028/1028
f 1037/1037/1037 1038/1038/1038 1029/1029/1029
f 1038/1038/1038 1039/1039/1039 1030/1030/1030
f 1039/1039/1039 1040/1040/1040 1031/1031/1031
f 1040/1040/1040 1041/1041/1041 1032/1032/1032
f 1041/1041/1041 1042/1042/1042 1033/1033/1033
f 1042/1042/1042 1043/1043/1043 1034/1034/1034
f 1053/1053/1053 1052/1052/1052 1044/1044/1044
f 1054/1054/1054 1053/1053/1053 1045/1045/1045
f 1055/1055/1055 1054/1054/1054 1046/1046/1046
f 1056/1056/1056 1055/1055/1055 1047/1047/1047
f 1057/1057/1057 1056/1056/1056 1048/1048/1048
f 1058/1058/1058 1057/1057/1057 1049/1049/1049
f 1059/1059/1059 1058/1058/1058 1050/1050/1050
f 1060/1060/1060 1059/1059/1059 1051/1051/1051
o brake_stud_1_1
usemtl rubber_pad
v -0.133 0.19690496527756607 0.025176908909913042
v -0.12911091264523566 0.19850011671786888 0.0254017006736903
v -0.12750000002980233 0.20235115322722483 0.025944396036297633
v -0.12911091264523566 0.20620218973658078 0.026487091398904965
v -0.133 0.2077973411768836 0.026711883162682228
v -0.13688908735476435 0.20620218973658078 0.026487091398904965
v -0.13849999997019768 0.20235115322722483 0.025944396036297633
v -0.13688908735476435 0.19850011671786888 0.0254017006736903
v -0.133 0.19690496527756607 0.025176908909913042
v -0.133 0.19746313776265478 0.021216044736931547
v -0.12911091264523566 0.1990582892029576 0.02144083650070881
v -0.12750000002980233 0.20290932571231354 0.02198353186331614
v -0.12911091264523566 0.2067603622216695 0.022526227225923474
v -0.133 0.2083555136619723 0.022751018989700732
v -0.13688908735476435 0.2067603622216695 0.022526227225923474
v -0.13849999997019768 0.20290932571231354 0.02198353186331614
v -0.13688908735476435 0.1990582892029576 0.02144083650070881
v -0.133 0.19746313776265478 0.021216044736931547
v -0.133 0.20235115322722483 0.025944396036297633
v -0.133 0.20235115322722483 0.025944396036297633
v -0.133 0.20235115322722483 0.025944396036297633
v -0.133 0.20235115322722483 0.025944396036297633
v -0.133 0.20235115322722483 0.025944396036297633
v -0.133 0.20235115322722483 0.025944396036297633
v -0.133 0.20235115322722483 0.025944396036297633
v -0.133 0.20235115322722483 0.025944396036297633
v -0.133 0.19690496527756607 0.025176908909913042
v -0.12911091264523566 0.19850011671786888 0.0254017006736903
v -0.12750000002980233 0.20235115322722483 0.025944396036297633
v -0.12911091264523566 0.20620218973658078 0.026487091398904965
v -0.133 0.2077973411768836 0.026711883162682228
v -0.13688908735476435 0.20620218973658078 0.026487091398904965
v -0.13849999997019768 0.20235115322722483 0.025944396036297633
v -0.13688908735476435 0.19850011671786888 0.0254017006736903
v -0.133 0.19690496527756607 0.025176908909913042
v -0.133 0.20290932571231354 0.02198353186331614
v -0.133 0.20290932571231354 0.02198353186331614
v -0.133 0.20290932571231354 0.02198353186331614
v -0.133 0.20290932571231354 0.02198353186331614
v -0.133 0.20290932571231354 0.02198353186331614
v -0.133 0.20290932571231354 0.02198353186331614
v -0.133 0.20290932571231354 0.02198353186331614
v -0.133 0.20290932571231354 0.02198353186331614
v -0.133 0.19746313776265478 0.021216044736931547
v -0.12911091264523566 0.1990582892029576 0.02144083650070881
v -0.12750000002980233 0.20290932571231354 0.02198353186331614
v -0.12911091264523566 0.2067603622216695 0.022526227225923474
v -0.133 0.2083555136619723 0.022751018989700732
v -0.13688908735476435 0.2067603622216695 0.022526227225923474
v -0.13849999997019768 0.20290932571231354 0.02198353186331614
v -0.13688908735476435 0.1990582892029576 0.02144083650070881
v -0.133 0.19746313776265478 0.021216044736931547
vt 0 1
vt 0.125 1
vt 0.25 1
vt 0.375 1
vt 0.5 1
vt 0.625 1
vt 0.75 1
vt 0.875 1
vt 1 1
vt 0 0
vt 0.125 0
vt 0.25 0
vt 0.375 0
vt 0.5 0
vt 0.625 0
vt 0.75 0
vt 0.875 0
vt 1 0
vt 0.5 0.5
vt 0.5 0.5
vt 0.5 0.5
vt 0.5 0.5
vt 0.5 0.5
vt 0.5 0.5
vt 0.5 0.5
vt 0.5 0.5
vt 1 0.5
vt 0.8535534143447876 0.8535534143447876
vt 0.5 1
vt 0.1464466154575348 0.8535534143447876
vt 0 0.5
vt 0.1464466154575348 0.1464466154575348
vt 0.5 0
vt 0.8535534143447876 0.1464466154575348
vt 1 0.5
vt 0.5 0.5
vt 0.5 0.5
vt 0.5 0.5
vt 0.5 0.5
vt 0.5 0.5
vt 0.5 0.5
vt 0.5 0.5
vt 0.5 0.5
vt 1 0.5
vt 0.8535534143447876 0.1464466154575348
vt 0.5 0
vt 0.1464466154575348 0.1464466154575348
vt 0 0.5
vt 0.1464466154575348 0.8535534143447876
vt 0.5 1
vt 0.8535534143447876 0.8535534143447876
vt 1 0.5
vn 0 -0.9902159962126372 -0.13954311464423674
vn 0.7071067811865476 -0.7001884457613483 -0.09867188263283161
vn 1 -6.063324515706462e-17 -8.544551807449788e-18
vn 0.7071067811865476 0.7001884457613483 0.09867188263283161
vn 1.224646852585168e-16 0.9902159962126372 0.13954311464423674
vn -0.7071067811865476 0.7001884457613483 0.09867188263283161
vn -1 1.8189972236579428e-16 2.5633653575511615e-17
vn -0.7071067811865476 -0.7001884457613483 -0.09867188263283161
vn -2.449293705170336e-16 -0.9902159962126372 -0.13954311464423674
vn 0 -0.9902159962126372 -0.13954311464423674
vn 0.7071067811865476 -0.7001884457613483 -0.09867188263283161
vn 1 -6.063324515706462e-17 -8.544551807449788e-18
vn 0.7071067811865476 0.7001884457613483 0.09867188263283161
vn 1.224646852585168e-16 0.9902159962126372 0.13954311464423674
vn -0.7071067811865476 0.7001884457613483 0.09867188263283161
vn -1 1.8189972236579428e-16 2.5633653575511615e-17
vn -0.7071067811865476 -0.7001884457613483 -0.09867188263283161
vn -2.449293705170336e-16 -0.9902159962126372 -0.13954311464423674
vn 0 -0.13954311464423674 0.9902159962126372
vn 0 -0.13954311464423674 0.9902159962126372
vn 0 -0.13954311464423674 0.9902159962126372
vn 0 -0.13954311464423674 0.9902159962126372
vn 0 -0.13954311464423674 0.9902159962126372
vn 0 -0.13954311464423674 0.9902159962126372
vn 0 -0.13954311464423674 0.9902159962126372
vn 0 -0.13954311464423674 0.9902159962126372
vn 0 -0.13954311464423674 0.9902159962126372
vn 0 -0.13954311464423674 0.9902159962126372
vn 0 -0.13954311464423674 0.9902159962126372
vn 0 -0.13954311464423674 0.9902159962126372
vn 0 -0.13954311464423674 0.9902159962126372
vn 0 -0.13954311464423674 0.9902159962126372
vn 0 -0.13954311464423674 0.9902159962126372
vn 0 -0.13954311464423674 0.9902159962126372
vn 0 -0.13954311464423674 0.9902159962126372
vn 0 0.13954311464423674 -0.9902159962126372
vn 0 0.13954311464423674 -0.9902159962126372
vn 0 0.13954311464423674 -0.9902159962126372
vn 0 0.13954311464423674 -0.9902159962126372
vn 0 0.13954311464423674 -0.9902159962126372
vn 0 0.13954311464423674 -0.9902159962126372
vn 0 0.13954311464423674 -0.9902159962126372
vn 0 0.13954311464423674 -0.9902159962126372
vn 0 0.13954311464423674 -0.9902159962126372
vn 0 0.13954311464423674 -0.9902159962126372
vn 0 0.13954311464423674 -0.9902159962126372
vn 0 0.13954311464423674 -0.9902159962126372
vn 0 0.13954311464423674 -0.9902159962126372
vn 0 0.13954311464423674 -0.9902159962126372
vn 0 0.13954311464423674 -0.9902159962126372
vn 0 0.13954311464423674 -0.9902159962126372
vn 0 0.13954311464423674 -0.9902159962126372
f 1061/1061/1061 1070/1070/1070 1062/1062/1062
f 1070/1070/1070 1071/1071/1071 1062/1062/1062
f 1062/1062/1062 1071/1071/1071 1063/1063/1063
f 1071/1071/1071 1072/1072/1072 1063/1063/1063
f 1063/1063/1063 1072/1072/1072 1064/1064/1064
f 1072/1072/1072 1073/1073/1073 1064/1064/1064
f 1064/1064/1064 1073/1073/1073 1065/1065/1065
f 1073/1073/1073 1074/1074/1074 1065/1065/1065
f 1065/1065/1065 1074/1074/1074 1066/1066/1066
f 1074/1074/1074 1075/1075/1075 1066/1066/1066
f 1066/1066/1066 1075/1075/1075 1067/1067/1067
f 1075/1075/1075 1076/1076/1076 1067/1067/1067
f 1067/1067/1067 1076/1076/1076 1068/1068/1068
f 1076/1076/1076 1077/1077/1077 1068/1068/1068
f 1068/1068/1068 1077/1077/1077 1069/1069/1069
f 1077/1077/1077 1078/1078/1078 1069/1069/1069
f 1087/1087/1087 1088/1088/1088 1079/1079/1079
f 1088/1088/1088 1089/1089/1089 1080/1080/1080
f 1089/1089/1089 1090/1090/1090 1081/1081/1081
f 1090/1090/1090 1091/1091/1091 1082/1082/1082
f 1091/1091/1091 1092/1092/1092 1083/1083/1083
f 1092/1092/1092 1093/1093/1093 1084/1084/1084
f 1093/1093/1093 1094/1094/1094 1085/1085/1085
f 1094/1094/1094 1095/1095/1095 1086/1086/1086
f 1105/1105/1105 1104/1104/1104 1096/1096/1096
f 1106/1106/1106 1105/1105/1105 1097/1097/1097
f 1107/1107/1107 1106/1106/1106 1098/1098/1098
f 1108/1108/1108 1107/1107/1107 1099/1099/1099
f 1109/1109/1109 1108/1108/1108 1100/1100/1100
f 1110/1110/1110 1109/1109/1109 1101/1101/1101
f 1111/1111/1111 1110/1110/1110 1102/1102/1102
f 1112/1112/1112 1111/1111/1111 1103/1103/1103
o brake_stud_1_2
usemtl rubber_pad
v -0.133 0.21490496527756608 0.025176908909913042
v -0.12911091264523566 0.2165001167178689 0.0254017006736903
v -0.12750000002980233 0.22035115322722484 0.025944396036297633
v -0.12911091264523566 0.2242021897365808 0.026487091398904965
v -0.133 0.2257973411768836 0.026711883162682228
v -0.13688908735476435 0.2242021897365808 0.026487091398904965
v -0.13849999997019768 0.22035115322722484 0.025944396036297633
v -0.13688908735476435 0.2165001167178689 0.0254017006736903
v -0.133 0.21490496527756608 0.025176908909913042
v -0.133 0.2154631377626548 0.021216044736931547
v -0.12911091264523566 0.2170582892029576 0.02144083650070881
v -0.12750000002980233 0.22090932571231356 0.02198353186331614
v -0.12911091264523566 0.2247603622216695 0.022526227225923474
v -0.133 0.22635551366197232 0.022751018989700732
v -0.13688908735476435 0.2247603622216695 0.022526227225923474
v -0.13849999997019768 0.22090932571231356 0.02198353186331614
v -0.13688908735476435 0.2170582892029576 0.02144083650070881
v -0.133 0.2154631377626548 0.021216044736931547
v -0.133 0.22035115322722484 0.025944396036297633
v -0.133 0.22035115322722484 0.025944396036297633
v -0.133 0.22035115322722484 0.025944396036297633
v -0.133 0.22035115322722484 0.025944396036297633
v -0.133 0.22035115322722484 0.025944396036297633
v -0.133 0.22035115322722484 0.025944396036297633
v -0.133 0.22035115322722484 0.025944396036297633
v -0.133 0.22035115322722484 0.025944396036297633
v -0.133 0.21490496527756608 0.025176908909913042
v -0.12911091264523566 0.2165001167178689 0.0254017006736903
v -0.12750000002980233 0.22035115322722484 0.025944396036297633
v -0.12911091264523566 0.2242021897365808 0.026487091398904965
v -0.133 0.2257973411768836 0.026711883162682228
v -0.13688908735476435 0.2242021897365808 0.026487091398904965
v -0.13849999997019768 0.22035115322722484 0.025944396036297633
v -0.13688908735476435 0.2165001167178689 0.0254017006736903
v -0.133 0.21490496527756608 0.025176908909913042
v -0.133 0.22090932571231356 0.02198353186331614
v -0.133 0.22090932571231356 0.02198353186331614
v -0.133 0.22090932571231356 0.02198353186331614
v -0.133 0.22090932571231356 0.02198353186331614
v -0.133 0.22090932571231356 0.02198353186331614
v -0.133 0.22090932571231356 0.02198353186331614
v -0.133 0.22090932571231356 0.02198353186331614
v -0.133 0.22090932571231356 0.02198353186331614
v -0.133 0.2154631377626548 0.021216044736931547
v -0.12911091264523566 0.2170582892029576 0.02144083650070881
v -0.12750000002980233 0.22090932571231356 0.02198353186331614
v -0.12911091264523566 0.2247603622216695 0.022526227225923474
v -0.133 0.22635551366197232 0.022751018989700732
v -0.13688908735476435 0.2247603622216695 0.022526227225923474
v -0.13849999997019768 0.22090932571231356 0.02198353186331614
v -0.13688908735476435 0.2170582892029576 0.02144083650070881
v -0.133 0.2154631377626548 0.021216044736931547
vt 0 1
vt 0.125 1
vt 0.25 1
vt 0.375 1
vt 0.5 1
vt 0.625 1
vt 0.75 1
vt 0.875 1
vt 1 1
vt 0 0
vt 0.125 0
vt 0.25 0
vt 0.375 0
vt 0.5 0
vt 0.625 0
vt 0.75 0
vt 0.875 0
vt 1 0
vt 0.5 0.5
vt 0.5 0.5
vt 0.5 0.5
vt 0.5 0.5
vt 0.5 0.5
vt 0.5 0.5
vt 0.5 0.5
vt 0.5 0.5
vt 1 0.5
vt 0.8535534143447876 0.8535534143447876
vt 0.5 1
vt 0.1464466154575348 0.8535534143447876
vt 0 0.5
vt 0.1464466154575348 0.1464466154575348
vt 0.5 0
vt 0.8535534143447876 0.1464466154575348
vt 1 0.5
vt 0.5 0.5
vt 0.5 0.5
vt 0.5 0.5
vt 0.5 0.5
vt 0.5 0.5
vt 0.5 0.5
vt 0.5 0.5
vt 0.5 0.5
vt 1 0.5
vt 0.8535534143447876 0.1464466154575348
vt 0.5 0
vt 0.1464466154575348 0.1464466154575348
vt 0 0.5
vt 0.1464466154575348 0.8535534143447876
vt 0.5 1
vt 0.8535534143447876 0.8535534143447876
vt 1 0.5
vn 0 -0.9902159962126372 -0.13954311464423674
vn 0.7071067811865476 -0.7001884457613483 -0.09867188263283161
vn 1 -6.063324515706462e-17 -8.544551807449788e-18
vn 0.7071067811865476 0.7001884457613483 0.09867188263283161
vn 1.224646852585168e-16 0.9902159962126372 0.13954311464423674
vn -0.7071067811865476 0.7001884457613483 0.09867188263283161
vn -1 1.8189972236579428e-16 2.5633653575511615e-17
vn -0.7071067811865476 -0.7001884457613483 -0.09867188263283161
vn -2.449293705170336e-16 -0.9902159962126372 -0.13954311464423674
vn 0 -0.9902159962126372 -0.13954311464423674
vn 0.7071067811865476 -0.7001884457613483 -0.09867188263283161
vn 1 -6.063324515706462e-17 -8.544551807449788e-18
vn 0.7071067811865476 0.7001884457613483 0.09867188263283161
vn 1.224646852585168e-16 0.9902159962126372 0.13954311464423674
vn -0.7071067811865476 0.7001884457613483 0.09867188263283161
vn -1 1.8189972236579428e-16 2.5633653575511615e-17
vn -0.7071067811865476 -0.7001884457613483 -0.09867188263283161
vn -2.449293705170336e-16 -0.9902159962126372 -0.13954311464423674
vn 0 -0.13954311464423674 0.9902159962126372
vn 0 -0.13954311464423674 0.9902159962126372
vn 0 -0.13954311464423674 0.9902159962126372
vn 0 -0.13954311464423674 0.9902159962126372
vn 0 -0.13954311464423674 0.9902159962126372
vn 0 -0.13954311464423674 0.9902159962126372
vn 0 -0.13954311464423674 0.9902159962126372
vn 0 -0.13954311464423674 0.9902159962126372
vn 0 -0.13954311464423674 0.9902159962126372
vn 0 -0.13954311464423674 0.9902159962126372
vn 0 -0.13954311464423674 0.9902159962126372
vn 0 -0.13954311464423674 0.9902159962126372
vn 0 -0.13954311464423674 0.9902159962126372
vn 0 -0.13954311464423674 0.9902159962126372
vn 0 -0.13954311464423674 0.9902159962126372
vn 0 -0.13954311464423674 0.9902159962126372
vn 0 -0.13954311464423674 0.9902159962126372
vn 0 0.13954311464423674 -0.9902159962126372
vn 0 0.13954311464423674 -0.9902159962126372
vn 0 0.13954311464423674 -0.9902159962126372
vn 0 0.13954311464423674 -0.9902159962126372
vn 0 0.13954311464423674 -0.9902159962126372
vn 0 0.13954311464423674 -0.9902159962126372
vn 0 0.13954311464423674 -0.9902159962126372
vn 0 0.13954311464423674 -0.9902159962126372
vn 0 0.13954311464423674 -0.9902159962126372
vn 0 0.13954311464423674 -0.9902159962126372
vn 0 0.13954311464423674 -0.9902159962126372
vn 0 0.13954311464423674 -0.9902159962126372
vn 0 0.13954311464423674 -0.9902159962126372
vn 0 0.13954311464423674 -0.9902159962126372
vn 0 0.13954311464423674 -0.9902159962126372
vn 0 0.13954311464423674 -0.9902159962126372
vn 0 0.13954311464423674 -0.9902159962126372
f 1113/1113/1113 1122/1122/1122 1114/1114/1114
f 1122/1122/1122 1123/1123/1123 1114/1114/1114
f 1114/1114/1114 1123/1123/1123 1115/1115/1115
f 1123/1123/1123 1124/1124/1124 1115/1115/1115
f 1115/1115/1115 1124/1124/1124 1116/1116/1116
f 1124/1124/1124 1125/1125/1125 1116/1116/1116
f 1116/1116/1116 1125/1125/1125 1117/1117/1117
f 1125/1125/1125 1126/1126/1126 1117/1117/1117
f 1117/1117/1117 1126/1126/1126 1118/1118/1118
f 1126/1126/1126 1127/1127/1127 1118/1118/1118
f 1118/1118/1118 1127/1127/1127 1119/1119/1119
f 1127/1127/1127 1128/1128/1128 1119/1119/1119
f 1119/1119/1119 1128/1128/1128 1120/1120/1120
f 1128/1128/1128 1129/1129/1129 1120/1120/1120
f 1120/1120/1120 1129/1129/1129 1121/1121/1121
f 1129/1129/1129 1130/1130/1130 1121/1121/1121
f 1139/1139/1139 1140/1140/1140 1131/1131/1131
f 1140/1140/1140 1141/1141/1141 1132/1132/1132
f 1141/1141/1141 1142/1142/1142 1133/1133/1133
f 1142/1142/1142 1143/1143/1143 1134/1134/1134
f 1143/1143/1143 1144/1144/1144 1135/1135/1135
f 1144/1144/1144 1145/1145/1145 1136/1136/1136
f 1145/1145/1145 1146/1146/1146 1137/1137/1137
f 1146/1146/1146 1147/1147/1147 1138/1138/1138
f 1157/1157/1157 1156/1156/1156 1148/1148/1148
f 1158/1158/1158 1157/1157/1157 1149/1149/1149
f 1159/1159/1159 1158/1158/1158 1150/1150/1150
f 1160/1160/1160 1159/1159/1159 1151/1151/1151
f 1161/1161/1161 1160/1160/1160 1152/1152/1152
f 1162/1162/1162 1161/1161/1161 1153/1153/1153
f 1163/1163/1163 1162/1162/1162 1154/1154/1154
f 1164/1164/1164 1163/1163/1163 1155/1155/1155
o brake_stud_1_3
usemtl rubber_pad
v -0.133 0.23290496527756607 0.025176908909913042
v -0.12911091264523566 0.23450011671786888 0.0254017006736903
v -0.12750000002980233 0.23835115322722483 0.025944396036297633
v -0.12911091264523566 0.24220218973658078 0.026487091398904965
v -0.133 0.2437973411768836 0.026711883162682228
v -0.13688908735476435 0.24220218973658078 0.026487091398904965
v -0.13849999997019768 0.23835115322722483 0.025944396036297633
v -0.13688908735476435 0.23450011671786888 0.0254017006736903
v -0.133 0.23290496527756607 0.025176908909913042
v -0.133 0.2334631377626548 0.021216044736931547
v -0.12911091264523566 0.2350582892029576 0.02144083650070881
v -0.12750000002980233 0.23890932571231355 0.02198353186331614
v -0.12911091264523566 0.2427603622216695 0.022526227225923474
v -0.133 0.2443555136619723 0.022751018989700732
v -0.13688908735476435 0.2427603622216695 0.022526227225923474
v -0.13849999997019768 0.23890932571231355 0.02198353186331614
v -0.13688908735476435 0.2350582892029576 0.02144083650070881
v -0.133 0.2334631377626548 0.021216044736931547
v -0.133 0.23835115322722483 0.025944396036297633
v -0.133 0.23835115322722483 0.025944396036297633
v -0.133 0.23835115322722483 0.025944396036297633
v -0.133 0.23835115322722483 0.025944396036297633
v -0.133 0.23835115322722483 0.025944396036297633
v -0.133 0.23835115322722483 0.025944396036297633
v -0.133 0.23835115322722483 0.025944396036297633
v -0.133 0.23835115322722483 0.025944396036297633
v -0.133 0.23290496527756607 0.025176908909913042
v -0.12911091264523566 0.23450011671786888 0.0254017006736903
v -0.12750000002980233 0.23835115322722483 0.025944396036297633
v -0.12911091264523566 0.24220218973658078 0.026487091398904965
v -0.133 0.2437973411768836 0.026711883162682228
v -0.13688908735476435 0.24220218973658078 0.026487091398904965
v -0.13849999997019768 0.23835115322722483 0.025944396036297633
v -0.13688908735476435 0.23450011671786888 0.0254017006736903
v -0.133 0.23290496527756607 0.025176908909913042
v -0.133 0.23890932571231355 0.02198353186331614
v -0.133 0.23890932571231355 0.02198353186331614
v -0.133 0.23890932571231355 0.02198353186331614
v -0.133 0.23890932571231355 0.02198353186331614
v -0.133 0.23890932571231355 0.02198353186331614
v -0.133 0.23890932571231355 0.02198353186331614
v -0.133 0.23890932571231355 0.02198353186331614
v -0.133 0.23890932571231355 0.02198353186331614
v -0.133 0.2334631377626548 0.021216044736931547
v -0.12911091264523566 0.2350582892029576 0.02144083650070881
v -0.12750000002980233 0.23890932571231355 0.02198353186331614
v -0.12911091264523566 0.2427603622216695 0.022526227225923474
v -0.133 0.2443555136619723 0.022751018989700732
v -0.13688908735476435 0.2427603622216695 0.022526227225923474
v -0.13849999997019768 0.23890932571231355 0.02198353186331614
v -0.13688908735476435 0.2350582892029576 0.02144083650070881
v -0.133 0.2334631377626548 0.021216044736931547
vt 0 1
vt 0.125 1
vt 0.25 1
vt 0.375 1
vt 0.5 1
vt 0.625 1
vt 0.75 1
vt 0.875 1
vt 1 1
vt 0 0
vt 0.125 0
vt 0.25 0
vt 0.375 0
vt 0.5 0
vt 0.625 0
vt 0.75 0
vt 0.875 0
vt 1 0
vt 0.5 0.5
vt 0.5 0.5
vt 0.5 0.5
vt 0.5 0.5
vt 0.5 0.5
vt 0.5 0.5
vt 0.5 0.5
vt 0.5 0.5
vt 1 0.5
vt 0.8535534143447876 0.8535534143447876
vt 0.5 1
vt 0.1464466154575348 0.8535534143447876
vt 0 0.5
vt 0.1464466154575348 0.1464466154575348
vt 0.5 0
vt 0.8535534143447876 0.1464466154575348
vt 1 0.5
vt 0.5 0.5
vt 0.5 0.5
vt 0.5 0.5
vt 0.5 0.5
vt 0.5 0.5
vt 0.5 0.5
vt 0.5 0.5
vt 0.5 0.5
vt 1 0.5
vt 0.8535534143447876 0.1464466154575348
vt 0.5 0
vt 0.1464466154575348 0.1464466154575348
vt 0 0.5
vt 0.1464466154575348 0.8535534143447876
vt 0.5 1
vt 0.8535534143447876 0.8535534143447876
vt 1 0.5
vn 0 -0.9902159962126372 -0.13954311464423674
vn 0.7071067811865476 -0.7001884457613483 -0.09867188263283161
vn 1 -6.063324515706462e-17 -8.544551807449788e-18
vn 0.7071067811865476 0.7001884457613483 0.09867188263283161
vn 1.224646852585168e-16 0.9902159962126372 0.13954311464423674
vn -0.7071067811865476 0.7001884457613483 0.09867188263283161
vn -1 1.8189972236579428e-16 2.5633653575511615e-17
vn -0.7071067811865476 -0.7001884457613483 -0.09867188263283161
vn -2.449293705170336e-16 -0.9902159962126372 -0.13954311464423674
vn 0 -0.9902159962126372 -0.13954311464423674
vn 0.7071067811865476 -0.7001884457613483 -0.09867188263283161
vn 1 -6.063324515706462e-17 -8.544551807449788e-18
vn 0.7071067811865476 0.7001884457613483 0.09867188263283161
vn 1.224646852585168e-16 0.9902159962126372 0.13954311464423674
vn -0.7071067811865476 0.7001884457613483 0.09867188263283161
vn -1 1.8189972236579428e-16 2.5633653575511615e-17
vn -0.7071067811865476 -0.7001884457613483 -0.09867188263283161
vn -2.449293705170336e-16 -0.9902159962126372 -0.13954311464423674
vn 0 -0.13954311464423674 0.9902159962126372
vn 0 -0.13954311464423674 0.9902159962126372
vn 0 -0.13954311464423674 0.9902159962126372
vn 0 -0.13954311464423674 0.9902159962126372
vn 0 -0.13954311464423674 0.9902159962126372
vn 0 -0.13954311464423674 0.9902159962126372
vn 0 -0.13954311464423674 0.9902159962126372
vn 0 -0.13954311464423674 0.9902159962126372
vn 0 -0.13954311464423674 0.9902159962126372
vn 0 -0.13954311464423674 0.9902159962126372
vn 0 -0.13954311464423674 0.9902159962126372
vn 0 -0.13954311464423674 0.9902159962126372
vn 0 -0.13954311464423674 0.9902159962126372
vn 0 -0.13954311464423674 0.9902159962126372
vn 0 -0.13954311464423674 0.9902159962126372
vn 0 -0.13954311464423674 0.9902159962126372
vn 0 -0.13954311464423674 0.9902159962126372
vn 0 0.13954311464423674 -0.9902159962126372
vn 0 0.13954311464423674 -0.9902159962126372
vn 0 0.13954311464423674 -0.9902159962126372
vn 0 0.13954311464423674 -0.9902159962126372
vn 0 0.13954311464423674 -0.9902159962126372
vn 0 0.13954311464423674 -0.9902159962126372
vn 0 0.13954311464423674 -0.9902159962126372
vn 0 0.13954311464423674 -0.9902159962126372
vn 0 0.13954311464423674 -0.9902159962126372
vn 0 0.13954311464423674 -0.9902159962126372
vn 0 0.13954311464423674 -0.9902159962126372
vn 0 0.13954311464423674 -0.9902159962126372
vn 0 0.13954311464423674 -0.9902159962126372
vn 0 0.13954311464423674 -0.9902159962126372
vn 0 0.13954311464423674 -0.9902159962126372
vn 0 0.13954311464423674 -0.9902159962126372
vn 0 0.13954311464423674 -0.9902159962126372
f 1165/1165/1165 1174/1174/1174 1166/1166/1166
f 1174/1174/1174 1175/1175/1175 1166/1166/1166
f 1166/1166/1166 1175/1175/1175 1167/1167/1167
f 1175/1175/1175 1176/1176/1176 1167/1167/1167
f 1167/1167/1167 1176/1176/1176 1168/1168/1168
f 1176/1176/1176 1177/1177/1177 1168/1168/1168
f 1168/1168/1168 1177/1177/1177 1169/1169/1169
f 1177/1177/1177 1178/1178/1178 1169/1169/1169
f 1169/1169/1169 1178/1178/1178 1170/1170/1170
f 1178/1178/1178 1179/1179/1179 1170/1170/1170
f 1170/1170/1170 1179/1179/1179 1171/1171/1171
f 1179/1179/1179 1180/1180/1180 1171/1171/1171
f 1171/1171/1171 1180/1180/1180 1172/1172/1172
f 1180/1180/1180 1181/1181/1181 1172/1172/1172
f 1172/1172/1172 1181/1181/1181 1173/1173/1173
f 1181/1181/1181 1182/1182/1182 1173/1173/1173
f 1191/1191/1191 1192/1192/1192 1183/1183/1183
f 1192/1192/1192 1193/1193/1193 1184/1184/1184
f 1193/1193/1193 1194/1194/1194 1185/1185/1185
f 1194/1194/1194 1195/1195/1195 1186/1186/1186
f 1195/1195/1195 1196/1196/1196 1187/1187/1187
f 1196/1196/1196 1197/1197/1197 1188/1188/1188
f 1197/1197/1197 1198/1198/1198 1189/1189/1189
f 1198/1198/1198 1199/1199/1199 1190/1190/1190
f 1209/1209/1209 1208/1208/1208 1200/1200/1200
f 1210/1210/1210 1209/1209/1209 1201/1201/1201
f 1211/1211/1211 1210/1210/1210 1202/1202/1202
f 1212/1212/1212 1211/1211/1211 1203/1203/1203
f 1213/1213/1213 1212/1212/1212 1204/1204/1204
f 1214/1214/1214 1213/1213/1213 1205/1205/1205
f 1215/1215/1215 1214/1214/1214 1206/1206/1206
f 1216/1216/1216 1215/1215/1215 1207/1207/1207
o brake_stud_1_4
usemtl rubber_pad
v -0.133 0.25090496527756606 0.025176908909913042
v -0.12911091264523566 0.2525001167178689 0.0254017006736903
v -0.12750000002980233 0.25635115322722485 0.025944396036297633
v -0.12911091264523566 0.26020218973658077 0.026487091398904965
v -0.133 0.26179734117688364 0.026711883162682228
v -0.13688908735476435 0.26020218973658077 0.026487091398904965
v -0.13849999997019768 0.25635115322722485 0.025944396036297633
v -0.13688908735476435 0.2525001167178689 0.0254017006736903
v -0.133 0.25090496527756606 0.025176908909913042
v -0.133 0.2514631377626548 0.021216044736931547
v -0.12911091264523566 0.25305828920295764 0.02144083650070881
v -0.12750000002980233 0.25690932571231356 0.02198353186331614
v -0.12911091264523566 0.2607603622216695 0.022526227225923474
v -0.133 0.26235551366197235 0.022751018989700732
v -0.13688908735476435 0.2607603622216695 0.022526227225923474
v -0.13849999997019768 0.25690932571231356 0.02198353186331614
v -0.13688908735476435 0.25305828920295764 0.02144083650070881
v -0.133 0.2514631377626548 0.021216044736931547
v -0.133 0.25635115322722485 0.025944396036297633
v -0.133 0.25635115322722485 0.025944396036297633
v -0.133 0.25635115322722485 0.025944396036297633
v -0.133 0.25635115322722485 0.025944396036297633
v -0.133 0.25635115322722485 0.025944396036297633
v -0.133 0.25635115322722485 0.025944396036297633
v -0.133 0.25635115322722485 0.025944396036297633
v -0.133 0.25635115322722485 0.025944396036297633
v -0.133 0.25090496527756606 0.025176908909913042
v -0.12911091264523566 0.2525001167178689 0.0254017006736903
v -0.12750000002980233 0.25635115322722485 0.025944396036297633
v -0.12911091264523566 0.26020218973658077 0.026487091398904965
v -0.133 0.26179734117688364 0.026711883162682228
v -0.13688908735476435 0.26020218973658077 0.026487091398904965
v -0.13849999997019768 0.25635115322722485 0.025944396036297633
v -0.13688908735476435 0.2525001167178689 0.0254017006736903
v -0.133 0.25090496527756606 0.025176908909913042
v -0.133 0.25690932571231356 0.02198353186331614
v -0.133 0.25690932571231356 0.02198353186331614
v -0.133 0.25690932571231356 0.02198353186331614
v -0.133 0.25690932571231356 0.02198353186331614
v -0.133 0.25690932571231356 0.02198353186331614
v -0.133 0.25690932571231356 0.02198353186331614
v -0.133 0.25690932571231356 0.02198353186331614
v -0.133 0.25690932571231356 0.02198353186331614
v -0.133 0.2514631377626548 0.021216044736931547
v -0.12911091264523566 0.25305828920295764 0.02144083650070881
v -0.12750000002980233 0.25690932571231356 0.02198353186331614
v -0.12911091264523566 0.2607603622216695 0.022526227225923474
v -0.133 0.26235551366197235 0.022751018989700732
v -0.13688908735476435 0.2607603622216695 0.022526227225923474
v -0.13849999997019768 0.25690932571231356 0.02198353186331614
v -0.13688908735476435 0.25305828920295764 0.02144083650070881
v -0.133 0.2514631377626548 0.021216044736931547
vt 0 1
vt 0.125 1
vt 0.25 1
vt 0.375 1
vt 0.5 1
vt 0.625 1
vt 0.75 1
vt 0.875 1
vt 1 1
vt 0 0
vt 0.125 0
vt 0.25 0
vt 0.375 0
vt 0.5 0
vt 0.625 0
vt 0.75 0
vt 0.875 0
vt 1 0
vt 0.5 0.5
vt 0.5 0.5
vt 0.5 0.5
vt 0.5 0.5
vt 0.5 0.5
vt 0.5 0.5
vt 0.5 0.5
vt 0.5 0.5
vt 1 0.5
vt 0.8535534143447876 0.8535534143447876
vt 0.5 1
vt 0.1464466154575348 0.8535534143447876
vt 0 0.5
vt 0.1464466154575348 0.1464466154575348
vt 0.5 0
vt 0.8535534143447876 0.1464466154575348
vt 1 0.5
vt 0.5 0.5
vt 0.5 0.5
vt 0.5 0.5
vt 0.5 0.5
vt 0.5 0.5
vt 0.5 0.5
vt 0.5 0.5
vt 0.5 0.5
vt 1 0.5
vt 0.8535534143447876 0.1464466154575348
vt 0.5 0
vt 0.1464466154575348 0.1464466154575348
vt 0 0.5
vt 0.1464466154575348 0.8535534143447876
vt 0.5 1
vt 0.8535534143447876 0.8535534143447876
vt 1 0.5
vn 0 -0.9902159962126372 -0.13954311464423674
vn 0.7071067811865476 -0.7001884457613483 -0.09867188263283161
vn 1 -6.063324515706462e-17 -8.544551807449788e-18
vn 0.7071067811865476 0.7001884457613483 0.09867188263283161
vn 1.224646852585168e-16 0.9902159962126372 0.13954311464423674
vn -0.7071067811865476 0.7001884457613483 0.09867188263283161
vn -1 1.8189972236579428e-16 2.5633653575511615e-17
vn -0.7071067811865476 -0.7001884457613483 -0.09867188263283161
vn -2.449293705170336e-16 -0.9902159962126372 -0.13954311464423674
vn 0 -0.9902159962126372 -0.13954311464423674
vn 0.7071067811865476 -0.7001884457613483 -0.09867188263283161
vn 1 -6.063324515706462e-17 -8.544551807449788e-18
vn 0.7071067811865476 0.7001884457613483 0.09867188263283161
vn 1.224646852585168e-16 0.9902159962126372 0.13954311464423674
vn -0.7071067811865476 0.7001884457613483 0.09867188263283161
vn -1 1.8189972236579428e-16 2.5633653575511615e-17
vn -0.7071067811865476 -0.7001884457613483 -0.09867188263283161
vn -2.449293705170336e-16 -0.9902159962126372 -0.13954311464423674
vn 0 -0.13954311464423674 0.9902159962126372
vn 0 -0.13954311464423674 0.9902159962126372
vn 0 -0.13954311464423674 0.9902159962126372
vn 0 -0.13954311464423674 0.9902159962126372
vn 0 -0.13954311464423674 0.9902159962126372
vn 0 -0.13954311464423674 0.9902159962126372
vn 0 -0.13954311464423674 0.9902159962126372
vn 0 -0.13954311464423674 0.9902159962126372
vn 0 -0.13954311464423674 0.9902159962126372
vn 0 -0.13954311464423674 0.9902159962126372
vn 0 -0.13954311464423674 0.9902159962126372
vn 0 -0.13954311464423674 0.9902159962126372
vn 0 -0.13954311464423674 0.9902159962126372
vn 0 -0.13954311464423674 0.9902159962126372
vn 0 -0.13954311464423674 0.9902159962126372
vn 0 -0.13954311464423674 0.9902159962126372
vn 0 -0.13954311464423674 0.9902159962126372
vn 0 0.13954311464423674 -0.9902159962126372
vn 0 0.13954311464423674 -0.9902159962126372
vn 0 0.13954311464423674 -0.9902159962126372
vn 0 0.13954311464423674 -0.9902159962126372
vn 0 0.13954311464423674 -0.9902159962126372
vn 0 0.13954311464423674 -0.9902159962126372
vn 0 0.13954311464423674 -0.9902159962126372
vn 0 0.13954311464423674 -0.9902159962126372
vn 0 0.13954311464423674 -0.9902159962126372
vn 0 0.13954311464423674 -0.9902159962126372
vn 0 0.13954311464423674 -0.9902159962126372
vn 0 0.13954311464423674 -0.9902159962126372
vn 0 0.13954311464423674 -0.9902159962126372
vn 0 0.13954311464423674 -0.9902159962126372
vn 0 0.13954311464423674 -0.9902159962126372
vn 0 0.13954311464423674 -0.9902159962126372
vn 0 0.13954311464423674 -0.9902159962126372
f 1217/1217/1217 1226/1226/1226 1218/1218/1218
f 1226/1226/1226 1227/1227/1227 1218/1218/1218
f 1218/1218/1218 1227/1227/1227 1219/1219/1219
f 1227/1227/1227 1228/1228/1228 1219/1219/1219
f 1219/1219/1219 1228/1228/1228 1220/1220/1220
f 1228/1228/1228 1229/1229/1229 1220/1220/1220
f 1220/1220/1220 1229/1229/1229 1221/1221/1221
f 1229/1229/1229 1230/1230/1230 1221/1221/1221
f 1221/1221/1221 1230/1230/1230 1222/1222/1222
f 1230/1230/1230 1231/1231/1231 1222/1222/1222
f 1222/1222/1222 1231/1231/1231 1223/1223/1223
f 1231/1231/1231 1232/1232/1232 1223/1223/1223
f 1223/1223/1223 1232/1232/1232 1224/1224/1224
f 1232/1232/1232 1233/1233/1233 1224/1224/1224
f 1224/1224/1224 1233/1233/1233 1225/1225/1225
f 1233/1233/1233 1234/1234/1234 1225/1225/1225
f 1243/1243/1243 1244/1244/1244 1235/1235/1235
f 1244/1244/1244 1245/1245/1245 1236/1236/1236
f 1245/1245/1245 1246/1246/1246 1237/1237/1237
f 1246/1246/1246 1247/1247/1247 1238/1238/1238
f 1247/1247/1247 1248/1248/1248 1239/1239/1239
f 1248/1248/1248 1249/1249/1249 1240/1240/1240
f 1249/1249/1249 1250/1250/1250 1241/1241/1241
f 1250/1250/1250 1251/1251/1251 1242/1242/1242
f 1261/1261/1261 1260/1260/1260 1252/1252/1252
f 1262/1262/1262 1261/1261/1261 1253/1253/1253
f 1263/1263/1263 1262/1262/1262 1254/1254/1254
f 1264/1264/1264 1263/1263/1263 1255/1255/1255
f 1265/1265/1265 1264/1264/1264 1256/1256/1256
f 1266/1266/1266 1265/1265/1265 1257/1257/1257
f 1267/1267/1267 1266/1266/1266 1258/1258/1258
f 1268/1268/1268 1267/1267/1267 1259/1259/1259
o brake_stud_1_5
usemtl rubber_pad
v -0.133 0.268904965277566 0.025176908909913042
v -0.12911091264523566 0.2705001167178689 0.0254017006736903
v -0.12750000002980233 0.2743511532272248 0.025944396036297633
v -0.12911091264523566 0.27820218973658073 0.026487091398904965
v -0.133 0.2797973411768836 0.026711883162682228
v -0.13688908735476435 0.27820218973658073 0.026487091398904965
v -0.13849999997019768 0.2743511532272248 0.025944396036297633
v -0.13688908735476435 0.2705001167178689 0.0254017006736903
v -0.133 0.268904965277566 0.025176908909913042
v -0.133 0.26946313776265474 0.021216044736931547
v -0.12911091264523566 0.2710582892029576 0.02144083650070881
v -0.12750000002980233 0.2749093257123135 0.02198353186331614
v -0.12911091264523566 0.27876036222166944 0.022526227225923474
v -0.133 0.2803555136619723 0.022751018989700732
v -0.13688908735476435 0.27876036222166944 0.022526227225923474
v -0.13849999997019768 0.2749093257123135 0.02198353186331614
v -0.13688908735476435 0.2710582892029576 0.02144083650070881
v -0.133 0.26946313776265474 0.021216044736931547
v -0.133 0.2743511532272248 0.025944396036297633
v -0.133 0.2743511532272248 0.025944396036297633
v -0.133 0.2743511532272248 0.025944396036297633
v -0.133 0.2743511532272248 0.025944396036297633
v -0.133 0.2743511532272248 0.025944396036297633
v -0.133 0.2743511532272248 0.025944396036297633
v -0.133 0.2743511532272248 0.025944396036297633
v -0.133 0.2743511532272248 0.025944396036297633
v -0.133 0.268904965277566 0.025176908909913042
v -0.12911091264523566 0.2705001167178689 0.0254017006736903
v -0.12750000002980233 0.2743511532272248 0.025944396036297633
v -0.12911091264523566 0.27820218973658073 0.026487091398904965
v -0.133 0.2797973411768836 0.026711883162682228
v -0.13688908735476435 0.27820218973658073 0.026487091398904965
v -0.13849999997019768 0.2743511532272248 0.025944396036297633
v -0.13688908735476435 0.2705001167178689 0.0254017006736903
v -0.133 0.268904965277566 0.025176908909913042
v -0.133 0.2749093257123135 0.02198353186331614
v -0.133 0.2749093257123135 0.02198353186331614
v -0.133 0.2749093257123135 0.02198353186331614
v -0.133 0.2749093257123135 0.02198353186331614
v -0.133 0.2749093257123135 0.02198353186331614
v -0.133 0.2749093257123135 0.02198353186331614
v -0.133 0.2749093257123135 0.02198353186331614
v -0.133 0.2749093257123135 0.02198353186331614
v -0.133 0.26946313776265474 0.021216044736931547
v -0.12911091264523566 0.2710582892029576 0.02144083650070881
v -0.12750000002980233 0.2749093257123135 0.02198353186331614
v -0.12911091264523566 0.27876036222166944 0.022526227225923474
v -0.133 0.2803555136619723 0.022751018989700732
v -0.13688908735476435 0.27876036222166944 0.022526227225923474
v -0.13849999997019768 0.2749093257123135 0.02198353186331614
v -0.13688908735476435 0.2710582892029576 0.02144083650070881
v -0.133 0.26946313776265474 0.021216044736931547
vt 0 1
vt 0.125 1
vt 0.25 1
vt 0.375 1
vt 0.5 1
vt 0.625 1
vt 0.75 1
vt 0.875 1
vt 1 1
vt 0 0
vt 0.125 0
vt 0.25 0
vt 0.375 0
vt 0.5 0
vt 0.625 0
vt 0.75 0
vt 0.875 0
vt 1 0
vt 0.5 0.5
vt 0.5 0.5
vt 0.5 0.5
vt 0.5 0.5
vt 0.5 0.5
vt 0.5 0.5
vt 0.5 0.5
vt 0.5 0.5
vt 1 0.5
vt 0.8535534143447876 0.8535534143447876
vt 0.5 1
vt 0.1464466154575348 0.8535534143447876
vt 0 0.5
vt 0.1464466154575348 0.1464466154575348
vt 0.5 0
vt 0.8535534143447876 0.1464466154575348
vt 1 0.5
vt 0.5 0.5
vt 0.5 0.5
vt 0.5 0.5
vt 0.5 0.5
vt 0.5 0.5
vt 0.5 0.5
vt 0.5 0.5
vt 0.5 0.5
vt 1 0.5
vt 0.8535534143447876 0.1464466154575348
vt 0.5 0
vt 0.1464466154575348 0.1464466154575348
vt 0 0.5
vt 0.1464466154575348 0.8535534143447876
vt 0.5 1
vt 0.8535534143447876 0.8535534143447876
vt 1 0.5
vn 0 -0.9902159962126372 -0.13954311464423674
vn 0.7071067811865476 -0.7001884457613483 -0.09867188263283161
vn 1 -6.063324515706462e-17 -8.544551807449788e-18
vn 0.7071067811865476 0.7001884457613483 0.09867188263283161
vn 1.224646852585168e-16 0.9902159962126372 0.13954311464423674
vn -0.7071067811865476 0.7001884457613483 0.09867188263283161
vn -1 1.8189972236579428e-16 2.5633653575511615e-17
vn -0.7071067811865476 -0.7001884457613483 -0.09867188263283161
vn -2.449293705170336e-16 -0.9902159962126372 -0.13954311464423674
vn 0 -0.9902159962126372 -0.13954311464423674
vn 0.7071067811865476 -0.7001884457613483 -0.09867188263283161
vn 1 -6.063324515706462e-17 -8.544551807449788e-18
vn 0.7071067811865476 0.7001884457613483 0.09867188263283161
vn 1.224646852585168e-16 0.9902159962126372 0.13954311464423674
vn -0.7071067811865476 0.7001884457613483 0.09867188263283161
vn -1 1.8189972236579428e-16 2.5633653575511615e-17
vn -0.7071067811865476 -0.7001884457613483 -0.09867188263283161
vn -2.449293705170336e-16 -0.9902159962126372 -0.13954311464423674
vn 0 -0.13954311464423674 0.9902159962126372
vn 0 -0.13954311464423674 0.9902159962126372
vn 0 -0.13954311464423674 0.9902159962126372
vn 0 -0.13954311464423674 0.9902159962126372
vn 0 -0.13954311464423674 0.9902159962126372
vn 0 -0.13954311464423674 0.9902159962126372
vn 0 -0.13954311464423674 0.9902159962126372
vn 0 -0.13954311464423674 0.9902159962126372
vn 0 -0.13954311464423674 0.9902159962126372
vn 0 -0.13954311464423674 0.9902159962126372
vn 0 -0.13954311464423674 0.9902159962126372
vn 0 -0.13954311464423674 0.9902159962126372
vn 0 -0.13954311464423674 0.9902159962126372
vn 0 -0.13954311464423674 0.9902159962126372
vn 0 -0.13954311464423674 0.9902159962126372
vn 0 -0.13954311464423674 0.9902159962126372
vn 0 -0.13954311464423674 0.9902159962126372
vn 0 0.13954311464423674 -0.9902159962126372
vn 0 0.13954311464423674 -0.9902159962126372
vn 0 0.13954311464423674 -0.9902159962126372
vn 0 0.13954311464423674 -0.9902159962126372
vn 0 0.13954311464423674 -0.9902159962126372
vn 0 0.13954311464423674 -0.9902159962126372
vn 0 0.13954311464423674 -0.9902159962126372
vn 0 0.13954311464423674 -0.9902159962126372
vn 0 0.13954311464423674 -0.9902159962126372
vn 0 0.13954311464423674 -0.9902159962126372
vn 0 0.13954311464423674 -0.9902159962126372
vn 0 0.13954311464423674 -0.9902159962126372
vn 0 0.13954311464423674 -0.9902159962126372
vn 0 0.13954311464423674 -0.9902159962126372
vn 0 0.13954311464423674 -0.9902159962126372
vn 0 0.13954311464423674 -0.9902159962126372
vn 0 0.13954311464423674 -0.9902159962126372
f 1269/1269/1269 1278/1278/1278 1270/1270/1270
f 1278/1278/1278 1279/1279/1279 1270/1270/1270
f 1270/1270/1270 1279/1279/1279 1271/1271/1271
f 1279/1279/1279 1280/1280/1280 1271/1271/1271
f 1271/1271/1271 1280/1280/1280 1272/1272/1272
f 1280/1280/1280 1281/1281/1281 1272/1272/1272
f 1272/1272/1272 1281/1281/1281 1273/1273/1273
f 1281/1281/1281 1282/1282/1282 1273/1273/1273
f 1273/1273/1273 1282/1282/1282 1274/1274/1274
f 1282/1282/1282 1283/1283/1283 1274/1274/1274
f 1274/1274/1274 1283/1283/1283 1275/1275/1275
f 1283/1283/1283 1284/1284/1284 1275/1275/1275
f 1275/1275/1275 1284/1284/1284 1276/1276/1276
f 1284/1284/1284 1285/1285/1285 1276/1276/1276
f 1276/1276/1276 1285/1285/1285 1277/1277/1277
f 1285/1285/1285 1286/1286/1286 1277/1277/1277
f 1295/1295/1295 1296/1296/1296 1287/1287/1287
f 1296/1296/1296 1297/1297/1297 1288/1288/1288
f 1297/1297/1297 1298/1298/1298 1289/1289/1289
f 1298/1298/1298 1299/1299/1299 1290/1290/1290
f 1299/1299/1299 1300/1300/1300 1291/1291/1291
f 1300/1300/1300 1301/1301/1301 1292/1292/1292
f 1301/1301/1301 1302/1302/1302 1293/1293/1293
f 1302/1302/1302 1303/1303/1303 1294/1294/1294
f 1313/1313/1313 1312/1312/1312 1304/1304/1304
f 1314/1314/1314 1313/1313/1313 1305/1305/1305
f 1315/1315/1315 1314/1314/1314 1306/1306/1306
f 1316/1316/1316 1315/1315/1315 1307/1307/1307
f 1317/1317/1317 1316/1316/1316 1308/1308/1308
f 1318/1318/1318 1317/1317/1317 1309/1309/1309
f 1319/1319/1319 1318/1318/1318 1310/1310/1310
f 1320/1320/1320 1319/1319/1319 1311/1311/1311
o brake_stud_1_6
usemtl rubber_pad
v -0.133 0.28690496527756604 0.025176908909913042
v -0.12911091264523566 0.2885001167178689 0.0254017006736903
v -0.12750000002980233 0.2923511532272248 0.025944396036297633
v -0.12911091264523566 0.29620218973658075 0.026487091398904965
v -0.133 0.2977973411768836 0.026711883162682228
v -0.13688908735476435 0.29620218973658075 0.026487091398904965
v -0.13849999997019768 0.2923511532272248 0.025944396036297633
v -0.13688908735476435 0.2885001167178689 0.0254017006736903
v -0.133 0.28690496527756604 0.025176908909913042
v -0.133 0.28746313776265475 0.021216044736931547
v -0.12911091264523566 0.2890582892029576 0.02144083650070881
v -0.12750000002980233 0.29290932571231354 0.02198353186331614
v -0.12911091264523566 0.29676036222166946 0.022526227225923474
v -0.133 0.2983555136619723 0.022751018989700732
v -0.13688908735476435 0.29676036222166946 0.022526227225923474
v -0.13849999997019768 0.29290932571231354 0.02198353186331614
v -0.13688908735476435 0.2890582892029576 0.02144083650070881
v -0.133 0.28746313776265475 0.021216044736931547
v -0.133 0.2923511532272248 0.025944396036297633
v -0.133 0.2923511532272248 0.025944396036297633
v -0.133 0.2923511532272248 0.025944396036297633
v -0.133 0.2923511532272248 0.025944396036297633
v -0.133 0.2923511532272248 0.025944396036297633
v -0.133 0.2923511532272248 0.025944396036297633
v -0.133 0.2923511532272248 0.025944396036297633
v -0.133 0.2923511532272248 0.025944396036297633
v -0.133 0.28690496527756604 0.025176908909913042
v -0.12911091264523566 0.2885001167178689 0.0254017006736903
v -0.12750000002980233 0.2923511532272248 0.025944396036297633
v -0.12911091264523566 0.29620218973658075 0.026487091398904965
v -0.133 0.2977973411768836 0.026711883162682228
v -0.13688908735476435 0.29620218973658075 0.026487091398904965
v -0.13849999997019768 0.2923511532272248 0.025944396036297633
v -0.13688908735476435 0.2885001167178689 0.0254017006736903
v -0.133 0.28690496527756604 0.025176908909913042
v -0.133 0.29290932571231354 0.02198353186331614
v -0.133 0.29290932571231354 0.02198353186331614
v -0.133 0.29290932571231354 0.02198353186331614
v -0.133 0.29290932571231354 0.02198353186331614
v -0.133 0.29290932571231354 0.02198353186331614
v -0.133 0.29290932571231354 0.02198353186331614
v -0.133 0.29290932571231354 0.02198353186331614
v -0.133 0.29290932571231354 0.02198353186331614
v -0.133 0.28746313776265475 0.021216044736931547
v -0.12911091264523566 0.2890582892029576 0.02144083650070881
v -0.12750000002980233 0.29290932571231354 0.02198353186331614
v -0.12911091264523566 0.29676036222166946 0.022526227225923474
v -0.133 0.2983555136619723 0.022751018989700732
v -0.13688908735476435 0.29676036222166946 0.022526227225923474
v -0.13849999997019768 0.29290932571231354 0.02198353186331614
v -0.13688908735476435 0.2890582892029576 0.02144083650070881
v -0.133 0.28746313776265475 0.021216044736931547
vt 0 1
vt 0.125 1
vt 0.25 1
vt 0.375 1
vt 0.5 1
vt 0.625 1
vt 0.75 1
vt 0.875 1
vt 1 1
vt 0 0
vt 0.125 0
vt 0.25 0
vt 0.375 0
vt 0.5 0
vt 0.625 0
vt 0.75 0
vt 0.875 0
vt 1 0
vt 0.5 0.5
vt 0.5 0.5
vt 0.5 0.5
vt 0.5 0.5
vt 0.5 0.5
vt 0.5 0.5
vt 0.5 0.5
vt 0.5 0.5
vt 1 0.5
vt 0.8535534143447876 0.8535534143447876
vt 0.5 1
vt 0.1464466154575348 0.8535534143447876
vt 0 0.5
vt 0.1464466154575348 0.1464466154575348
vt 0.5 0
vt 0.8535534143447876 0.1464466154575348
vt 1 0.5
vt 0.5 0.5
vt 0.5 0.5
vt 0.5 0.5
vt 0.5 0.5
vt 0.5 0.5
vt 0.5 0.5
vt 0.5 0.5
vt 0.5 0.5
vt 1 0.5
vt 0.8535534143447876 0.1464466154575348
vt 0.5 0
vt 0.1464466154575348 0.1464466154575348
vt 0 0.5
vt 0.1464466154575348 0.8535534143447876
vt 0.5 1
vt 0.8535534143447876 0.8535534143447876
vt 1 0.5
vn 0 -0.9902159962126372 -0.13954311464423674
vn 0.7071067811865476 -0.7001884457613483 -0.09867188263283161
vn 1 -6.063324515706462e-17 -8.544551807449788e-18
vn 0.7071067811865476 0.7001884457613483 0.09867188263283161
vn 1.224646852585168e-16 0.9902159962126372 0.13954311464423674
vn -0.7071067811865476 0.7001884457613483 0.09867188263283161
vn -1 1.8189972236579428e-16 2.5633653575511615e-17
vn -0.7071067811865476 -0.7001884457613483 -0.09867188263283161
vn -2.449293705170336e-16 -0.9902159962126372 -0.13954311464423674
vn 0 -0.9902159962126372 -0.13954311464423674
vn 0.7071067811865476 -0.7001884457613483 -0.09867188263283161
vn 1 -6.063324515706462e-17 -8.544551807449788e-18
vn 0.7071067811865476 0.7001884457613483 0.09867188263283161
vn 1.224646852585168e-16 0.9902159962126372 0.13954311464423674
vn -0.7071067811865476 0.7001884457613483 0.09867188263283161
vn -1 1.8189972236579428e-16 2.5633653575511615e-17
vn -0.7071067811865476 -0.7001884457613483 -0.09867188263283161
vn -2.449293705170336e-16 -0.9902159962126372 -0.13954311464423674
vn 0 -0.13954311464423674 0.9902159962126372
vn 0 -0.13954311464423674 0.9902159962126372
vn 0 -0.13954311464423674 0.9902159962126372
vn 0 -0.13954311464423674 0.9902159962126372
vn 0 -0.13954311464423674 0.9902159962126372
vn 0 -0.13954311464423674 0.9902159962126372
vn 0 -0.13954311464423674 0.9902159962126372
vn 0 -0.13954311464423674 0.9902159962126372
vn 0 -0.13954311464423674 0.9902159962126372
vn 0 -0.13954311464423674 0.9902159962126372
vn 0 -0.13954311464423674 0.9902159962126372
vn 0 -0.13954311464423674 0.9902159962126372
vn 0 -0.13954311464423674 0.9902159962126372
vn 0 -0.13954311464423674 0.9902159962126372
vn 0 -0.13954311464423674 0.9902159962126372
vn 0 -0.13954311464423674 0.9902159962126372
vn 0 -0.13954311464423674 0.9902159962126372
vn 0 0.13954311464423674 -0.9902159962126372
vn 0 0.13954311464423674 -0.9902159962126372
vn 0 0.13954311464423674 -0.9902159962126372
vn 0 0.13954311464423674 -0.9902159962126372
vn 0 0.13954311464423674 -0.9902159962126372
vn 0 0.13954311464423674 -0.9902159962126372
vn 0 0.13954311464423674 -0.9902159962126372
vn 0 0.13954311464423674 -0.9902159962126372
vn 0 0.13954311464423674 -0.9902159962126372
vn 0 0.13954311464423674 -0.9902159962126372
vn 0 0.13954311464423674 -0.9902159962126372
vn 0 0.13954311464423674 -0.9902159962126372
vn 0 0.13954311464423674 -0.9902159962126372
vn 0 0.13954311464423674 -0.9902159962126372
vn 0 0.13954311464423674 -0.9902159962126372
vn 0 0.13954311464423674 -0.9902159962126372
vn 0 0.13954311464423674 -0.9902159962126372
f 1321/1321/1321 1330/1330/1330 1322/1322/1322
f 1330/1330/1330 1331/1331/1331 1322/1322/1322
f 1322/1322/1322 1331/1331/1331 1323/1323/1323
f 1331/1331/1331 1332/1332/1332 1323/1323/1323
f 1323/1323/1323 1332/1332/1332 1324/1324/1324
f 1332/1332/1332 1333/1333/1333 1324/1324/1324
f 1324/1324/1324 1333/1333/1333 1325/1325/1325
f 1333/1333/1333 1334/1334/1334 1325/1325/1325
f 1325/1325/1325 1334/1334/1334 1326/1326/1326
f 1334/1334/1334 1335/1335/1335 1326/1326/1326
f 1326/1326/1326 1335/1335/1335 1327/1327/1327
f 1335/1335/1335 1336/1336/1336 1327/1327/1327
f 1327/1327/1327 1336/1336/1336 1328/1328/1328
f 1336/1336/1336 1337/1337/1337 1328/1328/1328
f 1328/1328/1328 1337/1337/1337 1329/1329/1329
f 1337/1337/1337 1338/1338/1338 1329/1329/1329
f 1347/1347/1347 1348/1348/1348 1339/1339/1339
f 1348/1348/1348 1349/1349/1349 1340/1340/1340
f 1349/1349/1349 1350/1350/1350 1341/1341/1341
f 1350/1350/1350 1351/1351/1351 1342/1342/1342
f 1351/1351/1351 1352/1352/1352 1343/1343/1343
f 1352/1352/1352 1353/1353/1353 1344/1344/1344
f 1353/1353/1353 1354/1354/1354 1345/1345/1345
f 1354/1354/1354 1355/1355/1355 1346/1346/1346
f 1365/1365/1365 1364/1364/1364 1356/1356/1356
f 1366/1366/1366 1365/1365/1365 1357/1357/1357
f 1367/1367/1367 1366/1366/1366 1358/1358/1358
f 1368/1368/1368 1367/1367/1367 1359/1359/1359
f 1369/1369/1369 1368/1368/1368 1360/1360/1360
f 1370/1370/1370 1369/1369/1369 1361/1361/1361
f 1371/1371/1371 1370/1370/1370 1362/1362/1362
f 1372/1372/1372 1371/1371/1371 1363/1363/1363
o brake_stud_2_0
usemtl rubber_pad
v -0.11499999999999999 0.17890496527756608 0.025176908909913042
v -0.11111091264523565 0.1805001167178689 0.0254017006736903
v -0.10950000002980231 0.18435115322722484 0.025944396036297633
v -0.11111091264523565 0.1882021897365808 0.026487091398904965
v -0.11499999999999999 0.1897973411768836 0.026711883162682228
v -0.11888908735476433 0.1882021897365808 0.026487091398904965
v -0.12049999997019767 0.18435115322722484 0.025944396036297633
v -0.11888908735476433 0.1805001167178689 0.0254017006736903
v -0.11499999999999999 0.17890496527756608 0.025176908909913042
v -0.11499999999999999 0.1794631377626548 0.021216044736931547
v -0.11111091264523565 0.1810582892029576 0.02144083650070881
v -0.10950000002980231 0.18490932571231355 0.02198353186331614
v -0.11111091264523565 0.1887603622216695 0.022526227225923474
v -0.11499999999999999 0.19035551366197231 0.022751018989700732
v -0.11888908735476433 0.1887603622216695 0.022526227225923474
v -0.12049999997019767 0.18490932571231355 0.02198353186331614
v -0.11888908735476433 0.1810582892029576 0.02144083650070881
v -0.11499999999999999 0.1794631377626548 0.021216044736931547
v -0.11499999999999999 0.18435115322722484 0.025944396036297633
v -0.11499999999999999 0.18435115322722484 0.025944396036297633
v -0.11499999999999999 0.18435115322722484 0.025944396036297633
v -0.11499999999999999 0.18435115322722484 0.025944396036297633
v -0.11499999999999999 0.18435115322722484 0.025944396036297633
v -0.11499999999999999 0.18435115322722484 0.025944396036297633
v -0.11499999999999999 0.18435115322722484 0.025944396036297633
v -0.11499999999999999 0.18435115322722484 0.025944396036297633
v -0.11499999999999999 0.17890496527756608 0.025176908909913042
v -0.11111091264523565 0.1805001167178689 0.0254017006736903
v -0.10950000002980231 0.18435115322722484 0.025944396036297633
v -0.11111091264523565 0.1882021897365808 0.026487091398904965
v -0.11499999999999999 0.1897973411768836 0.026711883162682228
v -0.11888908735476433 0.1882021897365808 0.026487091398904965
v -0.12049999997019767 0.18435115322722484 0.025944396036297633
v -0.11888908735476433 0.1805001167178689 0.0254017006736903
v -0.11499999999999999 0.17890496527756608 0.025176908909913042
v -0.11499999999999999 0.18490932571231355 0.02198353186331614
v -0.11499999999999999 0.18490932571231355 0.02198353186331614
v -0.11499999999999999 0.18490932571231355 0.02198353186331614
v -0.11499999999999999 0.18490932571231355 0.02198353186331614
v -0.11499999999999999 0.18490932571231355 0.02198353186331614
v -0.11499999999999999 0.18490932571231355 0.02198353186331614
v -0.11499999999999999 0.18490932571231355 0.02198353186331614
v -0.11499999999999999 0.18490932571231355 0.02198353186331614
v -0.11499999999999999 0.1794631377626548 0.021216044736931547
v -0.11111091264523565 0.1810582892029576 0.02144083650070881
v -0.10950000002980231 0.18490932571231355 0.02198353186331614
v -0.11111091264523565 0.1887603622216695 0.022526227225923474
v -0.11499999999999999 0.19035551366197231 0.022751018989700732
v -0.11888908735476433 0.1887603622216695 0.022526227225923474
v -0.12049999997019767 0.18490932571231355 0.02198353186331614
v -0.11888908735476433 0.1810582892029576 0.02144083650070881
v -0.11499999999999999 0.1794631377626548 0.021216044736931547
vt 0 1
vt 0.125 1
vt 0.25 1
vt 0.375 1
vt 0.5 1
vt 0.625 1
vt 0.75 1
vt 0.875 1
vt 1 1
vt 0 0
vt 0.125 0
vt 0.25 0
vt 0.375 0
vt 0.5 0
vt 0.625 0
vt 0.75 0
vt 0.875 0
vt 1 0
vt 0.5 0.5
vt 0.5 0.5
vt 0.5 0.5
vt 0.5 0.5
vt 0.5 0.5
vt 0.5 0.5
vt 0.5 0.5
vt 0.5 0.5
vt 1 0.5
vt 0.8535534143447876 0.8535534143447876
vt 0.5 1
vt 0.1464466154575348 0.8535534143447876
vt 0 0.5
vt 0.1464466154575348 0.1464466154575348
vt 0.5 0
vt 0.8535534143447876 0.1464466154575348
vt 1 0.5
vt 0.5 0.5
vt 0.5 0.5
vt 0.5 0.5
vt 0.5 0.5
vt 0.5 0.5
vt 0.5 0.5
vt 0.5 0.5
vt 0.5 0.5
vt 1 0.5
vt 0.8535534143447876 0.1464466154575348
vt 0.5 0
vt 0.1464466154575348 0.1464466154575348
vt 0 0.5
vt 0.1464466154575348 0.8535534143447876
vt 0.5 1
vt 0.8535534143447876 0.8535534143447876
vt 1 0.5
vn 0 -0.9902159962126372 -0.13954311464423674
vn 0.7071067811865476 -0.7001884457613483 -0.09867188263283161
vn 1 -6.063324515706462e-17 -8.544551807449788e-18
vn 0.7071067811865476 0.7001884457613483 0.09867188263283161
vn 1.224646852585168e-16 0.9902159962126372 0.13954311464423674
vn -0.7071067811865476 0.7001884457613483 0.09867188263283161
vn -1 1.8189972236579428e-16 2.5633653575511615e-17
vn -0.7071067811865476 -0.7001884457613483 -0.09867188263283161
vn -2.449293705170336e-16 -0.9902159962126372 -0.13954311464423674
vn 0 -0.9902159962126372 -0.13954311464423674
vn 0.7071067811865476 -0.7001884457613483 -0.09867188263283161
vn 1 -6.063324515706462e-17 -8.544551807449788e-18
vn 0.7071067811865476 0.7001884457613483 0.09867188263283161
vn 1.224646852585168e-16 0.9902159962126372 0.13954311464423674
vn -0.7071067811865476 0.7001884457613483 0.09867188263283161
vn -1 1.8189972236579428e-16 2.5633653575511615e-17
vn -0.7071067811865476 -0.7001884457613483 -0.09867188263283161
vn -2.449293705170336e-16 -0.9902159962126372 -0.13954311464423674
vn 0 -0.13954311464423674 0.9902159962126372
vn 0 -0.13954311464423674 0.9902159962126372
vn 0 -0.13954311464423674 0.9902159962126372
vn 0 -0.13954311464423674 0.9902159962126372
vn 0 -0.13954311464423674 0.9902159962126372
vn 0 -0.13954311464423674 0.9902159962126372
vn 0 -0.13954311464423674 0.9902159962126372
vn 0 -0.13954311464423674 0.9902159962126372
vn 0 -0.13954311464423674 0.9902159962126372
vn 0 -0.13954311464423674 0.9902159962126372
vn 0 -0.13954311464423674 0.9902159962126372
vn 0 -0.13954311464423674 0.9902159962126372
vn 0 -0.13954311464423674 0.9902159962126372
vn 0 -0.13954311464423674 0.9902159962126372
vn 0 -0.13954311464423674 0.9902159962126372
vn 0 -0.13954311464423674 0.9902159962126372
vn 0 -0.13954311464423674 0.9902159962126372
vn 0 0.13954311464423674 -0.9902159962126372
vn 0 0.13954311464423674 -0.9902159962126372
vn 0 0.13954311464423674 -0.9902159962126372
vn 0 0.13954311464423674 -0.9902159962126372
vn 0 0.13954311464423674 -0.9902159962126372
vn 0 0.13954311464423674 -0.9902159962126372
vn 0 0.13954311464423674 -0.9902159962126372
vn 0 0.13954311464423674 -0.9902159962126372
vn 0 0.13954311464423674 -0.9902159962126372
vn 0 0.13954311464423674 -0.9902159962126372
vn 0 0.13954311464423674 -0.9902159962126372
vn 0 0.13954311464423674 -0.9902159962126372
vn 0 0.13954311464423674 -0.9902159962126372
vn 0 0.13954311464423674 -0.9902159962126372
vn 0 0.13954311464423674 -0.9902159962126372
vn 0 0.13954311464423674 -0.9902159962126372
vn 0 0.13954311464423674 -0.9902159962126372
f 1373/1373/1373 1382/1382/1382 1374/1374/1374
f 1382/1382/1382 1383/1383/1383 1374/1374/1374
f 1374/1374/1374 1383/1383/1383 1375/1375/1375
f 1383/1383/1383 1384/1384/1384 1375/1375/1375
f 1375/1375/1375 1384/1384/1384 1376/1376/1376
f 1384/1384/1384 1385/1385/1385 1376/1376/1376
f 1376/1376/1376 1385/1385/1385 1377/1377/1377
f 1385/1385/1385 1386/1386/1386 1377/1377/1377
f 1377/1377/1377 1386/1386/1386 1378/1378/1378
f 1386/1386/1386 1387/1387/1387 1378/1378/1378
f 1378/1378/1378 1387/1387/1387 1379/1379/1379
f 1387/1387/1387 1388/1388/1388 1379/1379/1379
f 1379/1379/1379 1388/1388/1388 1380/1380/1380
f 1388/1388/1388 1389/1389/1389 1380/1380/1380
f 1380/1380/1380 1389/1389/1389 1381/1381/1381
f 1389/1389/1389 1390/1390/1390 1381/1381/1381
f 1399/1399/1399 1400/1400/1400 1391/1391/1391
f 1400/1400/1400 1401/1401/1401 1392/1392/1392
f 1401/1401/1401 1402/1402/1402 1393/1393/1393
f 1402/1402/1402 1403/1403/1403 1394/1394/1394
f 1403/1403/1403 1404/1404/1404 1395/1395/1395
f 1404/1404/1404 1405/1405/1405 1396/1396/1396
f 1405/1405/1405 1406/1406/1406 1397/1397/1397
f 1406/1406/1406 1407/1407/1407 1398/1398/1398
f 1417/1417/1417 1416/1416/1416 1408/1408/1408
f 1418/1418/1418 1417/1417/1417 1409/1409/1409
f 1419/1419/1419 1418/1418/1418 1410/1410/1410
f 1420/1420/1420 1419/1419/1419 1411/1411/1411
f 1421/1421/1421 1420/1420/1420 1412/1412/1412
f 1422/1422/1422 1421/1421/1421 1413/1413/1413
f 1423/1423/1423 1422/1422/1422 1414/1414/1414
f 1424/1424/1424 1423/1423/1423 1415/1415/1415
o brake_stud_2_1
usemtl rubber_pad
v -0.11499999999999999 0.19690496527756607 0.025176908909913042
v -0.11111091264523565 0.19850011671786888 0.0254017006736903
v -0.10950000002980231 0.20235115322722483 0.025944396036297633
v -0.11111091264523565 0.20620218973658078 0.026487091398904965
v -0.11499999999999999 0.2077973411768836 0.026711883162682228
v -0.11888908735476433 0.20620218973658078 0.026487091398904965
v -0.12049999997019767 0.20235115322722483 0.025944396036297633
v -0.11888908735476433 0.19850011671786888 0.0254017006736903
v -0.11499999999999999 0.19690496527756607 0.025176908909913042
v -0.11499999999999999 0.19746313776265478 0.021216044736931547
v -0.11111091264523565 0.1990582892029576 0.02144083650070881
v -0.10950000002980231 0.20290932571231354 0.02198353186331614
v -0.11111091264523565 0.2067603622216695 0.022526227225923474
v -0.11499999999999999 0.2083555136619723 0.022751018989700732
v -0.11888908735476433 0.2067603622216695 0.022526227225923474
v -0.12049999997019767 0.20290932571231354 0.02198353186331614
v -0.11888908735476433 0.1990582892029576 0.02144083650070881
v -0.11499999999999999 0.19746313776265478 0.021216044736931547
v -0.11499999999999999 0.20235115322722483 0.025944396036297633
v -0.11499999999999999 0.20235115322722483 0.025944396036297633
v -0.11499999999999999 0.20235115322722483 0.025944396036297633
v -0.11499999999999999 0.20235115322722483 0.025944396036297633
v -0.11499999999999999 0.20235115322722483 0.025944396036297633
v -0.11499999999999999 0.20235115322722483 0.025944396036297633
v -0.11499999999999999 0.20235115322722483 0.025944396036297633
v -0.11499999999999999 0.20235115322722483 0.025944396036297633
v -0.11499999999999999 0.19690496527756607 0.025176908909913042
v -0.11111091264523565 0.19850011671786888 0.0254017006736903
v -0.10950000002980231 0.20235115322722483 0.025944396036297633
v -0.11111091264523565 0.20620218973658078 0.026487091398904965
v -0.11499999999999999 0.2077973411768836 0.026711883162682228
v -0.11888908735476433 0.20620218973658078 0.026487091398904965
v -0.12049999997019767 0.20235115322722483 0.025944396036297633
v -0.11888908735476433 0.19850011671786888 0.0254017006736903
v -0.11499999999999999 0.19690496527756607 0.025176908909913042
v -0.11499999999999999 0.20290932571231354 0.02198353186331614
v -0.11499999999999999 0.20290932571231354 0.02198353186331614
v -0.11499999999999999 0.20290932571231354 0.02198353186331614
v -0.11499999999999999 0.20290932571231354 0.02198353186331614
v -0.11499999999999999 0.20290932571231354 0.02198353186331614
v -0.11499999999999999 0.20290932571231354 0.02198353186331614
v -0.11499999999999999 0.20290932571231354 0.02198353186331614
v -0.11499999999999999 0.20290932571231354 0.02198353186331614
v -0.11499999999999999 0.19746313776265478 0.021216044736931547
v -0.11111091264523565 0.1990582892029576 0.02144083650070881
v -0.10950000002980231 0.20290932571231354 0.02198353186331614
v -0.11111091264523565 0.2067603622216695 0.022526227225923474
v -0.11499999999999999 0.2083555136619723 0.022751018989700732
v -0.11888908735476433 0.2067603622216695 0.022526227225923474
v -0.12049999997019767 0.20290932571231354 0.02198353186331614
v -0.11888908735476433 0.1990582892029576 0.02144083650070881
v -0.11499999999999999 0.19746313776265478 0.021216044736931547
vt 0 1
vt 0.125 1
vt 0.25 1
vt 0.375 1
vt 0.5 1
vt 0.625 1
vt 0.75 1
vt 0.875 1
vt 1 1
vt 0 0
vt 0.125 0
vt 0.25 0
vt 0.375 0
vt 0.5 0
vt 0.625 0
vt 0.75 0
vt 0.875 0
vt 1 0
vt 0.5 0.5
vt 0.5 0.5
vt 0.5 0.5
vt 0.5 0.5
vt 0.5 0.5
vt 0.5 0.5
vt 0.5 0.5
vt 0.5 0.5
vt 1 0.5
vt 0.8535534143447876 0.8535534143447876
vt 0.5 1
vt 0.1464466154575348 0.8535534143447876
vt 0 0.5
vt 0.1464466154575348 0.1464466154575348
vt 0.5 0
vt 0.8535534143447876 0.1464466154575348
vt 1 0.5
vt 0.5 0.5
vt 0.5 0.5
vt 0.5 0.5
vt 0.5 0.5
vt 0.5 0.5
vt 0.5 0.5
vt 0.5 0.5
vt 0.5 0.5
vt 1 0.5
vt 0.8535534143447876 0.1464466154575348
vt 0.5 0
vt 0.1464466154575348 0.1464466154575348
vt 0 0.5
vt 0.1464466154575348 0.8535534143447876
vt 0.5 1
vt 0.8535534143447876 0.8535534143447876
vt 1 0.5
vn 0 -0.9902159962126372 -0.13954311464423674
vn 0.7071067811865476 -0.7001884457613483 -0.09867188263283161
vn 1 -6.063324515706462e-17 -8.544551807449788e-18
vn 0.7071067811865476 0.7001884457613483 0.09867188263283161
vn 1.224646852585168e-16 0.9902159962126372 0.13954311464423674
vn -0.7071067811865476 0.7001884457613483 0.09867188263283161
vn -1 1.8189972236579428e-16 2.5633653575511615e-17
vn -0.7071067811865476 -0.7001884457613483 -0.09867188263283161
vn -2.449293705170336e-16 -0.9902159962126372 -0.13954311464423674
vn 0 -0.9902159962126372 -0.13954311464423674
vn 0.7071067811865476 -0.7001884457613483 -0.09867188263283161
vn 1 -6.063324515706462e-17 -8.544551807449788e-18
vn 0.7071067811865476 0.7001884457613483 0.09867188263283161
vn 1.224646852585168e-16 0.9902159962126372 0.13954311464423674
vn -0.7071067811865476 0.7001884457613483 0.09867188263283161
vn -1 1.8189972236579428e-16 2.5633653575511615e-17
vn -0.7071067811865476 -0.7001884457613483 -0.09867188263283161
vn -2.449293705170336e-16 -0.9902159962126372 -0.13954311464423674
vn 0 -0.13954311464423674 0.9902159962126372
vn 0 -0.13954311464423674 0.9902159962126372
vn 0 -0.13954311464423674 0.9902159962126372
vn 0 -0.13954311464423674 0.9902159962126372
vn 0 -0.13954311464423674 0.9902159962126372
vn 0 -0.13954311464423674 0.9902159962126372
vn 0 -0.13954311464423674 0.9902159962126372
vn 0 -0.13954311464423674 0.9902159962126372
vn 0 -0.13954311464423674 0.9902159962126372
vn 0 -0.13954311464423674 0.9902159962126372
vn 0 -0.13954311464423674 0.9902159962126372
vn 0 -0.13954311464423674 0.9902159962126372
vn 0 -0.13954311464423674 0.9902159962126372
vn 0 -0.13954311464423674 0.9902159962126372
vn 0 -0.13954311464423674 0.9902159962126372
vn 0 -0.13954311464423674 0.9902159962126372
vn 0 -0.13954311464423674 0.9902159962126372
vn 0 0.13954311464423674 -0.9902159962126372
vn 0 0.13954311464423674 -0.9902159962126372
vn 0 0.13954311464423674 -0.9902159962126372
vn 0 0.13954311464423674 -0.9902159962126372
vn 0 0.13954311464423674 -0.9902159962126372
vn 0 0.13954311464423674 -0.9902159962126372
vn 0 0.13954311464423674 -0.9902159962126372
vn 0 0.13954311464423674 -0.9902159962126372
vn 0 0.13954311464423674 -0.9902159962126372
vn 0 0.13954311464423674 -0.9902159962126372
vn 0 0.13954311464423674 -0.9902159962126372
vn 0 0.13954311464423674 -0.9902159962126372
vn 0 0.13954311464423674 -0.9902159962126372
vn 0 0.13954311464423674 -0.9902159962126372
vn 0 0.13954311464423674 -0.9902159962126372
vn 0 0.13954311464423674 -0.9902159962126372
vn 0 0.13954311464423674 -0.9902159962126372
f 1425/1425/1425 1434/1434/1434 1426/1426/1426
f 1434/1434/1434 1435/1435/1435 1426/1426/1426
f 1426/1426/1426 1435/1435/1435 1427/1427/1427
f 1435/1435/1435 1436/1436/1436 1427/1427/1427
f 1427/1427/1427 1436/1436/1436 1428/1428/1428
f 1436/1436/1436 1437/1437/1437 1428/1428/1428
f 1428/1428/1428 1437/1437/1437 1429/1429/1429
f 1437/1437/1437 1438/1438/1438 1429/1429/1429
f 1429/1429/1429 1438/1438/1438 1430/1430/1430
f 1438/1438/1438 1439/1439/1439 1430/1430/1430
f 1430/1430/1430 1439/1439/1439 1431/1431/1431
f 1439/1439/1439 1440/1440/1440 1431/1431/1431
f 1431/1431/1431 1440/1440/1440 1432/1432/1432
f 1440/1440/1440 1441/1441/1441 1432/1432/1432
f 1432/1432/1432 1441/1441/1441 1433/1433/1433
f 1441/1441/1441 1442/1442/1442 1433/1433/1433
f 1451/1451/1451 1452/1452/1452 1443/1443/1443
f 1452/1452/1452 1453/1453/1453 1444/1444/1444
f 1453/1453/1453 1454/1454/1454 1445/1445/1445
f 1454/1454/1454 1455/1455/1455 1446/1446/1446
f 1455/1455/1455 1456/1456/1456 1447/1447/1447
f 1456/1456/1456 1457/1457/1457 1448/1448/1448
f 1457/1457/1457 1458/1458/1458 1449/1449/1449
f 1458/1458/1458 1459/1459/1459 1450/1450/1450
f 1469/1469/1469 1468/1468/1468 1460/1460/1460
f 1470/1470/1470 1469/1469/1469 1461/1461/1461
f 1471/1471/1471 1470/1470/1470 1462/1462/1462
f 1472/1472/1472 1471/1471/1471 1463/1463/1463
f 1473/1473/1473 1472/1472/1472 1464/1464/1464
f 1474/1474/1474 1473/1473/1473 1465/1465/1465
f 1475/1475/1475 1474/1474/1474 1466/1466/1466
f 1476/1476/1476 1475/1475/1475 1467/1467/1467
o brake_stud_2_2
usemtl rubber_pad
v -0.11499999999999999 0.21490496527756608 0.025176908909913042
v -0.11111091264523565 0.2165001167178689 0.0254017006736903
v -0.10950000002980231 0.22035115322722484 0.025944396036297633
v -0.11111091264523565 0.2242021897365808 0.026487091398904965
v -0.11499999999999999 0.2257973411768836 0.026711883162682228
v -0.11888908735476433 0.2242021897365808 0.026487091398904965
v -0.12049999997019767 0.22035115322722484 0.025944396036297633
v -0.11888908735476433 0.2165001167178689 0.0254017006736903
v -0.11499999999999999 0.21490496527756608 0.025176908909913042
v -0.11499999999999999 0.2154631377626548 0.021216044736931547
v -0.11111091264523565 0.2170582892029576 0.02144083650070881
v -0.10950000002980231 0.22090932571231356 0.02198353186331614
v -0.11111091264523565 0.2247603622216695 0.022526227225923474
v -0.11499999999999999 0.22635551366197232 0.022751018989700732
v -0.11888908735476433 0.2247603622216695 0.022526227225923474
v -0.12049999997019767 0.22090932571231356 0.02198353186331614
v -0.11888908735476433 0.2170582892029576 0.02144083650070881
v -0.11499999999999999 0.2154631377626548 0.021216044736931547
v -0.11499999999999999 0.22035115322722484 0.025944396036297633
v -0.11499999999999999 0.22035115322722484 0.025944396036297633
v -0.11499999999999999 0.22035115322722484 0.025944396036297633
v -0.11499999999999999 0.22035115322722484 0.025944396036297633
v -0.11499999999999999 0.22035115322722484 0.025944396036297633
v -0.11499999999999999 0.22035115322722484 0.025944396036297633
v -0.11499999999999999 0.22035115322722484 0.025944396036297633
v -0.11499999999999999 0.22035115322722484 0.025944396036297633
v -0.11499999999999999 0.21490496527756608 0.025176908909913042
v -0.11111091264523565 0.2165001167178689 0.0254017006736903
v -0.10950000002980231 0.22035115322722484 0.025944396036297633
v -0.11111091264523565 0.2242021897365808 0.026487091398904965
v -0.11499999999999999 0.2257973411768836 0.026711883162682228
v -0.11888908735476433 0.2242021897365808 0.026487091398904965
v -0.12049999997019767 0.22035115322722484 0.025944396036297633
v -0.11888908735476433 0.2165001167178689 0.0254017006736903
v -0.11499999999999999 0.21490496527756608 0.025176908909913042
v -0.11499999999999999 0.22090932571231356 0.02198353186331614
v -0.11499999999999999 0.22090932571231356 0.02198353186331614
v -0.11499999999999999 0.22090932571231356 0.02198353186331614
v -0.11499999999999999 0.22090932571231356 0.02198353186331614
v -0.11499999999999999 0.22090932571231356 0.02198353186331614
v -0.11499999999999999 0.22090932571231356 0.02198353186331614
v -0.11499999999999999 0.22090932571231356 0.02198353186331614
v -0.11499999999999999 0.22090932571231356 0.02198353186331614
v -0.11499999999999999 0.2154631377626548 0.021216044736931547
v -0.11111091264523565 0.2170582892029576 0.02144083650070881
v -0.10950000002980231 0.22090932571231356 0.02198353186331614
v -0.11111091264523565 0.2247603622216695 0.022526227225923474
v -0.11499999999999999 0.22635551366197232 0.022751018989700732
v -0.11888908735476433 0.2247603622216695 0.022526227225923474
v -0.12049999997019767 0.22090932571231356 0.02198353186331614
v -0.11888908735476433 0.2170582892029576 0.02144083650070881
v -0.11499999999999999 0.2154631377626548 0.021216044736931547
vt 0 1
vt 0.125 1
vt 0.25 1
vt 0.375 1
vt 0.5 1
vt 0.625 1
vt 0.75 1
vt 0.875 1
vt 1 1
vt 0 0
vt 0.125 0
vt 0.25 0
vt 0.375 0
vt 0.5 0
vt 0.625 0
vt 0.75 0
vt 0.875 0
vt 1 0
vt 0.5 0.5
vt 0.5 0.5
vt 0.5 0.5
vt 0.5 0.5
vt 0.5 0.5
vt 0.5 0.5
vt 0.5 0.5
vt 0.5 0.5
vt 1 0.5
vt 0.8535534143447876 0.8535534143447876
vt 0.5 1
vt 0.1464466154575348 0.8535534143447876
vt 0 0.5
vt 0.1464466154575348 0.1464466154575348
vt 0.5 0
vt 0.8535534143447876 0.1464466154575348
vt 1 0.5
vt 0.5 0.5
vt 0.5 0.5
vt 0.5 0.5
vt 0.5 0.5
vt 0.5 0.5
vt 0.5 0.5
vt 0.5 0.5
vt 0.5 0.5
vt 1 0.5
vt 0.8535534143447876 0.1464466154575348
vt 0.5 0
vt 0.1464466154575348 0.1464466154575348
vt 0 0.5
vt 0.1464466154575348 0.8535534143447876
vt 0.5 1
vt 0.8535534143447876 0.8535534143447876
vt 1 0.5
vn 0 -0.9902159962126372 -0.13954311464423674
vn 0.7071067811865476 -0.7001884457613483 -0.09867188263283161
vn 1 -6.063324515706462e-17 -8.544551807449788e-18
vn 0.7071067811865476 0.7001884457613483 0.09867188263283161
vn 1.224646852585168e-16 0.9902159962126372 0.13954311464423674
vn -0.7071067811865476 0.7001884457613483 0.09867188263283161
vn -1 1.8189972236579428e-16 2.5633653575511615e-17
vn -0.7071067811865476 -0.7001884457613483 -0.09867188263283161
vn -2.449293705170336e-16 -0.9902159962126372 -0.13954311464423674
vn 0 -0.9902159962126372 -0.13954311464423674
vn 0.7071067811865476 -0.7001884457613483 -0.09867188263283161
vn 1 -6.063324515706462e-17 -8.544551807449788e-18
vn 0.7071067811865476 0.7001884457613483 0.09867188263283161
vn 1.224646852585168e-16 0.9902159962126372 0.13954311464423674
vn -0.7071067811865476 0.7001884457613483 0.09867188263283161
vn -1 1.8189972236579428e-16 2.5633653575511615e-17
vn -0.7071067811865476 -0.7001884457613483 -0.09867188263283161
vn -2.449293705170336e-16 -0.9902159962126372 -0.13954311464423674
vn 0 -0.13954311464423674 0.9902159962126372
vn 0 -0.13954311464423674 0.9902159962126372
vn 0 -0.13954311464423674 0.9902159962126372
vn 0 -0.13954311464423674 0.9902159962126372
vn 0 -0.13954311464423674 0.9902159962126372
vn 0 -0.13954311464423674 0.9902159962126372
vn 0 -0.13954311464423674 0.9902159962126372
vn 0 -0.13954311464423674 0.9902159962126372
vn 0 -0.13954311464423674 0.9902159962126372
vn 0 -0.13954311464423674 0.9902159962126372
vn 0 -0.13954311464423674 0.9902159962126372
vn 0 -0.13954311464423674 0.9902159962126372
vn 0 -0.13954311464423674 0.9902159962126372
vn 0 -0.13954311464423674 0.9902159962126372
vn 0 -0.13954311464423674 0.9902159962126372
vn 0 -0.13954311464423674 0.9902159962126372
vn 0 -0.13954311464423674 0.9902159962126372
vn 0 0.13954311464423674 -0.9902159962126372
vn 0 0.13954311464423674 -0.9902159962126372
vn 0 0.13954311464423674 -0.9902159962126372
vn 0 0.13954311464423674 -0.9902159962126372
vn 0 0.13954311464423674 -0.9902159962126372
vn 0 0.13954311464423674 -0.9902159962126372
vn 0 0.13954311464423674 -0.9902159962126372
vn 0 0.13954311464423674 -0.9902159962126372
vn 0 0.13954311464423674 -0.9902159962126372
vn 0 0.13954311464423674 -0.9902159962126372
vn 0 0.13954311464423674 -0.9902159962126372
vn 0 0.13954311464423674 -0.9902159962126372
vn 0 0.13954311464423674 -0.9902159962126372
vn 0 0.13954311464423674 -0.9902159962126372
vn 0 0.13954311464423674 -0.9902159962126372
vn 0 0.13954311464423674 -0.9902159962126372
vn 0 0.13954311464423674 -0.9902159962126372
f 1477/1477/1477 1486/1486/1486 1478/1478/1478
f 1486/1486/1486 1487/1487/1487 1478/1478/1478
f 1478/1478/1478 1487/1487/1487 1479/1479/1479
f 1487/1487/1487 1488/1488/1488 1479/1479/1479
f 1479/1479/1479 1488/1488/1488 1480/1480/1480
f 1488/1488/1488 1489/1489/1489 1480/1480/1480
f 1480/1480/1480 1489/1489/1489 1481/1481/1481
f 1489/1489/1489 1490/1490/1490 1481/1481/1481
f 1481/1481/1481 1490/1490/1490 1482/1482/1482
f 1490/1490/1490 1491/1491/1491 1482/1482/1482
f 1482/1482/1482 1491/1491/1491 1483/1483/1483
f 1491/1491/1491 1492/1492/1492 1483/1483/1483
f 1483/1483/1483 1492/1492/1492 1484/1484/1484
f 1492/1492/1492 1493/1493/1493 1484/1484/1484
f 1484/1484/1484 1493/1493/1493 1485/1485/1485
f 1493/1493/1493 1494/1494/1494 1485/1485/1485
f 1503/1503/1503 1504/1504/1504 1495/1495/1495
f 1504/1504/1504 1505/1505/1505 1496/1496/1496
f 1505/1505/1505 1506/1506/1506 1497/1497/1497
f 1506/1506/1506 1507/1507/1507 1498/1498/1498
f 1507/1507/1507 1508/1508/1508 1499/1499/1499
f 1508/1508/1508 1509/1509/1509 1500/1500/1500
f 1509/1509/1509 1510/1510/1510 1501/1501/1501
f 1510/1510/1510 1511/1511/1511 1502/1502/1502
f 1521/1521/1521 1520/1520/1520 1512/1512/1512
f 1522/1522/1522 1521/1521/1521 1513/1513/1513
f 1523/1523/1523 1522/1522/1522 1514/1514/1514
f 1524/1524/1524 1523/1523/1523 1515/1515/1515
f 1525/1525/1525 1524/1524/1524 1516/1516/1516
f 1526/1526/1526 1525/1525/1525 1517/1517/1517
f 1527/1527/1527 1526/1526/1526 1518/1518/1518
f 1528/1528/1528 1527/1527/1527 1519/1519/1519
o brake_stud_2_3
usemtl rubber_pad
v -0.11499999999999999 0.23290496527756607 0.025176908909913042
v -0.11111091264523565 0.23450011671786888 0.0254017006736903
v -0.10950000002980231 0.23835115322722483 0.025944396036297633
v -0.11111091264523565 0.24220218973658078 0.026487091398904965
v -0.11499999999999999 0.2437973411768836 0.026711883162682228
v -0.11888908735476433 0.24220218973658078 0.026487091398904965
v -0.12049999997019767 0.23835115322722483 0.025944396036297633
v -0.11888908735476433 0.23450011671786888 0.0254017006736903
v -0.11499999999999999 0.23290496527756607 0.025176908909913042
v -0.11499999999999999 0.2334631377626548 0.021216044736931547
v -0.11111091264523565 0.2350582892029576 0.02144083650070881
v -0.10950000002980231 0.23890932571231355 0.02198353186331614
v -0.11111091264523565 0.2427603622216695 0.022526227225923474
v -0.11499999999999999 0.2443555136619723 0.022751018989700732
v -0.11888908735476433 0.2427603622216695 0.022526227225923474
v -0.12049999997019767 0.23890932571231355 0.02198353186331614
v -0.11888908735476433 0.2350582892029576 0.02144083650070881
v -0.11499999999999999 0.2334631377626548 0.021216044736931547
v -0.11499999999999999 0.23835115322722483 0.025944396036297633
v -0.11499999999999999 0.23835115322722483 0.025944396036297633
v -0.11499999999999999 0.23835115322722483 0.025944396036297633
v -0.11499999999999999 0.23835115322722483 0.025944396036297633
v -0.11499999999999999 0.23835115322722483 0.025944396036297633
v -0.11499999999999999 0.23835115322722483 0.025944396036297633
v -0.11499999999999999 0.23835115322722483 0.025944396036297633
v -0.11499999999999999 0.23835115322722483 0.025944396036297633
v -0.11499999999999999 0.23290496527756607 0.025176908909913042
v -0.11111091264523565 0.23450011671786888 0.0254017006736903
v -0.10950000002980231 0.23835115322722483 0.025944396036297633
v -0.11111091264523565 0.24220218973658078 0.026487091398904965
v -0.11499999999999999 0.2437973411768836 0.026711883162682228
v -0.11888908735476433 0.24220218973658078 0.026487091398904965
v -0.12049999997019767 0.23835115322722483 0.025944396036297633
v -0.11888908735476433 0.23450011671786888 0.0254017006736903
v -0.11499999999999999 0.23290496527756607 0.025176908909913042
v -0.11499999999999999 0.23890932571231355 0.02198353186331614
v -0.11499999999999999 0.23890932571231355 0.02198353186331614
v -0.11499999999999999 0.23890932571231355 0.02198353186331614
v -0.11499999999999999 0.23890932571231355 0.02198353186331614
v -0.11499999999999999 0.23890932571231355 0.02198353186331614
v -0.11499999999999999 0.23890932571231355 0.02198353186331614
v -0.11499999999999999 0.23890932571231355 0.02198353186331614
v -0.11499999999999999 0.23890932571231355 0.02198353186331614
v -0.11499999999999999 0.2334631377626548 0.021216044736931547
v -0.11111091264523565 0.2350582892029576 0.02144083650070881
v -0.10950000002980231 0.23890932571231355 0.02198353186331614
v -0.11111091264523565 0.2427603622216695 0.022526227225923474
v -0.11499999999999999 0.2443555136619723 0.022751018989700732
v -0.11888908735476433 0.2427603622216695 0.022526227225923474
v -0.12049999997019767 0.23890932571231355 0.02198353186331614
v -0.11888908735476433 0.2350582892029576 0.02144083650070881
v -0.11499999999999999 0.2334631377626548 0.021216044736931547
vt 0 1
vt 0.125 1
vt 0.25 1
vt 0.375 1
vt 0.5 1
vt 0.625 1
vt 0.75 1
vt 0.875 1
vt 1 1
vt 0 0
vt 0.125 0
vt 0.25 0
vt 0.375 0
vt 0.5 0
vt 0.625 0
vt 0.75 0
vt 0.875 0
vt 1 0
vt 0.5 0.5
vt 0.5 0.5
vt 0.5 0.5
vt 0.5 0.5
vt 0.5 0.5
vt 0.5 0.5
vt 0.5 0.5
vt 0.5 0.5
vt 1 0.5
vt 0.8535534143447876 0.8535534143447876
vt 0.5 1
vt 0.1464466154575348 0.8535534143447876
vt 0 0.5
vt 0.1464466154575348 0.1464466154575348
vt 0.5 0
vt 0.8535534143447876 0.1464466154575348
vt 1 0.5
vt 0.5 0.5
vt 0.5 0.5
vt 0.5 0.5
vt 0.5 0.5
vt 0.5 0.5
vt 0.5 0.5
vt 0.5 0.5
vt 0.5 0.5
vt 1 0.5
vt 0.8535534143447876 0.1464466154575348
vt 0.5 0
vt 0.1464466154575348 0.1464466154575348
vt 0 0.5
vt 0.1464466154575348 0.8535534143447876
vt 0.5 1
vt 0.8535534143447876 0.8535534143447876
vt 1 0.5
vn 0 -0.9902159962126372 -0.13954311464423674
vn 0.7071067811865476 -0.7001884457613483 -0.09867188263283161
vn 1 -6.063324515706462e-17 -8.544551807449788e-18
vn 0.7071067811865476 0.7001884457613483 0.09867188263283161
vn 1.224646852585168e-16 0.9902159962126372 0.13954311464423674
vn -0.7071067811865476 0.7001884457613483 0.09867188263283161
vn -1 1.8189972236579428e-16 2.5633653575511615e-17
vn -0.7071067811865476 -0.7001884457613483 -0.09867188263283161
vn -2.449293705170336e-16 -0.9902159962126372 -0.13954311464423674
vn 0 -0.9902159962126372 -0.13954311464423674
vn 0.7071067811865476 -0.7001884457613483 -0.09867188263283161
vn 1 -6.063324515706462e-17 -8.544551807449788e-18
vn 0.7071067811865476 0.7001884457613483 0.09867188263283161
vn 1.224646852585168e-16 0.9902159962126372 0.13954311464423674
vn -0.7071067811865476 0.7001884457613483 0.09867188263283161
vn -1 1.8189972236579428e-16 2.5633653575511615e-17
vn -0.7071067811865476 -0.7001884457613483 -0.09867188263283161
vn -2.449293705170336e-16 -0.9902159962126372 -0.13954311464423674
vn 0 -0.13954311464423674 0.9902159962126372
vn 0 -0.13954311464423674 0.9902159962126372
vn 0 -0.13954311464423674 0.9902159962126372
vn 0 -0.13954311464423674 0.9902159962126372
vn 0 -0.13954311464423674 0.9902159962126372
vn 0 -0.13954311464423674 0.9902159962126372
vn 0 -0.13954311464423674 0.9902159962126372
vn 0 -0.13954311464423674 0.9902159962126372
vn 0 -0.13954311464423674 0.9902159962126372
vn 0 -0.13954311464423674 0.9902159962126372
vn 0 -0.13954311464423674 0.9902159962126372
vn 0 -0.13954311464423674 0.9902159962126372
vn 0 -0.13954311464423674 0.9902159962126372
vn 0 -0.13954311464423674 0.9902159962126372
vn 0 -0.13954311464423674 0.9902159962126372
vn 0 -0.13954311464423674 0.9902159962126372
vn 0 -0.13954311464423674 0.9902159962126372
vn 0 0.13954311464423674 -0.9902159962126372
vn 0 0.13954311464423674 -0.9902159962126372
vn 0 0.13954311464423674 -0.9902159962126372
vn 0 0.13954311464423674 -0.9902159962126372
vn 0 0.13954311464423674 -0.9902159962126372
vn 0 0.13954311464423674 -0.9902159962126372
vn 0 0.13954311464423674 -0.9902159962126372
vn 0 0.13954311464423674 -0.9902159962126372
vn 0 0.13954311464423674 -0.9902159962126372
vn 0 0.13954311464423674 -0.9902159962126372
vn 0 0.13954311464423674 -0.9902159962126372
vn 0 0.13954311464423674 -0.9902159962126372
vn 0 0.13954311464423674 -0.9902159962126372
vn 0 0.13954311464423674 -0.9902159962126372
vn 0 0.13954311464423674 -0.9902159962126372
vn 0 0.13954311464423674 -0.9902159962126372
vn 0 0.13954311464423674 -0.9902159962126372
f 1529/1529/1529 1538/1538/1538 1530/1530/1530
f 1538/1538/1538 1539/1539/1539 1530/1530/1530
f 1530/1530/1530 1539/1539/1539 1531/1531/1531
f 1539/1539/1539 1540/1540/1540 1531/1531/1531
f 1531/1531/1531 1540/1540/1540 1532/1532/1532
f 1540/1540/1540 1541/1541/1541 1532/1532/1532
f 1532/1532/1532 1541/1541/1541 1533/1533/1533
f 1541/1541/1541 1542/1542/1542 1533/1533/1533
f 1533/1533/1533 1542/1542/1542 1534/1534/1534
f 1542/1542/1542 1543/1543/1543 1534/1534/1534
f 1534/1534/1534 1543/1543/1543 1535/1535/1535
f 1543/1543/1543 1544/1544/1544 1535/1535/1535
f 1535/1535/1535 1544/1544/1544 1536/1536/1536
f 1544/1544/1544 1545/1545/1545 1536/1536/1536
f 1536/1536/1536 1545/1545/1545 1537/1537/1537
f 1545/1545/1545 1546/1546/1546 1537/1537/1537
f 1555/1555/1555 1556/1556/1556 1547/1547/1547
f 1556/1556/1556 1557/1557/1557 1548/1548/1548
f 1557/1557/1557 1558/1558/1558 1549/1549/1549
f 1558/1558/1558 1559/1559/1559 1550/1550/1550
f 1559/1559/1559 1560/1560/1560 1551/1551/1551
f 1560/1560/1560 1561/1561/1561 1552/1552/1552
f 1561/1561/1561 1562/1562/1562 1553/1553/1553
f 1562/1562/1562 1563/1563/1563 1554/1554/1554
f 1573/1573/1573 1572/1572/1572 1564/1564/1564
f 1574/1574/1574 1573/1573/1573 1565/1565/1565
f 1575/1575/1575 1574/1574/1574 1566/1566/1566
f 1576/1576/1576 1575/1575/1575 1567/1567/1567
f 1577/1577/1577 1576/1576/1576 1568/1568/1568
f 1578/1578/1578 1577/1577/1577 1569/1569/1569
f 1579/1579/1579 1578/1578/1578 1570/1570/1570
f 1580/1580/1580 1579/1579/1579 1571/1571/1571
o brake_stud_2_4
usemtl rubber_pad
v -0.11499999999999999 0.25090496527756606 0.025176908909913042
v -0.11111091264523565 0.2525001167178689 0.0254017006736903
v -0.10950000002980231 0.25635115322722485 0.025944396036297633
v -0.11111091264523565 0.26020218973658077 0.026487091398904965
v -0.11499999999999999 0.26179734117688364 0.026711883162682228
v -0.11888908735476433 0.26020218973658077 0.026487091398904965
v -0.12049999997019767 0.25635115322722485 0.025944396036297633
v -0.11888908735476433 0.2525001167178689 0.0254017006736903
v -0.11499999999999999 0.25090496527756606 0.025176908909913042
v -0.11499999999999999 0.2514631377626548 0.021216044736931547
v -0.11111091264523565 0.25305828920295764 0.02144083650070881
v -0.10950000002980231 0.25690932571231356 0.02198353186331614
v -0.11111091264523565 0.2607603622216695 0.022526227225923474
v -0.11499999999999999 0.26235551366197235 0.022751018989700732
v -0.11888908735476433 0.2607603622216695 0.022526227225923474
v -0.12049999997019767 0.25690932571231356 0.02198353186331614
v -0.11888908735476433 0.25305828920295764 0.02144083650070881
v -0.11499999999999999 0.2514631377626548 0.021216044736931547
v -0.11499999999999999 0.25635115322722485 0.025944396036297633
v -0.11499999999999999 0.25635115322722485 0.025944396036297633
v -0.11499999999999999 0.25635115322722485 0.025944396036297633
v -0.11499999999999999 0.25635115322722485 0.025944396036297633
v -0.11499999999999999 0.25635115322722485 0.025944396036297633
v -0.11499999999999999 0.25635115322722485 0.025944396036297633
v -0.11499999999999999 0.25635115322722485 0.025944396036297633
v -0.11499999999999999 0.25635115322722485 0.025944396036297633
v -0.11499999999999999 0.25090496527756606 0.025176908909913042
v -0.11111091264523565 0.2525001167178689 0.0254017006736903
v -0.10950000002980231 0.25635115322722485 0.025944396036297633
v -0.11111091264523565 0.26020218973658077 0.026487091398904965
v -0.11499999999999999 0.26179734117688364 0.026711883162682228
v -0.11888908735476433 0.26020218973658077 0.026487091398904965
v -0.12049999997019767 0.25635115322722485 0.025944396036297633
v -0.11888908735476433 0.2525001167178689 0.0254017006736903
v -0.11499999999999999 0.25090496527756606 0.025176908909913042
v -0.11499999999999999 0.25690932571231356 0.02198353186331614
v -0.11499999999999999 0.25690932571231356 0.02198353186331614
v -0.11499999999999999 0.25690932571231356 0.02198353186331614
v -0.11499999999999999 0.25690932571231356 0.02198353186331614
v -0.11499999999999999 0.25690932571231356 0.02198353186331614
v -0.11499999999999999 0.25690932571231356 0.02198353186331614
v -0.11499999999999999 0.25690932571231356 0.02198353186331614
v -0.11499999999999999 0.25690932571231356 0.02198353186331614
v -0.11499999999999999 0.2514631377626548 0.021216044736931547
v -0.11111091264523565 0.25305828920295764 0.02144083650070881
v -0.10950000002980231 0.25690932571231356 0.02198353186331614
v -0.11111091264523565 0.2607603622216695 0.022526227225923474
v -0.11499999999999999 0.26235551366197235 0.022751018989700732
v -0.11888908735476433 0.2607603622216695 0.022526227225923474
v -0.12049999997019767 0.25690932571231356 0.02198353186331614
v -0.11888908735476433 0.25305828920295764 0.02144083650070881
v -0.11499999999999999 0.2514631377626548 0.021216044736931547
vt 0 1
vt 0.125 1
vt 0.25 1
vt 0.375 1
vt 0.5 1
vt 0.625 1
vt 0.75 1
vt 0.875 1
vt 1 1
vt 0 0
vt 0.125 0
vt 0.25 0
vt 0.375 0
vt 0.5 0
vt 0.625 0
vt 0.75 0
vt 0.875 0
vt 1 0
vt 0.5 0.5
vt 0.5 0.5
vt 0.5 0.5
vt 0.5 0.5
vt 0.5 0.5
vt 0.5 0.5
vt 0.5 0.5
vt 0.5 0.5
vt 1 0.5
vt 0.8535534143447876 0.8535534143447876
vt 0.5 1
vt 0.1464466154575348 0.8535534143447876
vt 0 0.5
vt 0.1464466154575348 0.1464466154575348
vt 0.5 0
vt 0.8535534143447876 0.1464466154575348
vt 1 0.5
vt 0.5 0.5
vt 0.5 0.5
vt 0.5 0.5
vt 0.5 0.5
vt 0.5 0.5
vt 0.5 0.5
vt 0.5 0.5
vt 0.5 0.5
vt 1 0.5
vt 0.8535534143447876 0.1464466154575348
vt 0.5 0
vt 0.1464466154575348 0.1464466154575348
vt 0 0.5
vt 0.1464466154575348 0.8535534143447876
vt 0.5 1
vt 0.8535534143447876 0.8535534143447876
vt 1 0.5
vn 0 -0.9902159962126372 -0.13954311464423674
vn 0.7071067811865476 -0.7001884457613483 -0.09867188263283161
vn 1 -6.063324515706462e-17 -8.544551807449788e-18
vn 0.7071067811865476 0.7001884457613483 0.09867188263283161
vn 1.224646852585168e-16 0.9902159962126372 0.13954311464423674
vn -0.7071067811865476 0.7001884457613483 0.09867188263283161
vn -1 1.8189972236579428e-16 2.5633653575511615e-17
vn -0.7071067811865476 -0.7001884457613483 -0.09867188263283161
vn -2.449293705170336e-16 -0.9902159962126372 -0.13954311464423674
vn 0 -0.9902159962126372 -0.13954311464423674
vn 0.7071067811865476 -0.7001884457613483 -0.09867188263283161
vn 1 -6.063324515706462e-17 -8.544551807449788e-18
vn 0.7071067811865476 0.7001884457613483 0.09867188263283161
vn 1.224646852585168e-16 0.9902159962126372 0.13954311464423674
vn -0.7071067811865476 0.7001884457613483 0.09867188263283161
vn -1 1.8189972236579428e-16 2.5633653575511615e-17
vn -0.7071067811865476 -0.7001884457613483 -0.09867188263283161
vn -2.449293705170336e-16 -0.9902159962126372 -0.13954311464423674
vn 0 -0.13954311464423674 0.9902159962126372
vn 0 -0.13954311464423674 0.9902159962126372
vn 0 -0.13954311464423674 0.9902159962126372
vn 0 -0.13954311464423674 0.9902159962126372
vn 0 -0.13954311464423674 0.9902159962126372
vn 0 -0.13954311464423674 0.9902159962126372
vn 0 -0.13954311464423674 0.9902159962126372
vn 0 -0.13954311464423674 0.9902159962126372
vn 0 -0.13954311464423674 0.9902159962126372
vn 0 -0.13954311464423674 0.9902159962126372
vn 0 -0.13954311464423674 0.9902159962126372
vn 0 -0.13954311464423674 0.9902159962126372
vn 0 -0.13954311464423674 0.9902159962126372
vn 0 -0.13954311464423674 0.9902159962126372
vn 0 -0.13954311464423674 0.9902159962126372
vn 0 -0.13954311464423674 0.9902159962126372
vn 0 -0.13954311464423674 0.9902159962126372
vn 0 0.13954311464423674 -0.9902159962126372
vn 0 0.13954311464423674 -0.9902159962126372
vn 0 0.13954311464423674 -0.9902159962126372
vn 0 0.13954311464423674 -0.9902159962126372
vn 0 0.13954311464423674 -0.9902159962126372
vn 0 0.13954311464423674 -0.9902159962126372
vn 0 0.13954311464423674 -0.9902159962126372
vn 0 0.13954311464423674 -0.9902159962126372
vn 0 0.13954311464423674 -0.9902159962126372
vn 0 0.13954311464423674 -0.9902159962126372
vn 0 0.13954311464423674 -0.9902159962126372
vn 0 0.13954311464423674 -0.9902159962126372
vn 0 0.13954311464423674 -0.9902159962126372
vn 0 0.13954311464423674 -0.9902159962126372
vn 0 0.13954311464423674 -0.9902159962126372
vn 0 0.13954311464423674 -0.9902159962126372
vn 0 0.13954311464423674 -0.9902159962126372
f 1581/1581/1581 1590/1590/1590 1582/1582/1582
f 1590/1590/1590 1591/1591/1591 1582/1582/1582
f 1582/1582/1582 1591/1591/1591 1583/1583/1583
f 1591/1591/1591 1592/1592/1592 1583/1583/1583
f 1583/1583/1583 1592/1592/1592 1584/1584/1584
f 1592/1592/1592 1593/1593/1593 1584/1584/1584
f 1584/1584/1584 1593/1593/1593 1585/1585/1585
f 1593/1593/1593 1594/1594/1594 1585/1585/1585
f 1585/1585/1585 1594/1594/1594 1586/1586/1586
f 1594/1594/1594 1595/1595/1595 1586/1586/1586
f 1586/1586/1586 1595/1595/1595 1587/1587/1587
f 1595/1595/1595 1596/1596/1596 1587/1587/1587
f 1587/1587/1587 1596/1596/1596 1588/1588/1588
f 1596/1596/1596 1597/1597/1597 1588/1588/1588
f 1588/1588/1588 1597/1597/1597 1589/1589/1589
f 1597/1597/1597 1598/1598/1598 1589/1589/1589
f 1607/1607/1607 1608/1608/1608 1599/1599/1599
f 1608/1608/1608 1609/1609/1609 1600/1600/1600
f 1609/1609/1609 1610/1610/1610 1601/1601/1601
f 1610/1610/1610 1611/1611/1611 1602/1602/1602
f 1611/1611/1611 1612/1612/1612 1603/1603/1603
f 1612/1612/1612 1613/1613/1613 1604/1604/1604
f 1613/1613/1613 1614/1614/1614 1605/1605/1605
f 1614/1614/1614 1615/1615/1615 1606/1606/1606
f 1625/1625/1625 1624/1624/1624 1616/1616/1616
f 1626/1626/1626 1625/1625/1625 1617/1617/1617
f 1627/1627/1627 1626/1626/1626 1618/1618/1618
f 1628/1628/1628 1627/1627/1627 1619/1619/1619
f 1629/1629/1629 1628/1628/1628 1620/1620/1620
f 1630/1630/1630 1629/1629/1629 1621/1621/1621
f 1631/1631/1631 1630/1630/1630 1622/1622/1622
f 1632/1632/1632 1631/1631/1631 1623/1623/1623
o brake_stud_2_5
usemtl rubber_pad
v -0.11499999999999999 0.268904965277566 0.025176908909913042
v -0.11111091264523565 0.2705001167178689 0.0254017006736903
v -0.10950000002980231 0.2743511532272248 0.025944396036297633
v -0.11111091264523565 0.27820218973658073 0.026487091398904965
v -0.11499999999999999 0.2797973411768836 0.026711883162682228
v -0.11888908735476433 0.27820218973658073 0.026487091398904965
v -0.12049999997019767 0.2743511532272248 0.025944396036297633
v -0.11888908735476433 0.2705001167178689 0.0254017006736903
v -0.11499999999999999 0.268904965277566 0.025176908909913042
v -0.11499999999999999 0.26946313776265474 0.021216044736931547
v -0.11111091264523565 0.2710582892029576 0.02144083650070881
v -0.10950000002980231 0.2749093257123135 0.02198353186331614
v -0.11111091264523565 0.27876036222166944 0.022526227225923474
v -0.11499999999999999 0.2803555136619723 0.022751018989700732
v -0.11888908735476433 0.27876036222166944 0.022526227225923474
v -0.12049999997019767 0.2749093257123135 0.02198353186331614
v -0.11888908735476433 0.2710582892029576 0.02144083650070881
v -0.11499999999999999 0.26946313776265474 0.021216044736931547
v -0.11499999999999999 0.2743511532272248 0.025944396036297633
v -0.11499999999999999 0.2743511532272248 0.025944396036297633
v -0.11499999999999999 0.2743511532272248 0.025944396036297633
v -0.11499999999999999 0.2743511532272248 0.025944396036297633
v -0.11499999999999999 0.2743511532272248 0.025944396036297633
v -0.11499999999999999 0.2743511532272248 0.025944396036297633
v -0.11499999999999999 0.2743511532272248 0.025944396036297633
v -0.11499999999999999 0.2743511532272248 0.025944396036297633
v -0.11499999999999999 0.268904965277566 0.025176908909913042
v -0.11111091264523565 0.2705001167178689 0.0254017006736903
v -0.10950000002980231 0.2743511532272248 0.025944396036297633
v -0.11111091264523565 0.27820218973658073 0.026487091398904965
v -0.11499999999999999 0.2797973411768836 0.026711883162682228
v -0.11888908735476433 0.27820218973658073 0.026487091398904965
v -0.12049999997019767 0.2743511532272248 0.025944396036297633
v -0.11888908735476433 0.2705001167178689 0.0254017006736903
v -0.11499999999999999 0.268904965277566 0.025176908909913042
v -0.11499999999999999 0.2749093257123135 0.02198353186331614
v -0.11499999999999999 0.2749093257123135 0.02198353186331614
v -0.11499999999999999 0.2749093257123135 0.02198353186331614
v -0.11499999999999999 0.2749093257123135 0.02198353186331614
v -0.11499999999999999 0.2749093257123135 0.02198353186331614
v -0.11499999999999999 0.2749093257123135 0.02198353186331614
v -0.11499999999999999 0.2749093257123135 0.02198353186331614
v -0.11499999999999999 0.2749093257123135 0.02198353186331614
v -0.11499999999999999 0.26946313776265474 0.021216044736931547
v -0.11111091264523565 0.2710582892029576 0.02144083650070881
v -0.10950000002980231 0.2749093257123135 0.02198353186331614
v -0.11111091264523565 0.27876036222166944 0.022526227225923474
v -0.11499999999999999 0.2803555136619723 0.022751018989700732
v -0.11888908735476433 0.27876036222166944 0.022526227225923474
v -0.12049999997019767 0.2749093257123135 0.02198353186331614
v -0.11888908735476433 0.2710582892029576 0.02144083650070881
v -0.11499999999999999 0.26946313776265474 0.021216044736931547
vt 0 1
vt 0.125 1
vt 0.25 1
vt 0.375 1
vt 0.5 1
vt 0.625 1
vt 0.75 1
vt 0.875 1
vt 1 1
vt 0 0
vt 0.125 0
vt 0.25 0
vt 0.375 0
vt 0.5 0
vt 0.625 0
vt 0.75 0
vt 0.875 0
vt 1 0
vt 0.5 0.5
vt 0.5 0.5
vt 0.5 0.5
vt 0.5 0.5
vt 0.5 0.5
vt 0.5 0.5
vt 0.5 0.5
vt 0.5 0.5
vt 1 0.5
vt 0.8535534143447876 0.8535534143447876
vt 0.5 1
vt 0.1464466154575348 0.8535534143447876
vt 0 0.5
vt 0.1464466154575348 0.1464466154575348
vt 0.5 0
vt 0.8535534143447876 0.1464466154575348
vt 1 0.5
vt 0.5 0.5
vt 0.5 0.5
vt 0.5 0.5
vt 0.5 0.5
vt 0.5 0.5
vt 0.5 0.5
vt 0.5 0.5
vt 0.5 0.5
vt 1 0.5
vt 0.8535534143447876 0.1464466154575348
vt 0.5 0
vt 0.1464466154575348 0.1464466154575348
vt 0 0.5
vt 0.1464466154575348 0.8535534143447876
vt 0.5 1
vt 0.8535534143447876 0.8535534143447876
vt 1 0.5
vn 0 -0.9902159962126372 -0.13954311464423674
vn 0.7071067811865476 -0.7001884457613483 -0.09867188263283161
vn 1 -6.063324515706462e-17 -8.544551807449788e-18
vn 0.7071067811865476 0.7001884457613483 0.09867188263283161
vn 1.224646852585168e-16 0.9902159962126372 0.13954311464423674
vn -0.7071067811865476 0.7001884457613483 0.09867188263283161
vn -1 1.8189972236579428e-16 2.5633653575511615e-17
vn -0.7071067811865476 -0.7001884457613483 -0.09867188263283161
vn -2.449293705170336e-16 -0.9902159962126372 -0.13954311464423674
vn 0 -0.9902159962126372 -0.13954311464423674
vn 0.7071067811865476 -0.7001884457613483 -0.09867188263283161
vn 1 -6.063324515706462e-17 -8.544551807449788e-18
vn 0.7071067811865476 0.7001884457613483 0.09867188263283161
vn 1.224646852585168e-16 0.9902159962126372 0.13954311464423674
vn -0.7071067811865476 0.7001884457613483 0.09867188263283161
vn -1 1.8189972236579428e-16 2.5633653575511615e-17
vn -0.7071067811865476 -0.7001884457613483 -0.09867188263283161
vn -2.449293705170336e-16 -0.9902159962126372 -0.13954311464423674
vn 0 -0.13954311464423674 0.9902159962126372
vn 0 -0.13954311464423674 0.9902159962126372
vn 0 -0.13954311464423674 0.9902159962126372
vn 0 -0.13954311464423674 0.9902159962126372
vn 0 -0.13954311464423674 0.9902159962126372
vn 0 -0.13954311464423674 0.9902159962126372
vn 0 -0.13954311464423674 0.9902159962126372
vn 0 -0.13954311464423674 0.9902159962126372
vn 0 -0.13954311464423674 0.9902159962126372
vn 0 -0.13954311464423674 0.9902159962126372
vn 0 -0.13954311464423674 0.9902159962126372
vn 0 -0.13954311464423674 0.9902159962126372
vn 0 -0.13954311464423674 0.9902159962126372
vn 0 -0.13954311464423674 0.9902159962126372
vn 0 -0.13954311464423674 0.9902159962126372
vn 0 -0.13954311464423674 0.9902159962126372
vn 0 -0.13954311464423674 0.9902159962126372
vn 0 0.13954311464423674 -0.9902159962126372
vn 0 0.13954311464423674 -0.9902159962126372
vn 0 0.13954311464423674 -0.9902159962126372
vn 0 0.13954311464423674 -0.9902159962126372
vn 0 0.13954311464423674 -0.9902159962126372
vn 0 0.13954311464423674 -0.9902159962126372
vn 0 0.13954311464423674 -0.9902159962126372
vn 0 0.13954311464423674 -0.9902159962126372
vn 0 0.13954311464423674 -0.9902159962126372
vn 0 0.13954311464423674 -0.9902159962126372
vn 0 0.13954311464423674 -0.9902159962126372
vn 0 0.13954311464423674 -0.9902159962126372
vn 0 0.13954311464423674 -0.9902159962126372
vn 0 0.13954311464423674 -0.9902159962126372
vn 0 0.13954311464423674 -0.9902159962126372
vn 0 0.13954311464423674 -0.9902159962126372
vn 0 0.13954311464423674 -0.9902159962126372
f 1633/1633/1633 1642/1642/1642 1634/1634/1634
f 1642/1642/1642 1643/1643/1643 1634/1634/1634
f 1634/1634/1634 1643/1643/1643 1635/1635/1635
f 1643/1643/1643 1644/1644/1644 1635/1635/1635
f 1635/1635/1635 1644/1644/1644 1636/1636/1636
f 1644/1644/1644 1645/1645/1645 1636/1636/1636
f 1636/1636/1636 1645/1645/1645 1637/1637/1637
f 1645/1645/1645 1646/1646/1646 1637/1637/1637
f 1637/1637/1637 1646/1646/1646 1638/1638/1638
f 1646/1646/1646 1647/1647/1647 1638/1638/1638
f 1638/1638/1638 1647/1647/1647 1639/1639/1639
f 1647/1647/1647 1648/1648/1648 1639/1639/1639
f 1639/1639/1639 1648/1648/1648 1640/1640/1640
f 1648/1648/1648 1649/1649/1649 1640/1640/1640
f 1640/1640/1640 1649/1649/1649 1641/1641/1641
f 1649/1649/1649 1650/1650/1650 1641/1641/1641
f 1659/1659/1659 1660/1660/1660 1651/1651/1651
f 1660/1660/1660 1661/1661/1661 1652/1652/1652
f 1661/1661/1661 1662/1662/1662 1653/1653/1653
f 1662/1662/1662 1663/1663/1663 1654/1654/1654
f 1663/1663/1663 1664/1664/1664 1655/1655/1655
f 1664/1664/1664 1665/1665/1665 1656/1656/1656
f 1665/1665/1665 1666/1666/1666 1657/1657/1657
f 1666/1666/1666 1667/1667/1667 1658/1658/1658
f 1677/1677/1677 1676/1676/1676 1668/1668/1668
f 1678/1678/1678 1677/1677/1677 1669/1669/1669
f 1679/1679/1679 1678/1678/1678 1670/1670/1670
f 1680/1680/1680 1679/1679/1679 1671/1671/1671
f 1681/1681/1681 1680/1680/1680 1672/1672/1672
f 1682/1682/1682 1681/1681/1681 1673/1673/1673
f 1683/1683/1683 1682/1682/1682 1674/1674/1674
f 1684/1684/1684 1683/1683/1683 1675/1675/1675
o brake_stud_2_6
usemtl rubber_pad
v -0.11499999999999999 0.28690496527756604 0.025176908909913042
v -0.11111091264523565 0.2885001167178689 0.0254017006736903
v -0.10950000002980231 0.2923511532272248 0.025944396036297633
v -0.11111091264523565 0.29620218973658075 0.026487091398904965
v -0.11499999999999999 0.2977973411768836 0.026711883162682228
v -0.11888908735476433 0.29620218973658075 0.026487091398904965
v -0.12049999997019767 0.2923511532272248 0.025944396036297633
v -0.11888908735476433 0.2885001167178689 0.0254017006736903
v -0.11499999999999999 0.28690496527756604 0.025176908909913042
v -0.11499999999999999 0.28746313776265475 0.021216044736931547
v -0.11111091264523565 0.2890582892029576 0.02144083650070881
v -0.10950000002980231 0.29290932571231354 0.02198353186331614
v -0.11111091264523565 0.29676036222166946 0.022526227225923474
v -0.11499999999999999 0.2983555136619723 0.022751018989700732
v -0.11888908735476433 0.29676036222166946 0.022526227225923474
v -0.12049999997019767 0.29290932571231354 0.02198353186331614
v -0.11888908735476433 0.2890582892029576 0.02144083650070881
v -0.11499999999999999 0.28746313776265475 0.021216044736931547
v -0.11499999999999999 0.2923511532272248 0.025944396036297633
v -0.11499999999999999 0.2923511532272248 0.025944396036297633
v -0.11499999999999999 0.2923511532272248 0.025944396036297633
v -0.11499999999999999 0.2923511532272248 0.025944396036297633
v -0.11499999999999999 0.2923511532272248 0.025944396036297633
v -0.11499999999999999 0.2923511532272248 0.025944396036297633
v -0.11499999999999999 0.2923511532272248 0.025944396036297633
v -0.11499999999999999 0.2923511532272248 0.025944396036297633
v -0.11499999999999999 0.28690496527756604 0.025176908909913042
v -0.11111091264523565 0.2885001167178689 0.0254017006736903
v -0.10950000002980231 0.2923511532272248 0.025944396036297633
v -0.11111091264523565 0.29620218973658075 0.026487091398904965
v -0.11499999999999999 0.2977973411768836 0.026711883162682228
v -0.11888908735476433 0.29620218973658075 0.026487091398904965
v -0.12049999997019767 0.2923511532272248 0.025944396036297633
v -0.11888908735476433 0.2885001167178689 0.0254017006736903
v -0.11499999999999999 0.28690496527756604 0.025176908909913042
v -0.11499999999999999 0.29290932571231354 0.02198353186331614
v -0.11499999999999999 0.29290932571231354 0.02198353186331614
v -0.11499999999999999 0.29290932571231354 0.02198353186331614
v -0.11499999999999999 0.29290932571231354 0.02198353186331614
v -0.11499999999999999 0.29290932571231354 0.02198353186331614
v -0.11499999999999999 0.29290932571231354 0.02198353186331614
v -0.11499999999999999 0.29290932571231354 0.02198353186331614
v -0.11499999999999999 0.29290932571231354 0.02198353186331614
v -0.11499999999999999 0.28746313776265475 0.021216044736931547
v -0.11111091264523565 0.2890582892029576 0.02144083650070881
v -0.10950000002980231 0.29290932571231354 0.02198353186331614
v -0.11111091264523565 0.29676036222166946 0.022526227225923474
v -0.11499999999999999 0.2983555136619723 0.022751018989700732
v -0.11888908735476433 0.29676036222166946 0.022526227225923474
v -0.12049999997019767 0.29290932571231354 0.02198353186331614
v -0.11888908735476433 0.2890582892029576 0.02144083650070881
v -0.11499999999999999 0.28746313776265475 0.021216044736931547
vt 0 1
vt 0.125 1
vt 0.25 1
vt 0.375 1
vt 0.5 1
vt 0.625 1
vt 0.75 1
vt 0.875 1
vt 1 1
vt 0 0
vt 0.125 0
vt 0.25 0
vt 0.375 0
vt 0.5 0
vt 0.625 0
vt 0.75 0
vt 0.875 0
vt 1 0
vt 0.5 0.5
vt 0.5 0.5
vt 0.5 0.5
vt 0.5 0.5
vt 0.5 0.5
vt 0.5 0.5
vt 0.5 0.5
vt 0.5 0.5
vt 1 0.5
vt 0.8535534143447876 0.8535534143447876
vt 0.5 1
vt 0.1464466154575348 0.8535534143447876
vt 0 0.5
vt 0.1464466154575348 0.1464466154575348
vt 0.5 0
vt 0.8535534143447876 0.1464466154575348
vt 1 0.5
vt 0.5 0.5
vt 0.5 0.5
vt 0.5 0.5
vt 0.5 0.5
vt 0.5 0.5
vt 0.5 0.5
vt 0.5 0.5
vt 0.5 0.5
vt 1 0.5
vt 0.8535534143447876 0.1464466154575348
vt 0.5 0
vt 0.1464466154575348 0.1464466154575348
vt 0 0.5
vt 0.1464466154575348 0.8535534143447876
vt 0.5 1
vt 0.8535534143447876 0.8535534143447876
vt 1 0.5
vn 0 -0.9902159962126372 -0.13954311464423674
vn 0.7071067811865476 -0.7001884457613483 -0.09867188263283161
vn 1 -6.063324515706462e-17 -8.544551807449788e-18
vn 0.7071067811865476 0.7001884457613483 0.09867188263283161
vn 1.224646852585168e-16 0.9902159962126372 0.13954311464423674
vn -0.7071067811865476 0.7001884457613483 0.09867188263283161
vn -1 1.8189972236579428e-16 2.5633653575511615e-17
vn -0.7071067811865476 -0.7001884457613483 -0.09867188263283161
vn -2.449293705170336e-16 -0.9902159962126372 -0.13954311464423674
vn 0 -0.9902159962126372 -0.13954311464423674
vn 0.7071067811865476 -0.7001884457613483 -0.09867188263283161
vn 1 -6.063324515706462e-17 -8.544551807449788e-18
vn 0.7071067811865476 0.7001884457613483 0.09867188263283161
vn 1.224646852585168e-16 0.9902159962126372 0.13954311464423674
vn -0.7071067811865476 0.7001884457613483 0.09867188263283161
vn -1 1.8189972236579428e-16 2.5633653575511615e-17
vn -0.7071067811865476 -0.7001884457613483 -0.09867188263283161
vn -2.449293705170336e-16 -0.9902159962126372 -0.13954311464423674
vn 0 -0.13954311464423674 0.9902159962126372
vn 0 -0.13954311464423674 0.9902159962126372
vn 0 -0.13954311464423674 0.9902159962126372
vn 0 -0.13954311464423674 0.9902159962126372
vn 0 -0.13954311464423674 0.9902159962126372
vn 0 -0.13954311464423674 0.9902159962126372
vn 0 -0.13954311464423674 0.9902159962126372
vn 0 -0.13954311464423674 0.9902159962126372
vn 0 -0.13954311464423674 0.9902159962126372
vn 0 -0.13954311464423674 0.9902159962126372
vn 0 -0.13954311464423674 0.9902159962126372
vn 0 -0.13954311464423674 0.9902159962126372
vn 0 -0.13954311464423674 0.9902159962126372
vn 0 -0.13954311464423674 0.9902159962126372
vn 0 -0.13954311464423674 0.9902159962126372
vn 0 -0.13954311464423674 0.9902159962126372
vn 0 -0.13954311464423674 0.9902159962126372
vn 0 0.13954311464423674 -0.9902159962126372
vn 0 0.13954311464423674 -0.9902159962126372
vn 0 0.13954311464423674 -0.9902159962126372
vn 0 0.13954311464423674 -0.9902159962126372
vn 0 0.13954311464423674 -0.9902159962126372
vn 0 0.13954311464423674 -0.9902159962126372
vn 0 0.13954311464423674 -0.9902159962126372
vn 0 0.13954311464423674 -0.9902159962126372
vn 0 0.13954311464423674 -0.9902159962126372
vn 0 0.13954311464423674 -0.9902159962126372
vn 0 0.13954311464423674 -0.9902159962126372
vn 0 0.13954311464423674 -0.9902159962126372
vn 0 0.13954311464423674 -0.9902159962126372
vn 0 0.13954311464423674 -0.9902159962126372
vn 0 0.13954311464423674 -0.9902159962126372
vn 0 0.13954311464423674 -0.9902159962126372
vn 0 0.13954311464423674 -0.9902159962126372
f 1685/1685/1685 1694/1694/1694 1686/1686/1686
f 1694/1694/1694 1695/1695/1695 1686/1686/1686
f 1686/1686/1686 1695/1695/1695 1687/1687/1687
f 1695/1695/1695 1696/1696/1696 1687/1687/1687
f 1687/1687/1687 1696/1696/1696 1688/1688/1688
f 1696/1696/1696 1697/1697/1697 1688/1688/1688
f 1688/1688/1688 1697/1697/1697 1689/1689/1689
f 1697/1697/1697 1698/1698/1698 1689/1689/1689
f 1689/1689/1689 1698/1698/1698 1690/1690/1690
f 1698/1698/1698 1699/1699/1699 1690/1690/1690
f 1690/1690/1690 1699/1699/1699 1691/1691/1691
f 1699/1699/1699 1700/1700/1700 1691/1691/1691
f 1691/1691/1691 1700/1700/1700 1692/1692/1692
f 1700/1700/1700 1701/1701/1701 1692/1692/1692
f 1692/1692/1692 1701/1701/1701 1693/1693/1693
f 1701/1701/1701 1702/1702/1702 1693/1693/1693
f 1711/1711/1711 1712/1712/1712 1703/1703/1703
f 1712/1712/1712 1713/1713/1713 1704/1704/1704
f 1713/1713/1713 1714/1714/1714 1705/1705/1705
f 1714/1714/1714 1715/1715/1715 1706/1706/1706
f 1715/1715/1715 1716/1716/1716 1707/1707/1707
f 1716/1716/1716 1717/1717/1717 1708/1708/1708
f 1717/1717/1717 1718/1718/1718 1709/1709/1709
f 1718/1718/1718 1719/1719/1719 1710/1710/1710
f 1729/1729/1729 1728/1728/1728 1720/1720/1720
f 1730/1730/1730 1729/1729/1729 1721/1721/1721
f 1731/1731/1731 1730/1730/1730 1722/1722/1722
f 1732/1732/1732 1731/1731/1731 1723/1723/1723
f 1733/1733/1733 1732/1732/1732 1724/1724/1724
f 1734/1734/1734 1733/1733/1733 1725/1725/1725
f 1735/1735/1735 1734/1734/1734 1726/1726/1726
f 1736/1736/1736 1735/1735/1735 1727/1727/1727
o brake_stud_3_0
usemtl rubber_pad
v -0.097 0.17890496527756608 0.025176908909913042
v -0.09311091264523566 0.1805001167178689 0.0254017006736903
v -0.09150000002980233 0.18435115322722484 0.025944396036297633
v -0.09311091264523566 0.1882021897365808 0.026487091398904965
v -0.097 0.1897973411768836 0.026711883162682228
v -0.10088908735476435 0.1882021897365808 0.026487091398904965
v -0.10249999997019768 0.18435115322722484 0.025944396036297633
v -0.10088908735476435 0.1805001167178689 0.0254017006736903
v -0.097 0.17890496527756608 0.025176908909913042
v -0.097 0.1794631377626548 0.021216044736931547
v -0.09311091264523566 0.1810582892029576 0.02144083650070881
v -0.09150000002980233 0.18490932571231355 0.02198353186331614
v -0.09311091264523566 0.1887603622216695 0.022526227225923474
v -0.097 0.19035551366197231 0.022751018989700732
v -0.10088908735476435 0.1887603622216695 0.022526227225923474
v -0.10249999997019768 0.18490932571231355 0.02198353186331614
v -0.10088908735476435 0.1810582892029576 0.02144083650070881
v -0.097 0.1794631377626548 0.021216044736931547
v -0.097 0.18435115322722484 0.025944396036297633
v -0.097 0.18435115322722484 0.025944396036297633
v -0.097 0.18435115322722484 0.025944396036297633
v -0.097 0.18435115322722484 0.025944396036297633
v -0.097 0.18435115322722484 0.025944396036297633
v -0.097 0.18435115322722484 0.025944396036297633
v -0.097 0.18435115322722484 0.025944396036297633
v -0.097 0.18435115322722484 0.025944396036297633
v -0.097 0.17890496527756608 0.025176908909913042
v -0.09311091264523566 0.1805001167178689 0.0254017006736903
v -0.09150000002980233 0.18435115322722484 0.025944396036297633
v -0.09311091264523566 0.1882021897365808 0.026487091398904965
v -0.097 0.1897973411768836 0.026711883162682228
v -0.10088908735476435 0.1882021897365808 0.026487091398904965
v -0.10249999997019768 0.18435115322722484 0.025944396036297633
v -0.10088908735476435 0.1805001167178689 0.0254017006736903
v -0.097 0.17890496527756608 0.025176908909913042
v -0.097 0.18490932571231355 0.02198353186331614
v -0.097 0.18490932571231355 0.02198353186331614
v -0.097 0.18490932571231355 0.02198353186331614
v -0.097 0.18490932571231355 0.02198353186331614
v -0.097 0.18490932571231355 0.02198353186331614
v -0.097 0.18490932571231355 0.02198353186331614
v -0.097 0.18490932571231355 0.02198353186331614
v -0.097 0.18490932571231355 0.02198353186331614
v -0.097 0.1794631377626548 0.021216044736931547
v -0.09311091264523566 0.1810582892029576 0.02144083650070881
v -0.09150000002980233 0.18490932571231355 0.02198353186331614
v -0.09311091264523566 0.1887603622216695 0.022526227225923474
v -0.097 0.19035551366197231 0.022751018989700732
v -0.10088908735476435 0.1887603622216695 0.022526227225923474
v -0.10249999997019768 0.18490932571231355 0.02198353186331614
v -0.10088908735476435 0.1810582892029576 0.02144083650070881
v -0.097 0.1794631377626548 0.021216044736931547
vt 0 1
vt 0.125 1
vt 0.25 1
vt 0.375 1
vt 0.5 1
vt 0.625 1
vt 0.75 1
vt 0.875 1
vt 1 1
vt 0 0
vt 0.125 0
vt 0.25 0
vt 0.375 0
vt 0.5 0
vt 0.625 0
vt 0.75 0
vt 0.875 0
vt 1 0
vt 0.5 0.5
vt 0.5 0.5
vt 0.5 0.5
vt 0.5 0.5
vt 0.5 0.5
vt 0.5 0.5
vt 0.5 0.5
vt 0.5 0.5
vt 1 0.5
vt 0.8535534143447876 0.8535534143447876
vt 0.5 1
vt 0.1464466154575348 0.8535534143447876
vt 0 0.5
vt 0.1464466154575348 0.1464466154575348
vt 0.5 0
vt 0.8535534143447876 0.1464466154575348
vt 1 0.5
vt 0.5 0.5
vt 0.5 0.5
vt 0.5 0.5
vt 0.5 0.5
vt 0.5 0.5
vt 0.5 0.5
vt 0.5 0.5
vt 0.5 0.5
vt 1 0.5
vt 0.8535534143447876 0.1464466154575348
vt 0.5 0
vt 0.1464466154575348 0.1464466154575348
vt 0 0.5
vt 0.1464466154575348 0.8535534143447876
vt 0.5 1
vt 0.8535534143447876 0.8535534143447876
vt 1 0.5
vn 0 -0.9902159962126372 -0.13954311464423674
vn 0.7071067811865476 -0.7001884457613483 -0.09867188263283161
vn 1 -6.063324515706462e-17 -8.544551807449788e-18
vn 0.7071067811865476 0.7001884457613483 0.09867188263283161
vn 1.224646852585168e-16 0.9902159962126372 0.13954311464423674
vn -0.7071067811865476 0.7001884457613483 0.09867188263283161
vn -1 1.8189972236579428e-16 2.5633653575511615e-17
vn -0.7071067811865476 -0.7001884457613483 -0.09867188263283161
vn -2.449293705170336e-16 -0.9902159962126372 -0.13954311464423674
vn 0 -0.9902159962126372 -0.13954311464423674
vn 0.7071067811865476 -0.7001884457613483 -0.09867188263283161
vn 1 -6.063324515706462e-17 -8.544551807449788e-18
vn 0.7071067811865476 0.7001884457613483 0.09867188263283161
vn 1.224646852585168e-16 0.9902159962126372 0.13954311464423674
vn -0.7071067811865476 0.7001884457613483 0.09867188263283161
vn -1 1.8189972236579428e-16 2.5633653575511615e-17
vn -0.7071067811865476 -0.7001884457613483 -0.09867188263283161
vn -2.449293705170336e-16 -0.9902159962126372 -0.13954311464423674
vn 0 -0.13954311464423674 0.9902159962126372
vn 0 -0.13954311464423674 0.9902159962126372
vn 0 -0.13954311464423674 0.9902159962126372
vn 0 -0.13954311464423674 0.9902159962126372
vn 0 -0.13954311464423674 0.9902159962126372
vn 0 -0.13954311464423674 0.9902159962126372
vn 0 -0.13954311464423674 0.9902159962126372
vn 0 -0.13954311464423674 0.9902159962126372
vn 0 -0.13954311464423674 0.9902159962126372
vn 0 -0.13954311464423674 0.9902159962126372
vn 0 -0.13954311464423674 0.9902159962126372
vn 0 -0.13954311464423674 0.9902159962126372
vn 0 -0.13954311464423674 0.9902159962126372
vn 0 -0.13954311464423674 0.9902159962126372
vn 0 -0.13954311464423674 0.9902159962126372
vn 0 -0.13954311464423674 0.9902159962126372
vn 0 -0.13954311464423674 0.9902159962126372
vn 0 0.13954311464423674 -0.9902159962126372
vn 0 0.13954311464423674 -0.9902159962126372
vn 0 0.13954311464423674 -0.9902159962126372
vn 0 0.13954311464423674 -0.9902159962126372
vn 0 0.13954311464423674 -0.9902159962126372
vn 0 0.13954311464423674 -0.9902159962126372
vn 0 0.13954311464423674 -0.9902159962126372
vn 0 0.13954311464423674 -0.9902159962126372
vn 0 0.13954311464423674 -0.9902159962126372
vn 0 0.13954311464423674 -0.9902159962126372
vn 0 0.13954311464423674 -0.9902159962126372
vn 0 0.13954311464423674 -0.9902159962126372
vn 0 0.13954311464423674 -0.9902159962126372
vn 0 0.13954311464423674 -0.9902159962126372
vn 0 0.13954311464423674 -0.9902159962126372
vn 0 0.13954311464423674 -0.9902159962126372
vn 0 0.13954311464423674 -0.9902159962126372
f 1737/1737/1737 1746/1746/1746 1738/1738/1738
f 1746/1746/1746 1747/1747/1747 1738/1738/1738
f 1738/1738/1738 1747/1747/1747 1739/1739/1739
f 1747/1747/1747 1748/1748/1748 1739/1739/1739
f 1739/1739/1739 1748/1748/1748 1740/1740/1740
f 1748/1748/1748 1749/1749/1749 1740/1740/1740
f 1740/1740/1740 1749/1749/1749 1741/1741/1741
f 1749/1749/1749 1750/1750/1750 1741/1741/1741
f 1741/1741/1741 1750/1750/1750 1742/1742/1742
f 1750/1750/1750 1751/1751/1751 1742/1742/1742
f 1742/1742/1742 1751/1751/1751 1743/1743/1743
f 1751/1751/1751 1752/1752/1752 1743/1743/1743
f 1743/1743/1743 1752/1752/1752 1744/1744/1744
f 1752/1752/1752 1753/1753/1753 1744/1744/1744
f 1744/1744/1744 1753/1753/1753 1745/1745/1745
f 1753/1753/1753 1754/1754/1754 1745/1745/1745
f 1763/1763/1763 1764/1764/1764 1755/1755/1755
f 1764/1764/1764 1765/1765/1765 1756/1756/1756
f 1765/1765/1765 1766/1766/1766 1757/1757/1757
f 1766/1766/1766 1767/1767/1767 1758/1758/1758
f 1767/1767/1767 1768/1768/1768 1759/1759/1759
f 1768/1768/1768 1769/1769/1769 1760/1760/1760
f 1769/1769/1769 1770/1770/1770 1761/1761/1761
f 1770/1770/1770 1771/1771/1771 1762/1762/1762
f 1781/1781/1781 1780/1780/1780 1772/1772/1772
f 1782/1782/1782 1781/1781/1781 1773/1773/1773
f 1783/1783/1783 1782/1782/1782 1774/1774/1774
f 1784/1784/1784 1783/1783/1783 1775/1775/1775
f 1785/1785/1785 1784/1784/1784 1776/1776/1776
f 1786/1786/1786 1785/1785/1785 1777/1777/1777
f 1787/1787/1787 1786/1786/1786 1778/1778/1778
f 1788/1788/1788 1787/1787/1787 1779/1779/1779
o brake_stud_3_1
usemtl rubber_pad
v -0.097 0.19690496527756607 0.025176908909913042
v -0.09311091264523566 0.19850011671786888 0.0254017006736903
v -0.09150000002980233 0.20235115322722483 0.025944396036297633
v -0.09311091264523566 0.20620218973658078 0.026487091398904965
v -0.097 0.2077973411768836 0.026711883162682228
v -0.10088908735476435 0.20620218973658078 0.026487091398904965
v -0.10249999997019768 0.20235115322722483 0.025944396036297633
v -0.10088908735476435 0.19850011671786888 0.0254017006736903
v -0.097 0.19690496527756607 0.025176908909913042
v -0.097 0.19746313776265478 0.021216044736931547
v -0.09311091264523566 0.1990582892029576 0.02144083650070881
v -0.09150000002980233 0.20290932571231354 0.02198353186331614
v -0.09311091264523566 0.2067603622216695 0.022526227225923474
v -0.097 0.2083555136619723 0.022751018989700732
v -0.10088908735476435 0.2067603622216695 0.022526227225923474
v -0.10249999997019768 0.20290932571231354 0.02198353186331614
v -0.10088908735476435 0.1990582892029576 0.02144083650070881
v -0.097 0.19746313776265478 0.021216044736931547
v -0.097 0.20235115322722483 0.025944396036297633
v -0.097 0.20235115322722483 0.025944396036297633
v -0.097 0.20235115322722483 0.025944396036297633
v -0.097 0.20235115322722483 0.025944396036297633
v -0.097 0.20235115322722483 0.025944396036297633
v -0.097 0.20235115322722483 0.025944396036297633
v -0.097 0.20235115322722483 0.025944396036297633
v -0.097 0.20235115322722483 0.025944396036297633
v -0.097 0.19690496527756607 0.025176908909913042
v -0.09311091264523566 0.19850011671786888 0.0254017006736903
v -0.09150000002980233 0.20235115322722483 0.025944396036297633
v -0.09311091264523566 0.20620218973658078 0.026487091398904965
v -0.097 0.2077973411768836 0.026711883162682228
v -0.10088908735476435 0.20620218973658078 0.026487091398904965
v -0.10249999997019768 0.20235115322722483 0.025944396036297633
v -0.10088908735476435 0.19850011671786888 0.0254017006736903
v -0.097 0.19690496527756607 0.025176908909913042
v -0.097 0.20290932571231354 0.02198353186331614
v -0.097 0.20290932571231354 0.02198353186331614
v -0.097 0.20290932571231354 0.02198353186331614
v -0.097 0.20290932571231354 0.02198353186331614
v -0.097 0.20290932571231354 0.02198353186331614
v -0.097 0.20290932571231354 0.02198353186331614
v -0.097 0.20290932571231354 0.02198353186331614
v -0.097 0.20290932571231354 0.02198353186331614
v -0.097 0.19746313776265478 0.021216044736931547
v -0.09311091264523566 0.1990582892029576 0.02144083650070881
v -0.09150000002980233 0.20290932571231354 0.02198353186331614
v -0.09311091264523566 0.2067603622216695 0.022526227225923474
v -0.097 0.2083555136619723 0.022751018989700732
v -0.10088908735476435 0.2067603622216695 0.022526227225923474
v -0.10249999997019768 0.20290932571231354 0.02198353186331614
v -0.10088908735476435 0.1990582892029576 0.02144083650070881
v -0.097 0.19746313776265478 0.021216044736931547
vt 0 1
vt 0.125 1
vt 0.25 1
vt 0.375 1
vt 0.5 1
vt 0.625 1
vt 0.75 1
vt 0.875 1
vt 1 1
vt 0 0
vt 0.125 0
vt 0.25 0
vt 0.375 0
vt 0.5 0
vt 0.625 0
vt 0.75 0
vt 0.875 0
vt 1 0
vt 0.5 0.5
vt 0.5 0.5
vt 0.5 0.5
vt 0.5 0.5
vt 0.5 0.5
vt 0.5 0.5
vt 0.5 0.5
vt 0.5 0.5
vt 1 0.5
vt 0.8535534143447876 0.8535534143447876
vt 0.5 1
vt 0.1464466154575348 0.8535534143447876
vt 0 0.5
vt 0.1464466154575348 0.1464466154575348
vt 0.5 0
vt 0.8535534143447876 0.1464466154575348
vt 1 0.5
vt 0.5 0.5
vt 0.5 0.5
vt 0.5 0.5
vt 0.5 0.5
vt 0.5 0.5
vt 0.5 0.5
vt 0.5 0.5
vt 0.5 0.5
vt 1 0.5
vt 0.8535534143447876 0.1464466154575348
vt 0.5 0
vt 0.1464466154575348 0.1464466154575348
vt 0 0.5
vt 0.1464466154575348 0.8535534143447876
vt 0.5 1
vt 0.8535534143447876 0.8535534143447876
vt 1 0.5
vn 0 -0.9902159962126372 -0.13954311464423674
vn 0.7071067811865476 -0.7001884457613483 -0.09867188263283161
vn 1 -6.063324515706462e-17 -8.544551807449788e-18
vn 0.7071067811865476 0.7001884457613483 0.09867188263283161
vn 1.224646852585168e-16 0.9902159962126372 0.13954311464423674
vn -0.7071067811865476 0.7001884457613483 0.09867188263283161
vn -1 1.8189972236579428e-16 2.5633653575511615e-17
vn -0.7071067811865476 -0.7001884457613483 -0.09867188263283161
vn -2.449293705170336e-16 -0.9902159962126372 -0.13954311464423674
vn 0 -0.9902159962126372 -0.13954311464423674
vn 0.7071067811865476 -0.7001884457613483 -0.09867188263283161
vn 1 -6.063324515706462e-17 -8.544551807449788e-18
vn 0.7071067811865476 0.7001884457613483 0.09867188263283161
vn 1.224646852585168e-16 0.9902159962126372 0.13954311464423674
vn -0.7071067811865476 0.7001884457613483 0.09867188263283161
vn -1 1.8189972236579428e-16 2.5633653575511615e-17
vn -0.7071067811865476 -0.7001884457613483 -0.09867188263283161
vn -2.449293705170336e-16 -0.9902159962126372 -0.13954311464423674
vn 0 -0.13954311464423674 0.9902159962126372
vn 0 -0.13954311464423674 0.9902159962126372
vn 0 -0.13954311464423674 0.9902159962126372
vn 0 -0.13954311464423674 0.9902159962126372
vn 0 -0.13954311464423674 0.9902159962126372
vn 0 -0.13954311464423674 0.9902159962126372
vn 0 -0.13954311464423674 0.9902159962126372
vn 0 -0.13954311464423674 0.9902159962126372
vn 0 -0.13954311464423674 0.9902159962126372
vn 0 -0.13954311464423674 0.9902159962126372
vn 0 -0.13954311464423674 0.9902159962126372
vn 0 -0.13954311464423674 0.9902159962126372
vn 0 -0.13954311464423674 0.9902159962126372
vn 0 -0.13954311464423674 0.9902159962126372
vn 0 -0.13954311464423674 0.9902159962126372
vn 0 -0.13954311464423674 0.9902159962126372
vn 0 -0.13954311464423674 0.9902159962126372
vn 0 0.13954311464423674 -0.9902159962126372
vn 0 0.13954311464423674 -0.9902159962126372
vn 0 0.13954311464423674 -0.9902159962126372
vn 0 0.13954311464423674 -0.9902159962126372
vn 0 0.13954311464423674 -0.9902159962126372
vn 0 0.13954311464423674 -0.9902159962126372
vn 0 0.13954311464423674 -0.9902159962126372
vn 0 0.13954311464423674 -0.9902159962126372
vn 0 0.13954311464423674 -0.9902159962126372
vn 0 0.13954311464423674 -0.9902159962126372
vn 0 0.13954311464423674 -0.9902159962126372
vn 0 0.13954311464423674 -0.9902159962126372
vn 0 0.13954311464423674 -0.9902159962126372
vn 0 0.13954311464423674 -0.9902159962126372
vn 0 0.13954311464423674 -0.9902159962126372
vn 0 0.13954311464423674 -0.9902159962126372
vn 0 0.13954311464423674 -0.9902159962126372
f 1789/1789/1789 1798/1798/1798 1790/1790/1790
f 1798/1798/1798 1799/1799/1799 1790/1790/1790
f 1790/1790/1790 1799/1799/1799 1791/1791/1791
f 1799/1799/1799 1800/1800/1800 1791/1791/1791
f 1791/1791/1791 1800/1800/1800 1792/1792/1792
f 1800/1800/1800 1801/1801/1801 1792/1792/1792
f 1792/1792/1792 1801/1801/1801 1793/1793/1793
f 1801/1801/1801 1802/1802/1802 1793/1793/1793
f 1793/1793/1793 1802/1802/1802 1794/1794/1794
f 1802/1802/1802 1803/1803/1803 1794/1794/1794
f 1794/1794/1794 1803/1803/1803 1795/1795/1795
f 1803/1803/1803 1804/1804/1804 1795/1795/1795
f 1795/1795/1795 1804/1804/1804 1796/1796/1796
f 1804/1804/1804 1805/1805/1805 1796/1796/1796
f 1796/1796/1796 1805/1805/1805 1797/1797/1797
f 1805/1805/1805 1806/1806/1806 1797/1797/1797
f 1815/1815/1815 1816/1816/1816 1807/1807/1807
f 1816/1816/1816 1817/1817/1817 1808/1808/1808
f 1817/1817/1817 1818/1818/1818 1809/1809/1809
f 1818/1818/1818 1819/1819/1819 1810/1810/1810
f 1819/1819/1819 1820/1820/1820 1811/1811/1811
f 1820/1820/1820 1821/1821/1821 1812/1812/1812
f 1821/1821/1821 1822/1822/1822 1813/1813/1813
f 1822/1822/1822 1823/1823/1823 1814/1814/1814
f 1833/1833/1833 1832/1832/1832 1824/1824/1824
f 1834/1834/1834 1833/1833/1833 1825/1825/1825
f 1835/1835/1835 1834/1834/1834 1826/1826/1826
f 1836/1836/1836 1835/1835/1835 1827/1827/1827
f 1837/1837/1837 1836/1836/1836 1828/1828/1828
f 1838/1838/1838 1837/1837/1837 1829/1829/1829
f 1839/1839/1839 1838/1838/1838 1830/1830/1830
f 1840/1840/1840 1839/1839/1839 1831/1831/1831
o brake_stud_3_2
usemtl rubber_pad
v -0.097 0.21490496527756608 0.025176908909913042
v -0.09311091264523566 0.2165001167178689 0.0254017006736903
v -0.09150000002980233 0.22035115322722484 0.025944396036297633
v -0.09311091264523566 0.2242021897365808 0.026487091398904965
v -0.097 0.2257973411768836 0.026711883162682228
v -0.10088908735476435 0.2242021897365808 0.026487091398904965
v -0.10249999997019768 0.22035115322722484 0.025944396036297633
v -0.10088908735476435 0.2165001167178689 0.0254017006736903
v -0.097 0.21490496527756608 0.025176908909913042
v -0.097 0.2154631377626548 0.021216044736931547
v -0.09311091264523566 0.2170582892029576 0.02144083650070881
v -0.09150000002980233 0.22090932571231356 0.02198353186331614
v -0.09311091264523566 0.2247603622216695 0.022526227225923474
v -0.097 0.22635551366197232 0.022751018989700732
v -0.10088908735476435 0.2247603622216695 0.022526227225923474
v -0.10249999997019768 0.22090932571231356 0.02198353186331614
v -0.10088908735476435 0.2170582892029576 0.02144083650070881
v -0.097 0.2154631377626548 0.021216044736931547
v -0.097 0.22035115322722484 0.025944396036297633
v -0.097 0.22035115322722484 0.025944396036297633
v -0.097 0.22035115322722484 0.025944396036297633
v -0.097 0.22035115322722484 0.025944396036297633
v -0.097 0.22035115322722484 0.025944396036297633
v -0.097 0.22035115322722484 0.025944396036297633
v -0.097 0.22035115322722484 0.025944396036297633
v -0.097 0.22035115322722484 0.025944396036297633
v -0.097 0.21490496527756608 0.025176908909913042
v -0.09311091264523566 0.2165001167178689 0.0254017006736903
v -0.09150000002980233 0.22035115322722484 0.025944396036297633
v -0.09311091264523566 0.2242021897365808 0.026487091398904965
v -0.097 0.2257973411768836 0.026711883162682228
v -0.10088908735476435 0.2242021897365808 0.026487091398904965
v -0.10249999997019768 0.22035115322722484 0.025944396036297633
v -0.10088908735476435 0.2165001167178689 0.0254017006736903
v -0.097 0.21490496527756608 0.025176908909913042
v -0.097 0.22090932571231356 0.02198353186331614
v -0.097 0.22090932571231356 0.02198353186331614
v -0.097 0.22090932571231356 0.02198353186331614
v -0.097 0.22090932571231356 0.02198353186331614
v -0.097 0.22090932571231356 0.02198353186331614
v -0.097 0.22090932571231356 0.02198353186331614
v -0.097 0.22090932571231356 0.02198353186331614
v -0.097 0.22090932571231356 0.02198353186331614
v -0.097 0.2154631377626548 0.021216044736931547
v -0.09311091264523566 0.2170582892029576 0.02144083650070881
v -0.09150000002980233 0.22090932571231356 0.02198353186331614
v -0.09311091264523566 0.2247603622216695 0.022526227225923474
v -0.097 0.22635551366197232 0.022751018989700732
v -0.10088908735476435 0.2247603622216695 0.022526227225923474
v -0.10249999997019768 0.22090932571231356 0.02198353186331614
v -0.10088908735476435 0.2170582892029576 0.02144083650070881
v -0.097 0.2154631377626548 0.021216044736931547
vt 0 1
vt 0.125 1
vt 0.25 1
vt 0.375 1
vt 0.5 1
vt 0.625 1
vt 0.75 1
vt 0.875 1
vt 1 1
vt 0 0
vt 0.125 0
vt 0.25 0
vt 0.375 0
vt 0.5 0
vt 0.625 0
vt 0.75 0
vt 0.875 0
vt 1 0
vt 0.5 0.5
vt 0.5 0.5
vt 0.5 0.5
vt 0.5 0.5
vt 0.5 0.5
vt 0.5 0.5
vt 0.5 0.5
vt 0.5 0.5
vt 1 0.5
vt 0.8535534143447876 0.8535534143447876
vt 0.5 1
vt 0.1464466154575348 0.8535534143447876
vt 0 0.5
vt 0.1464466154575348 0.1464466154575348
vt 0.5 0
vt 0.8535534143447876 0.1464466154575348
vt 1 0.5
vt 0.5 0.5
vt 0.5 0.5
vt 0.5 0.5
vt 0.5 0.5
vt 0.5 0.5
vt 0.5 0.5
vt 0.5 0.5
vt 0.5 0.5
vt 1 0.5
vt 0.8535534143447876 0.1464466154575348
vt 0.5 0
vt 0.1464466154575348 0.1464466154575348
vt 0 0.5
vt 0.1464466154575348 0.8535534143447876
vt 0.5 1
vt 0.8535534143447876 0.8535534143447876
vt 1 0.5
vn 0 -0.9902159962126372 -0.13954311464423674
vn 0.7071067811865476 -0.7001884457613483 -0.09867188263283161
vn 1 -6.063324515706462e-17 -8.544551807449788e-18
vn 0.7071067811865476 0.7001884457613483 0.09867188263283161
vn 1.224646852585168e-16 0.9902159962126372 0.13954311464423674
vn -0.7071067811865476 0.7001884457613483 0.09867188263283161
vn -1 1.8189972236579428e-16 2.5633653575511615e-17
vn -0.7071067811865476 -0.7001884457613483 -0.09867188263283161
vn -2.449293705170336e-16 -0.9902159962126372 -0.13954311464423674
vn 0 -0.9902159962126372 -0.13954311464423674
vn 0.7071067811865476 -0.7001884457613483 -0.09867188263283161
vn 1 -6.063324515706462e-17 -8.544551807449788e-18
vn 0.7071067811865476 0.7001884457613483 0.09867188263283161
vn 1.224646852585168e-16 0.9902159962126372 0.13954311464423674
vn -0.7071067811865476 0.7001884457613483 0.09867188263283161
vn -1 1.8189972236579428e-16 2.5633653575511615e-17
vn -0.7071067811865476 -0.7001884457613483 -0.09867188263283161
vn -2.449293705170336e-16 -0.9902159962126372 -0.13954311464423674
vn 0 -0.13954311464423674 0.9902159962126372
vn 0 -0.13954311464423674 0.9902159962126372
vn 0 -0.13954311464423674 0.9902159962126372
vn 0 -0.13954311464423674 0.9902159962126372
vn 0 -0.13954311464423674 0.9902159962126372
vn 0 -0.13954311464423674 0.9902159962126372
vn 0 -0.13954311464423674 0.9902159962126372
vn 0 -0.13954311464423674 0.9902159962126372
vn 0 -0.13954311464423674 0.9902159962126372
vn 0 -0.13954311464423674 0.9902159962126372
vn 0 -0.13954311464423674 0.9902159962126372
vn 0 -0.13954311464423674 0.9902159962126372
vn 0 -0.13954311464423674 0.9902159962126372
vn 0 -0.13954311464423674 0.9902159962126372
vn 0 -0.13954311464423674 0.9902159962126372
vn 0 -0.13954311464423674 0.9902159962126372
vn 0 -0.13954311464423674 0.9902159962126372
vn 0 0.13954311464423674 -0.9902159962126372
vn 0 0.13954311464423674 -0.9902159962126372
vn 0 0.13954311464423674 -0.9902159962126372
vn 0 0.13954311464423674 -0.9902159962126372
vn 0 0.13954311464423674 -0.9902159962126372
vn 0 0.13954311464423674 -0.9902159962126372
vn 0 0.13954311464423674 -0.9902159962126372
vn 0 0.13954311464423674 -0.9902159962126372
vn 0 0.13954311464423674 -0.9902159962126372
vn 0 0.13954311464423674 -0.9902159962126372
vn 0 0.13954311464423674 -0.9902159962126372
vn 0 0.13954311464423674 -0.9902159962126372
vn 0 0.13954311464423674 -0.9902159962126372
vn 0 0.13954311464423674 -0.9902159962126372
vn 0 0.13954311464423674 -0.9902159962126372
vn 0 0.13954311464423674 -0.9902159962126372
vn 0 0.13954311464423674 -0.9902159962126372
f 1841/1841/1841 1850/1850/1850 1842/1842/1842
f 1850/1850/1850 1851/1851/1851 1842/1842/1842
f 1842/1842/1842 1851/1851/1851 1843/1843/1843
f 1851/1851/1851 1852/1852/1852 1843/1843/1843
f 1843/1843/1843 1852/1852/1852 1844/1844/1844
f 1852/1852/1852 1853/1853/1853 1844/1844/1844
f 1844/1844/1844 1853/1853/1853 1845/1845/1845
f 1853/1853/1853 1854/1854/1854 1845/1845/1845
f 1845/1845/1845 1854/1854/1854 1846/1846/1846
f 1854/1854/1854 1855/1855/1855 1846/1846/1846
f 1846/1846/1846 1855/1855/1855 1847/1847/1847
f 1855/1855/1855 1856/1856/1856 1847/1847/1847
f 1847/1847/1847 1856/1856/1856 1848/1848/1848
f 1856/1856/1856 1857/1857/1857 1848/1848/1848
f 1848/1848/1848 1857/1857/1857 1849/1849/1849
f 1857/1857/1857 1858/1858/1858 1849/1849/1849
f 1867/1867/1867 1868/1868/1868 1859/1859/1859
f 1868/1868/1868 1869/1869/1869 1860/1860/1860
f 1869/1869/1869 1870/1870/1870 1861/1861/1861
f 1870/1870/1870 1871/1871/1871 1862/1862/1862
f 1871/1871/1871 1872/1872/1872 1863/1863/1863
f 1872/1872/1872 1873/1873/1873 1864/1864/1864
f 1873/1873/1873 1874/1874/1874 1865/1865/1865
f 1874/1874/1874 1875/1875/1875 1866/1866/1866
f 1885/1885/1885 1884/1884/1884 1876/1876/1876
f 1886/1886/1886 1885/1885/1885 1877/1877/1877
f 1887/1887/1887 1886/1886/1886 1878/1878/1878
f 1888/1888/1888 1887/1887/1887 1879/1879/1879
f 1889/1889/1889 1888/1888/1888 1880/1880/1880
f 1890/1890/1890 1889/1889/1889 1881/1881/1881
f 1891/1891/1891 1890/1890/1890 1882/1882/1882
f 1892/1892/1892 1891/1891/1891 1883/1883/1883
o brake_stud_3_3
usemtl rubber_pad
v -0.097 0.23290496527756607 0.025176908909913042
v -0.09311091264523566 0.23450011671786888 0.0254017006736903
v -0.09150000002980233 0.23835115322722483 0.025944396036297633
v -0.09311091264523566 0.24220218973658078 0.026487091398904965
v -0.097 0.2437973411768836 0.026711883162682228
v -0.10088908735476435 0.24220218973658078 0.026487091398904965
v -0.10249999997019768 0.23835115322722483 0.025944396036297633
v -0.10088908735476435 0.23450011671786888 0.0254017006736903
v -0.097 0.23290496527756607 0.025176908909913042
v -0.097 0.2334631377626548 0.021216044736931547
v -0.09311091264523566 0.2350582892029576 0.02144083650070881
v -0.09150000002980233 0.23890932571231355 0.02198353186331614
v -0.09311091264523566 0.2427603622216695 0.022526227225923474
v -0.097 0.2443555136619723 0.022751018989700732
v -0.10088908735476435 0.2427603622216695 0.022526227225923474
v -0.10249999997019768 0.23890932571231355 0.02198353186331614
v -0.10088908735476435 0.2350582892029576 0.02144083650070881
v -0.097 0.2334631377626548 0.021216044736931547
v -0.097 0.23835115322722483 0.025944396036297633
v -0.097 0.23835115322722483 0.025944396036297633
v -0.097 0.23835115322722483 0.025944396036297633
v -0.097 0.23835115322722483 0.025944396036297633
v -0.097 0.23835115322722483 0.025944396036297633
v -0.097 0.23835115322722483 0.025944396036297633
v -0.097 0.23835115322722483 0.025944396036297633
v -0.097 0.23835115322722483 0.025944396036297633
v -0.097 0.23290496527756607 0.025176908909913042
v -0.09311091264523566 0.23450011671786888 0.0254017006736903
v -0.09150000002980233 0.23835115322722483 0.025944396036297633
v -0.09311091264523566 0.24220218973658078 0.026487091398904965
v -0.097 0.2437973411768836 0.026711883162682228
v -0.10088908735476435 0.24220218973658078 0.026487091398904965
v -0.10249999997019768 0.23835115322722483 0.025944396036297633
v -0.10088908735476435 0.23450011671786888 0.0254017006736903
v -0.097 0.23290496527756607 0.025176908909913042
v -0.097 0.23890932571231355 0.02198353186331614
v -0.097 0.23890932571231355 0.02198353186331614
v -0.097 0.23890932571231355 0.02198353186331614
v -0.097 0.23890932571231355 0.02198353186331614
v -0.097 0.23890932571231355 0.02198353186331614
v -0.097 0.23890932571231355 0.02198353186331614
v -0.097 0.23890932571231355 0.02198353186331614
v -0.097 0.23890932571231355 0.02198353186331614
v -0.097 0.2334631377626548 0.021216044736931547
v -0.09311091264523566 0.2350582892029576 0.02144083650070881
v -0.09150000002980233 0.23890932571231355 0.02198353186331614
v -0.09311091264523566 0.2427603622216695 0.022526227225923474
v -0.097 0.2443555136619723 0.022751018989700732
v -0.10088908735476435 0.2427603622216695 0.022526227225923474
v -0.10249999997019768 0.23890932571231355 0.02198353186331614
v -0.10088908735476435 0.2350582892029576 0.02144083650070881
v -0.097 0.2334631377626548 0.021216044736931547
vt 0 1
vt 0.125 1
vt 0.25 1
vt 0.375 1
vt 0.5 1
vt 0.625 1
vt 0.75 1
vt 0.875 1
vt 1 1
vt 0 0
vt 0.125 0
vt 0.25 0
vt 0.375 0
vt 0.5 0
vt 0.625 0
vt 0.75 0
vt 0.875 0
vt 1 0
vt 0.5 0.5
vt 0.5 0.5
vt 0.5 0.5
vt 0.5 0.5
vt 0.5 0.5
vt 0.5 0.5
vt 0.5 0.5
vt 0.5 0.5
vt 1 0.5
vt 0.8535534143447876 0.8535534143447876
vt 0.5 1
vt 0.1464466154575348 0.8535534143447876
vt 0 0.5
vt 0.1464466154575348 0.1464466154575348
vt 0.5 0
vt 0.8535534143447876 0.1464466154575348
vt 1 0.5
vt 0.5 0.5
vt 0.5 0.5
vt 0.5 0.5
vt 0.5 0.5
vt 0.5 0.5
vt 0.5 0.5
vt 0.5 0.5
vt 0.5 0.5
vt 1 0.5
vt 0.8535534143447876 0.1464466154575348
vt 0.5 0
vt 0.1464466154575348 0.1464466154575348
vt 0 0.5
vt 0.1464466154575348 0.8535534143447876
vt 0.5 1
vt 0.8535534143447876 0.8535534143447876
vt 1 0.5
vn 0 -0.9902159962126372 -0.13954311464423674
vn 0.7071067811865476 -0.7001884457613483 -0.09867188263283161
vn 1 -6.063324515706462e-17 -8.544551807449788e-18
vn 0.7071067811865476 0.7001884457613483 0.09867188263283161
vn 1.224646852585168e-16 0.9902159962126372 0.13954311464423674
vn -0.7071067811865476 0.7001884457613483 0.09867188263283161
vn -1 1.8189972236579428e-16 2.5633653575511615e-17
vn -0.7071067811865476 -0.7001884457613483 -0.09867188263283161
vn -2.449293705170336e-16 -0.9902159962126372 -0.13954311464423674
vn 0 -0.9902159962126372 -0.13954311464423674
vn 0.7071067811865476 -0.7001884457613483 -0.09867188263283161
vn 1 -6.063324515706462e-17 -8.544551807449788e-18
vn 0.7071067811865476 0.7001884457613483 0.09867188263283161
vn 1.224646852585168e-16 0.9902159962126372 0.13954311464423674
vn -0.7071067811865476 0.7001884457613483 0.09867188263283161
vn -1 1.8189972236579428e-16 2.5633653575511615e-17
vn -0.7071067811865476 -0.7001884457613483 -0.09867188263283161
vn -2.449293705170336e-16 -0.9902159962126372 -0.13954311464423674
vn 0 -0.13954311464423674 0.9902159962126372
vn 0 -0.13954311464423674 0.9902159962126372
vn 0 -0.13954311464423674 0.9902159962126372
vn 0 -0.13954311464423674 0.9902159962126372
vn 0 -0.13954311464423674 0.9902159962126372
vn 0 -0.13954311464423674 0.9902159962126372
vn 0 -0.13954311464423674 0.9902159962126372
vn 0 -0.13954311464423674 0.9902159962126372
vn 0 -0.13954311464423674 0.9902159962126372
vn 0 -0.13954311464423674 0.9902159962126372
vn 0 -0.13954311464423674 0.9902159962126372
vn 0 -0.13954311464423674 0.9902159962126372
vn 0 -0.13954311464423674 0.9902159962126372
vn 0 -0.13954311464423674 0.9902159962126372
vn 0 -0.13954311464423674 0.9902159962126372
vn 0 -0.13954311464423674 0.9902159962126372
vn 0 -0.13954311464423674 0.9902159962126372
vn 0 0.13954311464423674 -0.9902159962126372
vn 0 0.13954311464423674 -0.9902159962126372
vn 0 0.13954311464423674 -0.9902159962126372
vn 0 0.13954311464423674 -0.9902159962126372
vn 0 0.13954311464423674 -0.9902159962126372
vn 0 0.13954311464423674 -0.9902159962126372
vn 0 0.13954311464423674 -0.9902159962126372
vn 0 0.13954311464423674 -0.9902159962126372
vn 0 0.13954311464423674 -0.9902159962126372
vn 0 0.13954311464423674 -0.9902159962126372
vn 0 0.13954311464423674 -0.9902159962126372
vn 0 0.13954311464423674 -0.9902159962126372
vn 0 0.13954311464423674 -0.9902159962126372
vn 0 0.13954311464423674 -0.9902159962126372
vn 0 0.13954311464423674 -0.9902159962126372
vn 0 0.13954311464423674 -0.9902159962126372
vn 0 0.13954311464423674 -0.9902159962126372
f 1893/1893/1893 1902/1902/1902 1894/1894/1894
f 1902/1902/1902 1903/1903/1903 1894/1894/1894
f 1894/1894/1894 1903/1903/1903 1895/1895/1895
f 1903/1903/1903 1904/1904/1904 1895/1895/1895
f 1895/1895/1895 1904/1904/1904 1896/1896/1896
f 1904/1904/1904 1905/1905/1905 1896/1896/1896
f 1896/1896/1896 1905/1905/1905 1897/1897/1897
f 1905/1905/1905 1906/1906/1906 1897/1897/1897
f 1897/1897/1897 1906/1906/1906 1898/1898/1898
f 1906/1906/1906 1907/1907/1907 1898/1898/1898
f 1898/1898/1898 1907/1907/1907 1899/1899/1899
f 1907/1907/1907 1908/1908/1908 1899/1899/1899
f 1899/1899/1899 1908/1908/1908 1900/1900/1900
f 1908/1908/1908 1909/1909/1909 1900/1900/1900
f 1900/1900/1900 1909/1909/1909 1901/1901/1901
f 1909/1909/1909 1910/1910/1910 1901/1901/1901
f 1919/1919/1919 1920/1920/1920 1911/1911/1911
f 1920/1920/1920 1921/1921/1921 1912/1912/1912
f 1921/1921/1921 1922/1922/1922 1913/1913/1913
f 1922/1922/1922 1923/1923/1923 1914/1914/1914
f 1923/1923/1923 1924/1924/1924 1915/1915/1915
f 1924/1924/1924 1925/1925/1925 1916/1916/1916
f 1925/1925/1925 1926/1926/1926 1917/1917/1917
f 1926/1926/1926 1927/1927/1927 1918/1918/1918
f 1937/1937/1937 1936/1936/1936 1928/1928/1928
f 1938/1938/1938 1937/1937/1937 1929/1929/1929
f 1939/1939/1939 1938/1938/1938 1930/1930/1930
f 1940/1940/1940 1939/1939/1939 1931/1931/1931
f 1941/1941/1941 1940/1940/1940 1932/1932/1932
f 1942/1942/1942 1941/1941/1941 1933/1933/1933
f 1943/1943/1943 1942/1942/1942 1934/1934/1934
f 1944/1944/1944 1943/1943/1943 1935/1935/1935
o brake_stud_3_4
usemtl rubber_pad
v -0.097 0.25090496527756606 0.025176908909913042
v -0.09311091264523566 0.2525001167178689 0.0254017006736903
v -0.09150000002980233 0.25635115322722485 0.025944396036297633
v -0.09311091264523566 0.26020218973658077 0.026487091398904965
v -0.097 0.26179734117688364 0.026711883162682228
v -0.10088908735476435 0.26020218973658077 0.026487091398904965
v -0.10249999997019768 0.25635115322722485 0.025944396036297633
v -0.10088908735476435 0.2525001167178689 0.0254017006736903
v -0.097 0.25090496527756606 0.025176908909913042
v -0.097 0.2514631377626548 0.021216044736931547
v -0.09311091264523566 0.25305828920295764 0.02144083650070881
v -0.09150000002980233 0.25690932571231356 0.02198353186331614
v -0.09311091264523566 0.2607603622216695 0.022526227225923474
v -0.097 0.26235551366197235 0.022751018989700732
v -0.10088908735476435 0.2607603622216695 0.022526227225923474
v -0.10249999997019768 0.25690932571231356 0.02198353186331614
v -0.10088908735476435 0.25305828920295764 0.02144083650070881
v -0.097 0.2514631377626548 0.021216044736931547
v -0.097 0.25635115322722485 0.025944396036297633
v -0.097 0.25635115322722485 0.025944396036297633
v -0.097 0.25635115322722485 0.025944396036297633
v -0.097 0.25635115322722485 0.025944396036297633
v -0.097 0.25635115322722485 0.025944396036297633
v -0.097 0.25635115322722485 0.025944396036297633
v -0.097 0.25635115322722485 0.025944396036297633
v -0.097 0.25635115322722485 0.025944396036297633
v -0.097 0.25090496527756606 0.025176908909913042
v -0.09311091264523566 0.2525001167178689 0.0254017006736903
v -0.09150000002980233 0.25635115322722485 0.025944396036297633
v -0.09311091264523566 0.26020218973658077 0.026487091398904965
v -0.097 0.26179734117688364 0.026711883162682228
v -0.10088908735476435 0.26020218973658077 0.026487091398904965
v -0.10249999997019768 0.25635115322722485 0.025944396036297633
v -0.10088908735476435 0.2525001167178689 0.0254017006736903
v -0.097 0.25090496527756606 0.025176908909913042
v -0.097 0.25690932571231356 0.02198353186331614
v -0.097 0.25690932571231356 0.02198353186331614
v -0.097 0.25690932571231356 0.02198353186331614
v -0.097 0.25690932571231356 0.02198353186331614
v -0.097 0.25690932571231356 0.02198353186331614
v -0.097 0.25690932571231356 0.02198353186331614
v -0.097 0.25690932571231356 0.02198353186331614
v -0.097 0.25690932571231356 0.02198353186331614
v -0.097 0.2514631377626548 0.021216044736931547
v -0.09311091264523566 0.25305828920295764 0.02144083650070881
v -0.09150000002980233 0.25690932571231356 0.02198353186331614
v -0.09311091264523566 0.2607603622216695 0.022526227225923474
v -0.097 0.26235551366197235 0.022751018989700732
v -0.10088908735476435 0.2607603622216695 0.022526227225923474
v -0.10249999997019768 0.25690932571231356 0.02198353186331614
v -0.10088908735476435 0.25305828920295764 0.02144083650070881
v -0.097 0.2514631377626548 0.021216044736931547
vt 0 1
vt 0.125 1
vt 0.25 1
vt 0.375 1
vt 0.5 1
vt 0.625 1
vt 0.75 1
vt 0.875 1
vt 1 1
vt 0 0
vt 0.125 0
vt 0.25 0
vt 0.375 0
vt 0.5 0
vt 0.625 0
vt 0.75 0
vt 0.875 0
vt 1 0
vt 0.5 0.5
vt 0.5 0.5
vt 0.5 0.5
vt 0.5 0.5
vt 0.5 0.5
vt 0.5 0.5
vt 0.5 0.5
vt 0.5 0.5
vt 1 0.5
vt 0.8535534143447876 0.8535534143447876
vt 0.5 1
vt 0.1464466154575348 0.8535534143447876
vt 0 0.5
vt 0.1464466154575348 0.1464466154575348
vt 0.5 0
vt 0.8535534143447876 0.1464466154575348
vt 1 0.5
vt 0.5 0.5
vt 0.5 0.5
vt 0.5 0.5
vt 0.5 0.5
vt 0.5 0.5
vt 0.5 0.5
vt 0.5 0.5
vt 0.5 0.5
vt 1 0.5
vt 0.8535534143447876 0.1464466154575348
vt 0.5 0
vt 0.1464466154575348 0.1464466154575348
vt 0 0.5
vt 0.1464466154575348 0.8535534143447876
vt 0.5 1
vt 0.8535534143447876 0.8535534143447876
vt 1 0.5
vn 0 -0.9902159962126372 -0.13954311464423674
vn 0.7071067811865476 -0.7001884457613483 -0.09867188263283161
vn 1 -6.063324515706462e-17 -8.544551807449788e-18
vn 0.7071067811865476 0.7001884457613483 0.09867188263283161
vn 1.224646852585168e-16 0.9902159962126372 0.13954311464423674
vn -0.7071067811865476 0.7001884457613483 0.09867188263283161
vn -1 1.8189972236579428e-16 2.5633653575511615e-17
vn -0.7071067811865476 -0.7001884457613483 -0.09867188263283161
vn -2.449293705170336e-16 -0.9902159962126372 -0.13954311464423674
vn 0 -0.9902159962126372 -0.13954311464423674
vn 0.7071067811865476 -0.7001884457613483 -0.09867188263283161
vn 1 -6.063324515706462e-17 -8.544551807449788e-18
vn 0.7071067811865476 0.7001884457613483 0.09867188263283161
vn 1.224646852585168e-16 0.9902159962126372 0.13954311464423674
vn -0.7071067811865476 0.7001884457613483 0.09867188263283161
vn -1 1.8189972236579428e-16 2.5633653575511615e-17
vn -0.7071067811865476 -0.7001884457613483 -0.09867188263283161
vn -2.449293705170336e-16 -0.9902159962126372 -0.13954311464423674
vn 0 -0.13954311464423674 0.9902159962126372
vn 0 -0.13954311464423674 0.9902159962126372
vn 0 -0.13954311464423674 0.9902159962126372
vn 0 -0.13954311464423674 0.9902159962126372
vn 0 -0.13954311464423674 0.9902159962126372
vn 0 -0.13954311464423674 0.9902159962126372
vn 0 -0.13954311464423674 0.9902159962126372
vn 0 -0.13954311464423674 0.9902159962126372
vn 0 -0.13954311464423674 0.9902159962126372
vn 0 -0.13954311464423674 0.9902159962126372
vn 0 -0.13954311464423674 0.9902159962126372
vn 0 -0.13954311464423674 0.9902159962126372
vn 0 -0.13954311464423674 0.9902159962126372
vn 0 -0.13954311464423674 0.9902159962126372
vn 0 -0.13954311464423674 0.9902159962126372
vn 0 -0.13954311464423674 0.9902159962126372
vn 0 -0.13954311464423674 0.9902159962126372
vn 0 0.13954311464423674 -0.9902159962126372
vn 0 0.13954311464423674 -0.9902159962126372
vn 0 0.13954311464423674 -0.9902159962126372
vn 0 0.13954311464423674 -0.9902159962126372
vn 0 0.13954311464423674 -0.9902159962126372
vn 0 0.13954311464423674 -0.9902159962126372
vn 0 0.13954311464423674 -0.9902159962126372
vn 0 0.13954311464423674 -0.9902159962126372
vn 0 0.13954311464423674 -0.9902159962126372
vn 0 0.13954311464423674 -0.9902159962126372
vn 0 0.13954311464423674 -0.9902159962126372
vn 0 0.13954311464423674 -0.9902159962126372
vn 0 0.13954311464423674 -0.9902159962126372
vn 0 0.13954311464423674 -0.9902159962126372
vn 0 0.13954311464423674 -0.9902159962126372
vn 0 0.13954311464423674 -0.9902159962126372
vn 0 0.13954311464423674 -0.9902159962126372
f 1945/1945/1945 1954/1954/1954 1946/1946/1946
f 1954/1954/1954 1955/1955/1955 1946/1946/1946
f 1946/1946/1946 1955/1955/1955 1947/1947/1947
f 1955/1955/1955 1956/1956/1956 1947/1947/1947
f 1947/1947/1947 1956/1956/1956 1948/1948/1948
f 1956/1956/1956 1957/1957/1957 1948/1948/1948
f 1948/1948/1948 1957/1957/1957 1949/1949/1949
f 1957/1957/1957 1958/1958/1958 1949/1949/1949
f 1949/1949/1949 1958/1958/1958 1950/1950/1950
f 1958/1958/1958 1959/1959/1959 1950/1950/1950
f 1950/1950/1950 1959/1959/1959 1951/1951/1951
f 1959/1959/1959 1960/1960/1960 1951/1951/1951
f 1951/1951/1951 1960/1960/1960 1952/1952/1952
f 1960/1960/1960 1961/1961/1961 1952/1952/1952
f 1952/1952/1952 1961/1961/1961 1953/1953/1953
f 1961/1961/1961 1962/1962/1962 1953/1953/1953
f 1971/1971/1971 1972/1972/1972 1963/1963/1963
f 1972/1972/1972 1973/1973/1973 1964/1964/1964
f 1973/1973/1973 1974/1974/1974 1965/1965/1965
f 1974/1974/1974 1975/1975/1975 1966/1966/1966
f 1975/1975/1975 1976/1976/1976 1967/1967/1967
f 1976/1976/1976 1977/1977/1977 1968/1968/1968
f 1977/1977/1977 1978/1978/1978 1969/1969/1969
f 1978/1978/1978 1979/1979/1979 1970/1970/1970
f 1989/1989/1989 1988/1988/1988 1980/1980/1980
f 1990/1990/1990 1989/1989/1989 1981/1981/1981
f 1991/1991/1991 1990/1990/1990 1982/1982/1982
f 1992/1992/1992 1991/1991/1991 1983/1983/1983
f 1993/1993/1993 1992/1992/1992 1984/1984/1984
f 1994/1994/1994 1993/1993/1993 1985/1985/1985
f 1995/1995/1995 1994/1994/1994 1986/1986/1986
f 1996/1996/1996 1995/1995/1995 1987/1987/1987
o brake_stud_3_5
usemtl rubber_pad
v -0.097 0.268904965277566 0.025176908909913042
v -0.09311091264523566 0.2705001167178689 0.0254017006736903
v -0.09150000002980233 0.2743511532272248 0.025944396036297633
v -0.09311091264523566 0.27820218973658073 0.026487091398904965
v -0.097 0.2797973411768836 0.026711883162682228
v -0.10088908735476435 0.27820218973658073 0.026487091398904965
v -0.10249999997019768 0.2743511532272248 0.025944396036297633
v -0.10088908735476435 0.2705001167178689 0.0254017006736903
v -0.097 0.268904965277566 0.025176908909913042
v -0.097 0.26946313776265474 0.021216044736931547
v -0.09311091264523566 0.2710582892029576 0.02144083650070881
v -0.09150000002980233 0.2749093257123135 0.02198353186331614
v -0.09311091264523566 0.27876036222166944 0.022526227225923474
v -0.097 0.2803555136619723 0.022751018989700732
v -0.10088908735476435 0.27876036222166944 0.022526227225923474
v -0.10249999997019768 0.2749093257123135 0.02198353186331614
v -0.10088908735476435 0.2710582892029576 0.02144083650070881
v -0.097 0.26946313776265474 0.021216044736931547
v -0.097 0.2743511532272248 0.025944396036297633
v -0.097 0.2743511532272248 0.025944396036297633
v -0.097 0.2743511532272248 0.025944396036297633
v -0.097 0.2743511532272248 0.025944396036297633
v -0.097 0.2743511532272248 0.025944396036297633
v -0.097 0.2743511532272248 0.025944396036297633
v -0.097 0.2743511532272248 0.025944396036297633
v -0.097 0.2743511532272248 0.025944396036297633
v -0.097 0.268904965277566 0.025176908909913042
v -0.09311091264523566 0.2705001167178689 0.0254017006736903
v -0.09150000002980233 0.2743511532272248 0.025944396036297633
v -0.09311091264523566 0.27820218973658073 0.026487091398904965
v -0.097 0.2797973411768836 0.026711883162682228
v -0.10088908735476435 0.27820218973658073 0.026487091398904965
v -0.10249999997019768 0.2743511532272248 0.025944396036297633
v -0.10088908735476435 0.2705001167178689 0.0254017006736903
v -0.097 0.268904965277566 0.025176908909913042
v -0.097 0.2749093257123135 0.02198353186331614
v -0.097 0.2749093257123135 0.02198353186331614
v -0.097 0.2749093257123135 0.02198353186331614
v -0.097 0.2749093257123135 0.02198353186331614
v -0.097 0.2749093257123135 0.02198353186331614
v -0.097 0.2749093257123135 0.02198353186331614
v -0.097 0.2749093257123135 0.02198353186331614
v -0.097 0.2749093257123135 0.02198353186331614
v -0.097 0.26946313776265474 0.021216044736931547
v -0.09311091264523566 0.2710582892029576 0.02144083650070881
v -0.09150000002980233 0.2749093257123135 0.02198353186331614
v -0.09311091264523566 0.27876036222166944 0.022526227225923474
v -0.097 0.2803555136619723 0.022751018989700732
v -0.10088908735476435 0.27876036222166944 0.022526227225923474
v -0.10249999997019768 0.2749093257123135 0.02198353186331614
v -0.10088908735476435 0.2710582892029576 0.02144083650070881
v -0.097 0.26946313776265474 0.021216044736931547
vt 0 1
vt 0.125 1
vt 0.25 1
vt 0.375 1
vt 0.5 1
vt 0.625 1
vt 0.75 1
vt 0.875 1
vt 1 1
vt 0 0
vt 0.125 0
vt 0.25 0
vt 0.375 0
vt 0.5 0
vt 0.625 0
vt 0.75 0
vt 0.875 0
vt 1 0
vt 0.5 0.5
vt 0.5 0.5
vt 0.5 0.5
vt 0.5 0.5
vt 0.5 0.5
vt 0.5 0.5
vt 0.5 0.5
vt 0.5 0.5
vt 1 0.5
vt 0.8535534143447876 0.8535534143447876
vt 0.5 1
vt 0.1464466154575348 0.8535534143447876
vt 0 0.5
vt 0.1464466154575348 0.1464466154575348
vt 0.5 0
vt 0.8535534143447876 0.1464466154575348
vt 1 0.5
vt 0.5 0.5
vt 0.5 0.5
vt 0.5 0.5
vt 0.5 0.5
vt 0.5 0.5
vt 0.5 0.5
vt 0.5 0.5
vt 0.5 0.5
vt 1 0.5
vt 0.8535534143447876 0.1464466154575348
vt 0.5 0
vt 0.1464466154575348 0.1464466154575348
vt 0 0.5
vt 0.1464466154575348 0.8535534143447876
vt 0.5 1
vt 0.8535534143447876 0.8535534143447876
vt 1 0.5
vn 0 -0.9902159962126372 -0.13954311464423674
vn 0.7071067811865476 -0.7001884457613483 -0.09867188263283161
vn 1 -6.063324515706462e-17 -8.544551807449788e-18
vn 0.7071067811865476 0.7001884457613483 0.09867188263283161
vn 1.224646852585168e-16 0.9902159962126372 0.13954311464423674
vn -0.7071067811865476 0.7001884457613483 0.09867188263283161
vn -1 1.8189972236579428e-16 2.5633653575511615e-17
vn -0.7071067811865476 -0.7001884457613483 -0.09867188263283161
vn -2.449293705170336e-16 -0.9902159962126372 -0.13954311464423674
vn 0 -0.9902159962126372 -0.13954311464423674
vn 0.7071067811865476 -0.7001884457613483 -0.09867188263283161
vn 1 -6.063324515706462e-17 -8.544551807449788e-18
vn 0.7071067811865476 0.7001884457613483 0.09867188263283161
vn 1.224646852585168e-16 0.9902159962126372 0.13954311464423674
vn -0.7071067811865476 0.7001884457613483 0.09867188263283161
vn -1 1.8189972236579428e-16 2.5633653575511615e-17
vn -0.7071067811865476 -0.7001884457613483 -0.09867188263283161
vn -2.449293705170336e-16 -0.9902159962126372 -0.13954311464423674
vn 0 -0.13954311464423674 0.9902159962126372
vn 0 -0.13954311464423674 0.9902159962126372
vn 0 -0.13954311464423674 0.9902159962126372
vn 0 -0.13954311464423674 0.9902159962126372
vn 0 -0.13954311464423674 0.9902159962126372
vn 0 -0.13954311464423674 0.9902159962126372
vn 0 -0.13954311464423674 0.9902159962126372
vn 0 -0.13954311464423674 0.9902159962126372
vn 0 -0.13954311464423674 0.9902159962126372
vn 0 -0.13954311464423674 0.9902159962126372
vn 0 -0.13954311464423674 0.9902159962126372
vn 0 -0.13954311464423674 0.9902159962126372
vn 0 -0.13954311464423674 0.9902159962126372
vn 0 -0.13954311464423674 0.9902159962126372
vn 0 -0.13954311464423674 0.9902159962126372
vn 0 -0.13954311464423674 0.9902159962126372
vn 0 -0.13954311464423674 0.9902159962126372
vn 0 0.13954311464423674 -0.9902159962126372
vn 0 0.13954311464423674 -0.9902159962126372
vn 0 0.13954311464423674 -0.9902159962126372
vn 0 0.13954311464423674 -0.9902159962126372
vn 0 0.13954311464423674 -0.9902159962126372
vn 0 0.13954311464423674 -0.9902159962126372
vn 0 0.13954311464423674 -0.9902159962126372
vn 0 0.13954311464423674 -0.9902159962126372
vn 0 0.13954311464423674 -0.9902159962126372
vn 0 0.13954311464423674 -0.9902159962126372
vn 0 0.13954311464423674 -0.9902159962126372
vn 0 0.13954311464423674 -0.9902159962126372
vn 0 0.13954311464423674 -0.9902159962126372
vn 0 0.13954311464423674 -0.9902159962126372
vn 0 0.13954311464423674 -0.9902159962126372
vn 0 0.13954311464423674 -0.9902159962126372
vn 0 0.13954311464423674 -0.9902159962126372
f 1997/1997/1997 2006/2006/2006 1998/1998/1998
f 2006/2006/2006 2007/2007/2007 1998/1998/1998
f 1998/1998/1998 2007/2007/2007 1999/1999/1999
f 2007/2007/2007 2008/2008/2008 1999/1999/1999
f 1999/1999/1999 2008/2008/2008 2000/2000/2000
f 2008/2008/2008 2009/2009/2009 2000/2000/2000
f 2000/2000/2000 2009/2009/2009 2001/2001/2001
f 2009/2009/2009 2010/2010/2010 2001/2001/2001
f 2001/2001/2001 2010/2010/2010 2002/2002/2002
f 2010/2010/2010 2011/2011/2011 2002/2002/2002
f 2002/2002/2002 2011/2011/2011 2003/2003/2003
f 2011/2011/2011 2012/2012/2012 2003/2003/2003
f 2003/2003/2003 2012/2012/2012 2004/2004/2004
f 2012/2012/2012 2013/2013/2013 2004/2004/2004
f 2004/2004/2004 2013/2013/2013 2005/2005/2005
f 2013/2013/2013 2014/2014/2014 2005/2005/2005
f 2023/2023/2023 2024/2024/2024 2015/2015/2015
f 2024/2024/2024 2025/2025/2025 2016/2016/2016
f 2025/2025/2025 2026/2026/2026 2017/2017/2017
f 2026/2026/2026 2027/2027/2027 2018/2018/2018
f 2027/2027/2027 2028/2028/2028 2019/2019/2019
f 2028/2028/2028 2029/2029/2029 2020/2020/2020
f 2029/2029/2029 2030/2030/2030 2021/2021/2021
f 2030/2030/2030 2031/2031/2031 2022/2022/2022
f 2041/2041/2041 2040/2040/2040 2032/2032/2032
f 2042/2042/2042 2041/2041/2041 2033/2033/2033
f 2043/2043/2043 2042/2042/2042 2034/2034/2034
f 2044/2044/2044 2043/2043/2043 2035/2035/2035
f 2045/2045/2045 2044/2044/2044 2036/2036/2036
f 2046/2046/2046 2045/2045/2045 2037/2037/2037
f 2047/2047/2047 2046/2046/2046 2038/2038/2038
f 2048/2048/2048 2047/2047/2047 2039/2039/2039
o brake_stud_3_6
usemtl rubber_pad
v -0.097 0.28690496527756604 0.025176908909913042
v -0.09311091264523566 0.2885001167178689 0.0254017006736903
v -0.09150000002980233 0.2923511532272248 0.025944396036297633
v -0.09311091264523566 0.29620218973658075 0.026487091398904965
v -0.097 0.2977973411768836 0.026711883162682228
v -0.10088908735476435 0.29620218973658075 0.026487091398904965
v -0.10249999997019768 0.2923511532272248 0.025944396036297633
v -0.10088908735476435 0.2885001167178689 0.0254017006736903
v -0.097 0.28690496527756604 0.025176908909913042
v -0.097 0.28746313776265475 0.021216044736931547
v -0.09311091264523566 0.2890582892029576 0.02144083650070881
v -0.09150000002980233 0.29290932571231354 0.02198353186331614
v -0.09311091264523566 0.29676036222166946 0.022526227225923474
v -0.097 0.2983555136619723 0.022751018989700732
v -0.10088908735476435 0.29676036222166946 0.022526227225923474
v -0.10249999997019768 0.29290932571231354 0.02198353186331614
v -0.10088908735476435 0.2890582892029576 0.02144083650070881
v -0.097 0.28746313776265475 0.021216044736931547
v -0.097 0.2923511532272248 0.025944396036297633
v -0.097 0.2923511532272248 0.025944396036297633
v -0.097 0.2923511532272248 0.025944396036297633
v -0.097 0.2923511532272248 0.025944396036297633
v -0.097 0.2923511532272248 0.025944396036297633
v -0.097 0.2923511532272248 0.025944396036297633
v -0.097 0.2923511532272248 0.025944396036297633
v -0.097 0.2923511532272248 0.025944396036297633
v -0.097 0.28690496527756604 0.025176908909913042
v -0.09311091264523566 0.2885001167178689 0.0254017006736903
v -0.09150000002980233 0.2923511532272248 0.025944396036297633
v -0.09311091264523566 0.29620218973658075 0.026487091398904965
v -0.097 0.2977973411768836 0.026711883162682228
v -0.10088908735476435 0.29620218973658075 0.026487091398904965
v -0.10249999997019768 0.2923511532272248 0.025944396036297633
v -0.10088908735476435 0.2885001167178689 0.0254017006736903
v -0.097 0.28690496527756604 0.025176908909913042
v -0.097 0.29290932571231354 0.02198353186331614
v -0.097 0.29290932571231354 0.02198353186331614
v -0.097 0.29290932571231354 0.02198353186331614
v -0.097 0.29290932571231354 0.02198353186331614
v -0.097 0.29290932571231354 0.02198353186331614
v -0.097 0.29290932571231354 0.02198353186331614
v -0.097 0.29290932571231354 0.02198353186331614
v -0.097 0.29290932571231354 0.02198353186331614
v -0.097 0.28746313776265475 0.021216044736931547
v -0.09311091264523566 0.2890582892029576 0.02144083650070881
v -0.09150000002980233 0.29290932571231354 0.02198353186331614
v -0.09311091264523566 0.29676036222166946 0.022526227225923474
v -0.097 0.2983555136619723 0.022751018989700732
v -0.10088908735476435 0.29676036222166946 0.022526227225923474
v -0.10249999997019768 0.29290932571231354 0.02198353186331614
v -0.10088908735476435 0.2890582892029576 0.02144083650070881
v -0.097 0.28746313776265475 0.021216044736931547
vt 0 1
vt 0.125 1
vt 0.25 1
vt 0.375 1
vt 0.5 1
vt 0.625 1
vt 0.75 1
vt 0.875 1
vt 1 1
vt 0 0
vt 0.125 0
vt 0.25 0
vt 0.375 0
vt 0.5 0
vt 0.625 0
vt 0.75 0
vt 0.875 0
vt 1 0
vt 0.5 0.5
vt 0.5 0.5
vt 0.5 0.5
vt 0.5 0.5
vt 0.5 0.5
vt 0.5 0.5
vt 0.5 0.5
vt 0.5 0.5
vt 1 0.5
vt 0.8535534143447876 0.8535534143447876
vt 0.5 1
vt 0.1464466154575348 0.8535534143447876
vt 0 0.5
vt 0.1464466154575348 0.1464466154575348
vt 0.5 0
vt 0.8535534143447876 0.1464466154575348
vt 1 0.5
vt 0.5 0.5
vt 0.5 0.5
vt 0.5 0.5
vt 0.5 0.5
vt 0.5 0.5
vt 0.5 0.5
vt 0.5 0.5
vt 0.5 0.5
vt 1 0.5
vt 0.8535534143447876 0.1464466154575348
vt 0.5 0
vt 0.1464466154575348 0.1464466154575348
vt 0 0.5
vt 0.1464466154575348 0.8535534143447876
vt 0.5 1
vt 0.8535534143447876 0.8535534143447876
vt 1 0.5
vn 0 -0.9902159962126372 -0.13954311464423674
vn 0.7071067811865476 -0.7001884457613483 -0.09867188263283161
vn 1 -6.063324515706462e-17 -8.544551807449788e-18
vn 0.7071067811865476 0.7001884457613483 0.09867188263283161
vn 1.224646852585168e-16 0.9902159962126372 0.13954311464423674
vn -0.7071067811865476 0.7001884457613483 0.09867188263283161
vn -1 1.8189972236579428e-16 2.5633653575511615e-17
vn -0.7071067811865476 -0.7001884457613483 -0.09867188263283161
vn -2.449293705170336e-16 -0.9902159962126372 -0.13954311464423674
vn 0 -0.9902159962126372 -0.13954311464423674
vn 0.7071067811865476 -0.7001884457613483 -0.09867188263283161
vn 1 -6.063324515706462e-17 -8.544551807449788e-18
vn 0.7071067811865476 0.7001884457613483 0.09867188263283161
vn 1.224646852585168e-16 0.9902159962126372 0.13954311464423674
vn -0.7071067811865476 0.7001884457613483 0.09867188263283161
vn -1 1.8189972236579428e-16 2.5633653575511615e-17
vn -0.7071067811865476 -0.7001884457613483 -0.09867188263283161
vn -2.449293705170336e-16 -0.9902159962126372 -0.13954311464423674
vn 0 -0.13954311464423674 0.9902159962126372
vn 0 -0.13954311464423674 0.9902159962126372
vn 0 -0.13954311464423674 0.9902159962126372
vn 0 -0.13954311464423674 0.9902159962126372
vn 0 -0.13954311464423674 0.9902159962126372
vn 0 -0.13954311464423674 0.9902159962126372
vn 0 -0.13954311464423674 0.9902159962126372
vn 0 -0.13954311464423674 0.9902159962126372
vn 0 -0.13954311464423674 0.9902159962126372
vn 0 -0.13954311464423674 0.9902159962126372
vn 0 -0.13954311464423674 0.9902159962126372
vn 0 -0.13954311464423674 0.9902159962126372
vn 0 -0.13954311464423674 0.9902159962126372
vn 0 -0.13954311464423674 0.9902159962126372
vn 0 -0.13954311464423674 0.9902159962126372
vn 0 -0.13954311464423674 0.9902159962126372
vn 0 -0.13954311464423674 0.9902159962126372
vn 0 0.13954311464423674 -0.9902159962126372
vn 0 0.13954311464423674 -0.9902159962126372
vn 0 0.13954311464423674 -0.9902159962126372
vn 0 0.13954311464423674 -0.9902159962126372
vn 0 0.13954311464423674 -0.9902159962126372
vn 0 0.13954311464423674 -0.9902159962126372
vn 0 0.13954311464423674 -0.9902159962126372
vn 0 0.13954311464423674 -0.9902159962126372
vn 0 0.13954311464423674 -0.9902159962126372
vn 0 0.13954311464423674 -0.9902159962126372
vn 0 0.13954311464423674 -0.9902159962126372
vn 0 0.13954311464423674 -0.9902159962126372
vn 0 0.13954311464423674 -0.9902159962126372
vn 0 0.13954311464423674 -0.9902159962126372
vn 0 0.13954311464423674 -0.9902159962126372
vn 0 0.13954311464423674 -0.9902159962126372
vn 0 0.13954311464423674 -0.9902159962126372
f 2049/2049/2049 2058/2058/2058 2050/2050/2050
f 2058/2058/2058 2059/2059/2059 2050/2050/2050
f 2050/2050/2050 2059/2059/2059 2051/2051/2051
f 2059/2059/2059 2060/2060/2060 2051/2051/2051
f 2051/2051/2051 2060/2060/2060 2052/2052/2052
f 2060/2060/2060 2061/2061/2061 2052/2052/2052
f 2052/2052/2052 2061/2061/2061 2053/2053/2053
f 2061/2061/2061 2062/2062/2062 2053/2053/2053
f 2053/2053/2053 2062/2062/2062 2054/2054/2054
f 2062/2062/2062 2063/2063/2063 2054/2054/2054
f 2054/2054/2054 2063/2063/2063 2055/2055/2055
f 2063/2063/2063 2064/2064/2064 2055/2055/2055
f 2055/2055/2055 2064/2064/2064 2056/2056/2056
f 2064/2064/2064 2065/2065/2065 2056/2056/2056
f 2056/2056/2056 2065/2065/2065 2057/2057/2057
f 2065/2065/2065 2066/2066/2066 2057/2057/2057
f 2075/2075/2075 2076/2076/2076 2067/2067/2067
f 2076/2076/2076 2077/2077/2077 2068/2068/2068
f 2077/2077/2077 2078/2078/2078 2069/2069/2069
f 2078/2078/2078 2079/2079/2079 2070/2070/2070
f 2079/2079/2079 2080/2080/2080 2071/2071/2071
f 2080/2080/2080 2081/2081/2081 2072/2072/2072
f 2081/2081/2081 2082/2082/2082 2073/2073/2073
f 2082/2082/2082 2083/2083/2083 2074/2074/2074
f 2093/2093/2093 2092/2092/2092 2084/2084/2084
f 2094/2094/2094 2093/2093/2093 2085/2085/2085
f 2095/2095/2095 2094/2094/2094 2086/2086/2086
f 2096/2096/2096 2095/2095/2095 2087/2087/2087
f 2097/2097/2097 2096/2096/2096 2088/2088/2088
f 2098/2098/2098 2097/2097/2097 2089/2089/2089
f 2099/2099/2099 2098/2098/2098 2090/2090/2090
f 2100/2100/2100 2099/2099/2099 2091/2091/2091
o brake_stud_4_0
usemtl rubber_pad
v -0.079 0.17890496527756608 0.025176908909913042
v -0.07511091264523566 0.1805001167178689 0.0254017006736903
v -0.07350000002980232 0.18435115322722484 0.025944396036297633
v -0.07511091264523566 0.1882021897365808 0.026487091398904965
v -0.079 0.1897973411768836 0.026711883162682228
v -0.08288908735476434 0.1882021897365808 0.026487091398904965
v -0.08449999997019768 0.18435115322722484 0.025944396036297633
v -0.08288908735476434 0.1805001167178689 0.0254017006736903
v -0.079 0.17890496527756608 0.025176908909913042
v -0.079 0.1794631377626548 0.021216044736931547
v -0.07511091264523566 0.1810582892029576 0.02144083650070881
v -0.07350000002980232 0.18490932571231355 0.02198353186331614
v -0.07511091264523566 0.1887603622216695 0.022526227225923474
v -0.079 0.19035551366197231 0.022751018989700732
v -0.08288908735476434 0.1887603622216695 0.022526227225923474
v -0.08449999997019768 0.18490932571231355 0.02198353186331614
v -0.08288908735476434 0.1810582892029576 0.02144083650070881
v -0.079 0.1794631377626548 0.021216044736931547
v -0.079 0.18435115322722484 0.025944396036297633
v -0.079 0.18435115322722484 0.025944396036297633
v -0.079 0.18435115322722484 0.025944396036297633
v -0.079 0.18435115322722484 0.025944396036297633
v -0.079 0.18435115322722484 0.025944396036297633
v -0.079 0.18435115322722484 0.025944396036297633
v -0.079 0.18435115322722484 0.025944396036297633
v -0.079 0.18435115322722484 0.025944396036297633
v -0.079 0.17890496527756608 0.025176908909913042
v -0.07511091264523566 0.1805001167178689 0.0254017006736903
v -0.07350000002980232 0.18435115322722484 0.025944396036297633
v -0.07511091264523566 0.1882021897365808 0.026487091398904965
v -0.079 0.1897973411768836 0.026711883162682228
v -0.08288908735476434 0.1882021897365808 0.026487091398904965
v -0.08449999997019768 0.18435115322722484 0.025944396036297633
v -0.08288908735476434 0.1805001167178689 0.0254017006736903
v -0.079 0.17890496527756608 0.025176908909913042
v -0.079 0.18490932571231355 0.02198353186331614
v -0.079 0.18490932571231355 0.02198353186331614
v -0.079 0.18490932571231355 0.02198353186331614
v -0.079 0.18490932571231355 0.02198353186331614
v -0.079 0.18490932571231355 0.02198353186331614
v -0.079 0.18490932571231355 0.02198353186331614
v -0.079 0.18490932571231355 0.02198353186331614
v -0.079 0.18490932571231355 0.02198353186331614
v -0.079 0.1794631377626548 0.021216044736931547
v -0.07511091264523566 0.1810582892029576 0.02144083650070881
v -0.07350000002980232 0.18490932571231355 0.02198353186331614
v -0.07511091264523566 0.1887603622216695 0.022526227225923474
v -0.079 0.19035551366197231 0.022751018989700732
v -0.08288908735476434 0.1887603622216695 0.022526227225923474
v -0.08449999997019768 0.18490932571231355 0.02198353186331614
v -0.08288908735476434 0.1810582892029576 0.02144083650070881
v -0.079 0.1794631377626548 0.021216044736931547
vt 0 1
vt 0.125 1
vt 0.25 1
vt 0.375 1
vt 0.5 1
vt 0.625 1
vt 0.75 1
vt 0.875 1
vt 1 1
vt 0 0
vt 0.125 0
vt 0.25 0
vt 0.375 0
vt 0.5 0
vt 0.625 0
vt 0.75 0
vt 0.875 0
vt 1 0
vt 0.5 0.5
vt 0.5 0.5
vt 0.5 0.5
vt 0.5 0.5
vt 0.5 0.5
vt 0.5 0.5
vt 0.5 0.5
vt 0.5 0.5
vt 1 0.5
vt 0.8535534143447876 0.8535534143447876
vt 0.5 1
vt 0.1464466154575348 0.8535534143447876
vt 0 0.5
vt 0.1464466154575348 0.1464466154575348
vt 0.5 0
vt 0.8535534143447876 0.1464466154575348
vt 1 0.5
vt 0.5 0.5
vt 0.5 0.5
vt 0.5 0.5
vt 0.5 0.5
vt 0.5 0.5
vt 0.5 0.5
vt 0.5 0.5
vt 0.5 0.5
vt 1 0.5
vt 0.8535534143447876 0.1464466154575348
vt 0.5 0
vt 0.1464466154575348 0.1464466154575348
vt 0 0.5
vt 0.1464466154575348 0.8535534143447876
vt 0.5 1
vt 0.8535534143447876 0.8535534143447876
vt 1 0.5
vn 0 -0.9902159962126372 -0.13954311464423674
vn 0.7071067811865476 -0.7001884457613483 -0.09867188263283161
vn 1 -6.063324515706462e-17 -8.544551807449788e-18
vn 0.7071067811865476 0.7001884457613483 0.09867188263283161
vn 1.224646852585168e-16 0.9902159962126372 0.13954311464423674
vn -0.7071067811865476 0.7001884457613483 0.09867188263283161
vn -1 1.8189972236579428e-16 2.5633653575511615e-17
vn -0.7071067811865476 -0.7001884457613483 -0.09867188263283161
vn -2.449293705170336e-16 -0.9902159962126372 -0.13954311464423674
vn 0 -0.9902159962126372 -0.13954311464423674
vn 0.7071067811865476 -0.7001884457613483 -0.09867188263283161
vn 1 -6.063324515706462e-17 -8.544551807449788e-18
vn 0.7071067811865476 0.7001884457613483 0.09867188263283161
vn 1.224646852585168e-16 0.9902159962126372 0.13954311464423674
vn -0.7071067811865476 0.7001884457613483 0.09867188263283161
vn -1 1.8189972236579428e-16 2.5633653575511615e-17
vn -0.7071067811865476 -0.7001884457613483 -0.09867188263283161
vn -2.449293705170336e-16 -0.9902159962126372 -0.13954311464423674
vn 0 -0.13954311464423674 0.9902159962126372
vn 0 -0.13954311464423674 0.9902159962126372
vn 0 -0.13954311464423674 0.9902159962126372
vn 0 -0.13954311464423674 0.9902159962126372
vn 0 -0.13954311464423674 0.9902159962126372
vn 0 -0.13954311464423674 0.9902159962126372
vn 0 -0.13954311464423674 0.9902159962126372
vn 0 -0.13954311464423674 0.9902159962126372
vn 0 -0.13954311464423674 0.9902159962126372
vn 0 -0.13954311464423674 0.9902159962126372
vn 0 -0.13954311464423674 0.9902159962126372
vn 0 -0.13954311464423674 0.9902159962126372
vn 0 -0.13954311464423674 0.9902159962126372
vn 0 -0.13954311464423674 0.9902159962126372
vn 0 -0.13954311464423674 0.9902159962126372
vn 0 -0.13954311464423674 0.9902159962126372
vn 0 -0.13954311464423674 0.9902159962126372
vn 0 0.13954311464423674 -0.9902159962126372
vn 0 0.13954311464423674 -0.9902159962126372
vn 0 0.13954311464423674 -0.9902159962126372
vn 0 0.13954311464423674 -0.9902159962126372
vn 0 0.13954311464423674 -0.9902159962126372
vn 0 0.13954311464423674 -0.9902159962126372
vn 0 0.13954311464423674 -0.9902159962126372
vn 0 0.13954311464423674 -0.9902159962126372
vn 0 0.13954311464423674 -0.9902159962126372
vn 0 0.13954311464423674 -0.9902159962126372
vn 0 0.13954311464423674 -0.9902159962126372
vn 0 0.13954311464423674 -0.9902159962126372
vn 0 0.13954311464423674 -0.9902159962126372
vn 0 0.13954311464423674 -0.9902159962126372
vn 0 0.13954311464423674 -0.9902159962126372
vn 0 0.13954311464423674 -0.9902159962126372
vn 0 0.13954311464423674 -0.9902159962126372
f 2101/2101/2101 2110/2110/2110 2102/2102/2102
f 2110/2110/2110 2111/2111/2111 2102/2102/2102
f 2102/2102/2102 2111/2111/2111 2103/2103/2103
f 2111/2111/2111 2112/2112/2112 2103/2103/2103
f 2103/2103/2103 2112/2112/2112 2104/2104/2104
f 2112/2112/2112 2113/2113/2113 2104/2104/2104
f 2104/2104/2104 2113/2113/2113 2105/2105/2105
f 2113/2113/2113 2114/2114/2114 2105/2105/2105
f 2105/2105/2105 2114/2114/2114 2106/2106/2106
f 2114/2114/2114 2115/2115/2115 2106/2106/2106
f 2106/2106/2106 2115/2115/2115 2107/2107/2107
f 2115/2115/2115 2116/2116/2116 2107/2107/2107
f 2107/2107/2107 2116/2116/2116 2108/2108/2108
f 2116/2116/2116 2117/2117/2117 2108/2108/2108
f 2108/2108/2108 2117/2117/2117 2109/2109/2109
f 2117/2117/2117 2118/2118/2118 2109/2109/2109
f 2127/2127/2127 2128/2128/2128 2119/2119/2119
f 2128/2128/2128 2129/2129/2129 2120/2120/2120
f 2129/2129/2129 2130/2130/2130 2121/2121/2121
f 2130/2130/2130 2131/2131/2131 2122/2122/2122
f 2131/2131/2131 2132/2132/2132 2123/2123/2123
f 2132/2132/2132 2133/2133/2133 2124/2124/2124
f 2133/2133/2133 2134/2134/2134 2125/2125/2125
f 2134/2134/2134 2135/2135/2135 2126/2126/2126
f 2145/2145/2145 2144/2144/2144 2136/2136/2136
f 2146/2146/2146 2145/2145/2145 2137/2137/2137
f 2147/2147/2147 2146/2146/2146 2138/2138/2138
f 2148/2148/2148 2147/2147/2147 2139/2139/2139
f 2149/2149/2149 2148/2148/2148 2140/2140/2140
f 2150/2150/2150 2149/2149/2149 2141/2141/2141
f 2151/2151/2151 2150/2150/2150 2142/2142/2142
f 2152/2152/2152 2151/2151/2151 2143/2143/2143
o brake_stud_4_1
usemtl rubber_pad
v -0.079 0.19690496527756607 0.025176908909913042
v -0.07511091264523566 0.19850011671786888 0.0254017006736903
v -0.07350000002980232 0.20235115322722483 0.025944396036297633
v -0.07511091264523566 0.20620218973658078 0.026487091398904965
v -0.079 0.2077973411768836 0.026711883162682228
v -0.08288908735476434 0.20620218973658078 0.026487091398904965
v -0.08449999997019768 0.20235115322722483 0.025944396036297633
v -0.08288908735476434 0.19850011671786888 0.0254017006736903
v -0.079 0.19690496527756607 0.025176908909913042
v -0.079 0.19746313776265478 0.021216044736931547
v -0.07511091264523566 0.1990582892029576 0.02144083650070881
v -0.07350000002980232 0.20290932571231354 0.02198353186331614
v -0.07511091264523566 0.2067603622216695 0.022526227225923474
v -0.079 0.2083555136619723 0.022751018989700732
v -0.08288908735476434 0.2067603622216695 0.022526227225923474
v -0.08449999997019768 0.20290932571231354 0.02198353186331614
v -0.08288908735476434 0.1990582892029576 0.02144083650070881
v -0.079 0.19746313776265478 0.021216044736931547
v -0.079 0.20235115322722483 0.025944396036297633
v -0.079 0.20235115322722483 0.025944396036297633
v -0.079 0.20235115322722483 0.025944396036297633
v -0.079 0.20235115322722483 0.025944396036297633
v -0.079 0.20235115322722483 0.025944396036297633
v -0.079 0.20235115322722483 0.025944396036297633
v -0.079 0.20235115322722483 0.025944396036297633
v -0.079 0.20235115322722483 0.025944396036297633
v -0.079 0.19690496527756607 0.025176908909913042
v -0.07511091264523566 0.19850011671786888 0.0254017006736903
v -0.07350000002980232 0.20235115322722483 0.025944396036297633
v -0.07511091264523566 0.20620218973658078 0.026487091398904965
v -0.079 0.2077973411768836 0.026711883162682228
v -0.08288908735476434 0.20620218973658078 0.026487091398904965
v -0.08449999997019768 0.20235115322722483 0.025944396036297633
v -0.08288908735476434 0.19850011671786888 0.0254017006736903
v -0.079 0.19690496527756607 0.025176908909913042
v -0.079 0.20290932571231354 0.02198353186331614
v -0.079 0.20290932571231354 0.02198353186331614
v -0.079 0.20290932571231354 0.02198353186331614
v -0.079 0.20290932571231354 0.02198353186331614
v -0.079 0.20290932571231354 0.02198353186331614
v -0.079 0.20290932571231354 0.02198353186331614
v -0.079 0.20290932571231354 0.02198353186331614
v -0.079 0.20290932571231354 0.02198353186331614
v -0.079 0.19746313776265478 0.021216044736931547
v -0.07511091264523566 0.1990582892029576 0.02144083650070881
v -0.07350000002980232 0.20290932571231354 0.02198353186331614
v -0.07511091264523566 0.2067603622216695 0.022526227225923474
v -0.079 0.2083555136619723 0.022751018989700732
v -0.08288908735476434 0.2067603622216695 0.022526227225923474
v -0.08449999997019768 0.20290932571231354 0.02198353186331614
v -0.08288908735476434 0.1990582892029576 0.02144083650070881
v -0.079 0.19746313776265478 0.021216044736931547
vt 0 1
vt 0.125 1
vt 0.25 1
vt 0.375 1
vt 0.5 1
vt 0.625 1
vt 0.75 1
vt 0.875 1
vt 1 1
vt 0 0
vt 0.125 0
vt 0.25 0
vt 0.375 0
vt 0.5 0
vt 0.625 0
vt 0.75 0
vt 0.875 0
vt 1 0
vt 0.5 0.5
vt 0.5 0.5
vt 0.5 0.5
vt 0.5 0.5
vt 0.5 0.5
vt 0.5 0.5
vt 0.5 0.5
vt 0.5 0.5
vt 1 0.5
vt 0.8535534143447876 0.8535534143447876
vt 0.5 1
vt 0.1464466154575348 0.8535534143447876
vt 0 0.5
vt 0.1464466154575348 0.1464466154575348
vt 0.5 0
vt 0.8535534143447876 0.1464466154575348
vt 1 0.5
vt 0.5 0.5
vt 0.5 0.5
vt 0.5 0.5
vt 0.5 0.5
vt 0.5 0.5
vt 0.5 0.5
vt 0.5 0.5
vt 0.5 0.5
vt 1 0.5
vt 0.8535534143447876 0.1464466154575348
vt 0.5 0
vt 0.1464466154575348 0.1464466154575348
vt 0 0.5
vt 0.1464466154575348 0.8535534143447876
vt 0.5 1
vt 0.8535534143447876 0.8535534143447876
vt 1 0.5
vn 0 -0.9902159962126372 -0.13954311464423674
vn 0.7071067811865476 -0.7001884457613483 -0.09867188263283161
vn 1 -6.063324515706462e-17 -8.544551807449788e-18
vn 0.7071067811865476 0.7001884457613483 0.09867188263283161
vn 1.224646852585168e-16 0.9902159962126372 0.13954311464423674
vn -0.7071067811865476 0.7001884457613483 0.09867188263283161
vn -1 1.8189972236579428e-16 2.5633653575511615e-17
vn -0.7071067811865476 -0.7001884457613483 -0.09867188263283161
vn -2.449293705170336e-16 -0.9902159962126372 -0.13954311464423674
vn 0 -0.9902159962126372 -0.13954311464423674
vn 0.7071067811865476 -0.7001884457613483 -0.09867188263283161
vn 1 -6.063324515706462e-17 -8.544551807449788e-18
vn 0.7071067811865476 0.7001884457613483 0.09867188263283161
vn 1.224646852585168e-16 0.9902159962126372 0.13954311464423674
vn -0.7071067811865476 0.7001884457613483 0.09867188263283161
vn -1 1.8189972236579428e-16 2.5633653575511615e-17
vn -0.7071067811865476 -0.7001884457613483 -0.09867188263283161
vn -2.449293705170336e-16 -0.9902159962126372 -0.13954311464423674
vn 0 -0.13954311464423674 0.9902159962126372
vn 0 -0.13954311464423674 0.9902159962126372
vn 0 -0.13954311464423674 0.9902159962126372
vn 0 -0.13954311464423674 0.9902159962126372
vn 0 -0.13954311464423674 0.9902159962126372
vn 0 -0.13954311464423674 0.9902159962126372
vn 0 -0.13954311464423674 0.9902159962126372
vn 0 -0.13954311464423674 0.9902159962126372
vn 0 -0.13954311464423674 0.9902159962126372
vn 0 -0.13954311464423674 0.9902159962126372
vn 0 -0.13954311464423674 0.9902159962126372
vn 0 -0.13954311464423674 0.9902159962126372
vn 0 -0.13954311464423674 0.9902159962126372
vn 0 -0.13954311464423674 0.9902159962126372
vn 0 -0.13954311464423674 0.9902159962126372
vn 0 -0.13954311464423674 0.9902159962126372
vn 0 -0.13954311464423674 0.9902159962126372
vn 0 0.13954311464423674 -0.9902159962126372
vn 0 0.13954311464423674 -0.9902159962126372
vn 0 0.13954311464423674 -0.9902159962126372
vn 0 0.13954311464423674 -0.9902159962126372
vn 0 0.13954311464423674 -0.9902159962126372
vn 0 0.13954311464423674 -0.9902159962126372
vn 0 0.13954311464423674 -0.9902159962126372
vn 0 0.13954311464423674 -0.9902159962126372
vn 0 0.13954311464423674 -0.9902159962126372
vn 0 0.13954311464423674 -0.9902159962126372
vn 0 0.13954311464423674 -0.9902159962126372
vn 0 0.13954311464423674 -0.9902159962126372
vn 0 0.13954311464423674 -0.9902159962126372
vn 0 0.13954311464423674 -0.9902159962126372
vn 0 0.13954311464423674 -0.9902159962126372
vn 0 0.13954311464423674 -0.9902159962126372
vn 0 0.13954311464423674 -0.9902159962126372
f 2153/2153/2153 2162/2162/2162 2154/2154/2154
f 2162/2162/2162 2163/2163/2163 2154/2154/2154
f 2154/2154/2154 2163/2163/2163 2155/2155/2155
f 2163/2163/2163 2164/2164/2164 2155/2155/2155
f 2155/2155/2155 2164/2164/2164 2156/2156/2156
f 2164/2164/2164 2165/2165/2165 2156/2156/2156
f 2156/2156/2156 2165/2165/2165 2157/2157/2157
f 2165/2165/2165 2166/2166/2166 2157/2157/2157
f 2157/2157/2157 2166/2166/2166 2158/2158/2158
f 2166/2166/2166 2167/2167/2167 2158/2158/2158
f 2158/2158/2158 2167/2167/2167 2159/2159/2159
f 2167/2167/2167 2168/2168/2168 2159/2159/2159
f 2159/2159/2159 2168/2168/2168 2160/2160/2160
f 2168/2168/2168 2169/2169/2169 2160/2160/2160
f 2160/2160/2160 2169/2169/2169 2161/2161/2161
f 2169/2169/2169 2170/2170/2170 2161/2161/2161
f 2179/2179/2179 2180/2180/2180 2171/2171/2171
f 2180/2180/2180 2181/2181/2181 2172/2172/2172
f 2181/2181/2181 2182/2182/2182 2173/2173/2173
f 2182/2182/2182 2183/2183/2183 2174/2174/2174
f 2183/2183/2183 2184/2184/2184 2175/2175/2175
f 2184/2184/2184 2185/2185/2185 2176/2176/2176
f 2185/2185/2185 2186/2186/2186 2177/2177/2177
f 2186/2186/2186 2187/2187/2187 2178/2178/2178
f 2197/2197/2197 2196/2196/2196 2188/2188/2188
f 2198/2198/2198 2197/2197/2197 2189/2189/2189
f 2199/2199/2199 2198/2198/2198 2190/2190/2190
f 2200/2200/2200 2199/2199/2199 2191/2191/2191
f 2201/2201/2201 2200/2200/2200 2192/2192/2192
f 2202/2202/2202 2201/2201/2201 2193/2193/2193
f 2203/2203/2203 2202/2202/2202 2194/2194/2194
f 2204/2204/2204 2203/2203/2203 2195/2195/2195
o brake_stud_4_2
usemtl rubber_pad
v -0.079 0.21490496527756608 0.025176908909913042
v -0.07511091264523566 0.2165001167178689 0.0254017006736903
v -0.07350000002980232 0.22035115322722484 0.025944396036297633
v -0.07511091264523566 0.2242021897365808 0.026487091398904965
v -0.079 0.2257973411768836 0.026711883162682228
v -0.08288908735476434 0.2242021897365808 0.026487091398904965
v -0.08449999997019768 0.22035115322722484 0.025944396036297633
v -0.08288908735476434 0.2165001167178689 0.0254017006736903
v -0.079 0.21490496527756608 0.025176908909913042
v -0.079 0.2154631377626548 0.021216044736931547
v -0.07511091264523566 0.2170582892029576 0.02144083650070881
v -0.07350000002980232 0.22090932571231356 0.02198353186331614
v -0.07511091264523566 0.2247603622216695 0.022526227225923474
v -0.079 0.22635551366197232 0.022751018989700732
v -0.08288908735476434 0.2247603622216695 0.022526227225923474
v -0.08449999997019768 0.22090932571231356 0.02198353186331614
v -0.08288908735476434 0.2170582892029576 0.02144083650070881
v -0.079 0.2154631377626548 0.021216044736931547
v -0.079 0.22035115322722484 0.025944396036297633
v -0.079 0.22035115322722484 0.025944396036297633
v -0.079 0.22035115322722484 0.025944396036297633
v -0.079 0.22035115322722484 0.025944396036297633
v -0.079 0.22035115322722484 0.025944396036297633
v -0.079 0.22035115322722484 0.025944396036297633
v -0.079 0.22035115322722484 0.025944396036297633
v -0.079 0.22035115322722484 0.025944396036297633
v -0.079 0.21490496527756608 0.025176908909913042
v -0.07511091264523566 0.2165001167178689 0.0254017006736903
v -0.07350000002980232 0.22035115322722484 0.025944396036297633
v -0.07511091264523566 0.2242021897365808 0.026487091398904965
v -0.079 0.2257973411768836 0.026711883162682228
v -0.08288908735476434 0.2242021897365808 0.026487091398904965
v -0.08449999997019768 0.22035115322722484 0.025944396036297633
v -0.08288908735476434 0.2165001167178689 0.0254017006736903
v -0.079 0.21490496527756608 0.025176908909913042
v -0.079 0.22090932571231356 0.02198353186331614
v -0.079 0.22090932571231356 0.02198353186331614
v -0.079 0.22090932571231356 0.02198353186331614
v -0.079 0.22090932571231356 0.02198353186331614
v -0.079 0.22090932571231356 0.02198353186331614
v -0.079 0.22090932571231356 0.02198353186331614
v -0.079 0.22090932571231356 0.02198353186331614
v -0.079 0.22090932571231356 0.02198353186331614
v -0.079 0.2154631377626548 0.021216044736931547
v -0.07511091264523566 0.2170582892029576 0.02144083650070881
v -0.07350000002980232 0.22090932571231356 0.02198353186331614
v -0.07511091264523566 0.2247603622216695 0.022526227225923474
v -0.079 0.22635551366197232 0.022751018989700732
v -0.08288908735476434 0.2247603622216695 0.022526227225923474
v -0.08449999997019768 0.22090932571231356 0.02198353186331614
v -0.08288908735476434 0.2170582892029576 0.02144083650070881
v -0.079 0.2154631377626548 0.021216044736931547
vt 0 1
vt 0.125 1
vt 0.25 1
vt 0.375 1
vt 0.5 1
vt 0.625 1
vt 0.75 1
vt 0.875 1
vt 1 1
vt 0 0
vt 0.125 0
vt 0.25 0
vt 0.375 0
vt 0.5 0
vt 0.625 0
vt 0.75 0
vt 0.875 0
vt 1 0
vt 0.5 0.5
vt 0.5 0.5
vt 0.5 0.5
vt 0.5 0.5
vt 0.5 0.5
vt 0.5 0.5
vt 0.5 0.5
vt 0.5 0.5
vt 1 0.5
vt 0.8535534143447876 0.8535534143447876
vt 0.5 1
vt 0.1464466154575348 0.8535534143447876
vt 0 0.5
vt 0.1464466154575348 0.1464466154575348
vt 0.5 0
vt 0.8535534143447876 0.1464466154575348
vt 1 0.5
vt 0.5 0.5
vt 0.5 0.5
vt 0.5 0.5
vt 0.5 0.5
vt 0.5 0.5
vt 0.5 0.5
vt 0.5 0.5
vt 0.5 0.5
vt 1 0.5
vt 0.8535534143447876 0.1464466154575348
vt 0.5 0
vt 0.1464466154575348 0.1464466154575348
vt 0 0.5
vt 0.1464466154575348 0.8535534143447876
vt 0.5 1
vt 0.8535534143447876 0.8535534143447876
vt 1 0.5
vn 0 -0.9902159962126372 -0.13954311464423674
vn 0.7071067811865476 -0.7001884457613483 -0.09867188263283161
vn 1 -6.063324515706462e-17 -8.544551807449788e-18
vn 0.7071067811865476 0.7001884457613483 0.09867188263283161
vn 1.224646852585168e-16 0.9902159962126372 0.13954311464423674
vn -0.7071067811865476 0.7001884457613483 0.09867188263283161
vn -1 1.8189972236579428e-16 2.5633653575511615e-17
vn -0.7071067811865476 -0.7001884457613483 -0.09867188263283161
vn -2.449293705170336e-16 -0.9902159962126372 -0.13954311464423674
vn 0 -0.9902159962126372 -0.13954311464423674
vn 0.7071067811865476 -0.7001884457613483 -0.09867188263283161
vn 1 -6.063324515706462e-17 -8.544551807449788e-18
vn 0.7071067811865476 0.7001884457613483 0.09867188263283161
vn 1.224646852585168e-16 0.9902159962126372 0.13954311464423674
vn -0.7071067811865476 0.7001884457613483 0.09867188263283161
vn -1 1.8189972236579428e-16 2.5633653575511615e-17
vn -0.7071067811865476 -0.7001884457613483 -0.09867188263283161
vn -2.449293705170336e-16 -0.9902159962126372 -0.13954311464423674
vn 0 -0.13954311464423674 0.9902159962126372
vn 0 -0.13954311464423674 0.9902159962126372
vn 0 -0.13954311464423674 0.9902159962126372
vn 0 -0.13954311464423674 0.9902159962126372
vn 0 -0.13954311464423674 0.9902159962126372
vn 0 -0.13954311464423674 0.9902159962126372
vn 0 -0.13954311464423674 0.9902159962126372
vn 0 -0.13954311464423674 0.9902159962126372
vn 0 -0.13954311464423674 0.9902159962126372
vn 0 -0.13954311464423674 0.9902159962126372
vn 0 -0.13954311464423674 0.9902159962126372
vn 0 -0.13954311464423674 0.9902159962126372
vn 0 -0.13954311464423674 0.9902159962126372
vn 0 -0.13954311464423674 0.9902159962126372
vn 0 -0.13954311464423674 0.9902159962126372
vn 0 -0.13954311464423674 0.9902159962126372
vn 0 -0.13954311464423674 0.9902159962126372
vn 0 0.13954311464423674 -0.9902159962126372
vn 0 0.13954311464423674 -0.9902159962126372
vn 0 0.13954311464423674 -0.9902159962126372
vn 0 0.13954311464423674 -0.9902159962126372
vn 0 0.13954311464423674 -0.9902159962126372
vn 0 0.13954311464423674 -0.9902159962126372
vn 0 0.13954311464423674 -0.9902159962126372
vn 0 0.13954311464423674 -0.9902159962126372
vn 0 0.13954311464423674 -0.9902159962126372
vn 0 0.13954311464423674 -0.9902159962126372
vn 0 0.13954311464423674 -0.9902159962126372
vn 0 0.13954311464423674 -0.9902159962126372
vn 0 0.13954311464423674 -0.9902159962126372
vn 0 0.13954311464423674 -0.9902159962126372
vn 0 0.13954311464423674 -0.9902159962126372
vn 0 0.13954311464423674 -0.9902159962126372
vn 0 0.13954311464423674 -0.9902159962126372
f 2205/2205/2205 2214/2214/2214 2206/2206/2206
f 2214/2214/2214 2215/2215/2215 2206/2206/2206
f 2206/2206/2206 2215/2215/2215 2207/2207/2207
f 2215/2215/2215 2216/2216/2216 2207/2207/2207
f 2207/2207/2207 2216/2216/2216 2208/2208/2208
f 2216/2216/2216 2217/2217/2217 2208/2208/2208
f 2208/2208/2208 2217/2217/2217 2209/2209/2209
f 2217/2217/2217 2218/2218/2218 2209/2209/2209
f 2209/2209/2209 2218/2218/2218 2210/2210/2210
f 2218/2218/2218 2219/2219/2219 2210/2210/2210
f 2210/2210/2210 2219/2219/2219 2211/2211/2211
f 2219/2219/2219 2220/2220/2220 2211/2211/2211
f 2211/2211/2211 2220/2220/2220 2212/2212/2212
f 2220/2220/2220 2221/2221/2221 2212/2212/2212
f 2212/2212/2212 2221/2221/2221 2213/2213/2213
f 2221/2221/2221 2222/2222/2222 2213/2213/2213
f 2231/2231/2231 2232/2232/2232 2223/2223/2223
f 2232/2232/2232 2233/2233/2233 2224/2224/2224
f 2233/2233/2233 2234/2234/2234 2225/2225/2225
f 2234/2234/2234 2235/2235/2235 2226/2226/2226
f 2235/2235/2235 2236/2236/2236 2227/2227/2227
f 2236/2236/2236 2237/2237/2237 2228/2228/2228
f 2237/2237/2237 2238/2238/2238 2229/2229/2229
f 2238/2238/2238 2239/2239/2239 2230/2230/2230
f 2249/2249/2249 2248/2248/2248 2240/2240/2240
f 2250/2250/2250 2249/2249/2249 2241/2241/2241
f 2251/2251/2251 2250/2250/2250 2242/2242/2242
f 2252/2252/2252 2251/2251/2251 2243/2243/2243
f 2253/2253/2253 2252/2252/2252 2244/2244/2244
f 2254/2254/2254 2253/2253/2253 2245/2245/2245
f 2255/2255/2255 2254/2254/2254 2246/2246/2246
f 2256/2256/2256 2255/2255/2255 2247/2247/2247
o brake_stud_4_3
usemtl rubber_pad
v -0.079 0.23290496527756607 0.025176908909913042
v -0.07511091264523566 0.23450011671786888 0.0254017006736903
v -0.07350000002980232 0.23835115322722483 0.025944396036297633
v -0.07511091264523566 0.24220218973658078 0.026487091398904965
v -0.079 0.2437973411768836 0.026711883162682228
v -0.08288908735476434 0.24220218973658078 0.026487091398904965
v -0.08449999997019768 0.23835115322722483 0.025944396036297633
v -0.08288908735476434 0.23450011671786888 0.0254017006736903
v -0.079 0.23290496527756607 0.025176908909913042
v -0.079 0.2334631377626548 0.021216044736931547
v -0.07511091264523566 0.2350582892029576 0.02144083650070881
v -0.07350000002980232 0.23890932571231355 0.02198353186331614
v -0.07511091264523566 0.2427603622216695 0.022526227225923474
v -0.079 0.2443555136619723 0.022751018989700732
v -0.08288908735476434 0.2427603622216695 0.022526227225923474
v -0.08449999997019768 0.23890932571231355 0.02198353186331614
v -0.08288908735476434 0.2350582892029576 0.02144083650070881
v -0.079 0.2334631377626548 0.021216044736931547
v -0.079 0.23835115322722483 0.025944396036297633
v -0.079 0.23835115322722483 0.025944396036297633
v -0.079 0.23835115322722483 0.025944396036297633
v -0.079 0.23835115322722483 0.025944396036297633
v -0.079 0.23835115322722483 0.025944396036297633
v -0.079 0.23835115322722483 0.025944396036297633
v -0.079 0.23835115322722483 0.025944396036297633
v -0.079 0.23835115322722483 0.025944396036297633
v -0.079 0.23290496527756607 0.025176908909913042
v -0.07511091264523566 0.23450011671786888 0.0254017006736903
v -0.07350000002980232 0.23835115322722483 0.025944396036297633
v -0.07511091264523566 0.24220218973658078 0.026487091398904965
v -0.079 0.2437973411768836 0.026711883162682228
v -0.08288908735476434 0.24220218973658078 0.026487091398904965
v -0.08449999997019768 0.23835115322722483 0.025944396036297633
v -0.08288908735476434 0.23450011671786888 0.0254017006736903
v -0.079 0.23290496527756607 0.025176908909913042
v -0.079 0.23890932571231355 0.02198353186331614
v -0.079 0.23890932571231355 0.02198353186331614
v -0.079 0.23890932571231355 0.02198353186331614
v -0.079 0.23890932571231355 0.02198353186331614
v -0.079 0.23890932571231355 0.02198353186331614
v -0.079 0.23890932571231355 0.02198353186331614
v -0.079 0.23890932571231355 0.02198353186331614
v -0.079 0.23890932571231355 0.02198353186331614
v -0.079 0.2334631377626548 0.021216044736931547
v -0.07511091264523566 0.2350582892029576 0.02144083650070881
v -0.07350000002980232 0.23890932571231355 0.02198353186331614
v -0.07511091264523566 0.2427603622216695 0.022526227225923474
v -0.079 0.2443555136619723 0.022751018989700732
v -0.08288908735476434 0.2427603622216695 0.022526227225923474
v -0.08449999997019768 0.23890932571231355 0.02198353186331614
v -0.08288908735476434 0.2350582892029576 0.02144083650070881
v -0.079 0.2334631377626548 0.021216044736931547
vt 0 1
vt 0.125 1
vt 0.25 1
vt 0.375 1
vt 0.5 1
vt 0.625 1
vt 0.75 1
vt 0.875 1
vt 1 1
vt 0 0
vt 0.125 0
vt 0.25 0
vt 0.375 0
vt 0.5 0
vt 0.625 0
vt 0.75 0
vt 0.875 0
vt 1 0
vt 0.5 0.5
vt 0.5 0.5
vt 0.5 0.5
vt 0.5 0.5
vt 0.5 0.5
vt 0.5 0.5
vt 0.5 0.5
vt 0.5 0.5
vt 1 0.5
vt 0.8535534143447876 0.8535534143447876
vt 0.5 1
vt 0.1464466154575348 0.8535534143447876
vt 0 0.5
vt 0.1464466154575348 0.1464466154575348
vt 0.5 0
vt 0.8535534143447876 0.1464466154575348
vt 1 0.5
vt 0.5 0.5
vt 0.5 0.5
vt 0.5 0.5
vt 0.5 0.5
vt 0.5 0.5
vt 0.5 0.5
vt 0.5 0.5
vt 0.5 0.5
vt 1 0.5
vt 0.8535534143447876 0.1464466154575348
vt 0.5 0
vt 0.1464466154575348 0.1464466154575348
vt 0 0.5
vt 0.1464466154575348 0.8535534143447876
vt 0.5 1
vt 0.8535534143447876 0.8535534143447876
vt 1 0.5
vn 0 -0.9902159962126372 -0.13954311464423674
vn 0.7071067811865476 -0.7001884457613483 -0.09867188263283161
vn 1 -6.063324515706462e-17 -8.544551807449788e-18
vn 0.7071067811865476 0.7001884457613483 0.09867188263283161
vn 1.224646852585168e-16 0.9902159962126372 0.13954311464423674
vn -0.7071067811865476 0.7001884457613483 0.09867188263283161
vn -1 1.8189972236579428e-16 2.5633653575511615e-17
vn -0.7071067811865476 -0.7001884457613483 -0.09867188263283161
vn -2.449293705170336e-16 -0.9902159962126372 -0.13954311464423674
vn 0 -0.9902159962126372 -0.13954311464423674
vn 0.7071067811865476 -0.7001884457613483 -0.09867188263283161
vn 1 -6.063324515706462e-17 -8.544551807449788e-18
vn 0.7071067811865476 0.7001884457613483 0.09867188263283161
vn 1.224646852585168e-16 0.9902159962126372 0.13954311464423674
vn -0.7071067811865476 0.7001884457613483 0.09867188263283161
vn -1 1.8189972236579428e-16 2.5633653575511615e-17
vn -0.7071067811865476 -0.7001884457613483 -0.09867188263283161
vn -2.449293705170336e-16 -0.9902159962126372 -0.13954311464423674
vn 0 -0.13954311464423674 0.9902159962126372
vn 0 -0.13954311464423674 0.9902159962126372
vn 0 -0.13954311464423674 0.9902159962126372
vn 0 -0.13954311464423674 0.9902159962126372
vn 0 -0.13954311464423674 0.9902159962126372
vn 0 -0.13954311464423674 0.9902159962126372
vn 0 -0.13954311464423674 0.9902159962126372
vn 0 -0.13954311464423674 0.9902159962126372
vn 0 -0.13954311464423674 0.9902159962126372
vn 0 -0.13954311464423674 0.9902159962126372
vn 0 -0.13954311464423674 0.9902159962126372
vn 0 -0.13954311464423674 0.9902159962126372
vn 0 -0.13954311464423674 0.9902159962126372
vn 0 -0.13954311464423674 0.9902159962126372
vn 0 -0.13954311464423674 0.9902159962126372
vn 0 -0.13954311464423674 0.9902159962126372
vn 0 -0.13954311464423674 0.9902159962126372
vn 0 0.13954311464423674 -0.9902159962126372
vn 0 0.13954311464423674 -0.9902159962126372
vn 0 0.13954311464423674 -0.9902159962126372
vn 0 0.13954311464423674 -0.9902159962126372
vn 0 0.13954311464423674 -0.9902159962126372
vn 0 0.13954311464423674 -0.9902159962126372
vn 0 0.13954311464423674 -0.9902159962126372
vn 0 0.13954311464423674 -0.9902159962126372
vn 0 0.13954311464423674 -0.9902159962126372
vn 0 0.13954311464423674 -0.9902159962126372
vn 0 0.13954311464423674 -0.9902159962126372
vn 0 0.13954311464423674 -0.9902159962126372
vn 0 0.13954311464423674 -0.9902159962126372
vn 0 0.13954311464423674 -0.9902159962126372
vn 0 0.13954311464423674 -0.9902159962126372
vn 0 0.13954311464423674 -0.9902159962126372
vn 0 0.13954311464423674 -0.9902159962126372
f 2257/2257/2257 2266/2266/2266 2258/2258/2258
f 2266/2266/2266 2267/2267/2267 2258/2258/2258
f 2258/2258/2258 2267/2267/2267 2259/2259/2259
f 2267/2267/2267 2268/2268/2268 2259/2259/2259
f 2259/2259/2259 2268/2268/2268 2260/2260/2260
f 2268/2268/2268 2269/2269/2269 2260/2260/2260
f 2260/2260/2260 2269/2269/2269 2261/2261/2261
f 2269/2269/2269 2270/2270/2270 2261/2261/2261
f 2261/2261/2261 2270/2270/2270 2262/2262/2262
f 2270/2270/2270 2271/2271/2271 2262/2262/2262
f 2262/2262/2262 2271/2271/2271 2263/2263/2263
f 2271/2271/2271 2272/2272/2272 2263/2263/2263
f 2263/2263/2263 2272/2272/2272 2264/2264/2264
f 2272/2272/2272 2273/2273/2273 2264/2264/2264
f 2264/2264/2264 2273/2273/2273 2265/2265/2265
f 2273/2273/2273 2274/2274/2274 2265/2265/2265
f 2283/2283/2283 2284/2284/2284 2275/2275/2275
f 2284/2284/2284 2285/2285/2285 2276/2276/2276
f 2285/2285/2285 2286/2286/2286 2277/2277/2277
f 2286/2286/2286 2287/2287/2287 2278/2278/2278
f 2287/2287/2287 2288/2288/2288 2279/2279/2279
f 2288/2288/2288 2289/2289/2289 2280/2280/2280
f 2289/2289/2289 2290/2290/2290 2281/2281/2281
f 2290/2290/2290 2291/2291/2291 2282/2282/2282
f 2301/2301/2301 2300/2300/2300 2292/2292/2292
f 2302/2302/2302 2301/2301/2301 2293/2293/2293
f 2303/2303/2303 2302/2302/2302 2294/2294/2294
f 2304/2304/2304 2303/2303/2303 2295/2295/2295
f 2305/2305/2305 2304/2304/2304 2296/2296/2296
f 2306/2306/2306 2305/2305/2305 2297/2297/2297
f 2307/2307/2307 2306/2306/2306 2298/2298/2298
f 2308/2308/2308 2307/2307/2307 2299/2299/2299
o brake_stud_4_4
usemtl rubber_pad
v -0.079 0.25090496527756606 0.025176908909913042
v -0.07511091264523566 0.2525001167178689 0.0254017006736903
v -0.07350000002980232 0.25635115322722485 0.025944396036297633
v -0.07511091264523566 0.26020218973658077 0.026487091398904965
v -0.079 0.26179734117688364 0.026711883162682228
v -0.08288908735476434 0.26020218973658077 0.026487091398904965
v -0.08449999997019768 0.25635115322722485 0.025944396036297633
v -0.08288908735476434 0.2525001167178689 0.0254017006736903
v -0.079 0.25090496527756606 0.025176908909913042
v -0.079 0.2514631377626548 0.021216044736931547
v -0.07511091264523566 0.25305828920295764 0.02144083650070881
v -0.07350000002980232 0.25690932571231356 0.02198353186331614
v -0.07511091264523566 0.2607603622216695 0.022526227225923474
v -0.079 0.26235551366197235 0.022751018989700732
v -0.08288908735476434 0.2607603622216695 0.022526227225923474
v -0.08449999997019768 0.25690932571231356 0.02198353186331614
v -0.08288908735476434 0.25305828920295764 0.02144083650070881
v -0.079 0.2514631377626548 0.021216044736931547
v -0.079 0.25635115322722485 0.025944396036297633
v -0.079 0.25635115322722485 0.025944396036297633
v -0.079 0.25635115322722485 0.025944396036297633
v -0.079 0.25635115322722485 0.025944396036297633
v -0.079 0.25635115322722485 0.025944396036297633
v -0.079 0.25635115322722485 0.025944396036297633
v -0.079 0.25635115322722485 0.025944396036297633
v -0.079 0.25635115322722485 0.025944396036297633
v -0.079 0.25090496527756606 0.025176908909913042
v -0.07511091264523566 0.2525001167178689 0.0254017006736903
v -0.07350000002980232 0.25635115322722485 0.025944396036297633
v -0.07511091264523566 0.26020218973658077 0.026487091398904965
v -0.079 0.26179734117688364 0.026711883162682228
v -0.08288908735476434 0.26020218973658077 0.026487091398904965
v -0.08449999997019768 0.25635115322722485 0.025944396036297633
v -0.08288908735476434 0.2525001167178689 0.0254017006736903
v -0.079 0.25090496527756606 0.025176908909913042
v -0.079 0.25690932571231356 0.02198353186331614
v -0.079 0.25690932571231356 0.02198353186331614
v -0.079 0.25690932571231356 0.02198353186331614
v -0.079 0.25690932571231356 0.02198353186331614
v -0.079 0.25690932571231356 0.02198353186331614
v -0.079 0.25690932571231356 0.02198353186331614
v -0.079 0.25690932571231356 0.02198353186331614
v -0.079 0.25690932571231356 0.02198353186331614
v -0.079 0.2514631377626548 0.021216044736931547
v -0.07511091264523566 0.25305828920295764 0.02144083650070881
v -0.07350000002980232 0.25690932571231356 0.02198353186331614
v -0.07511091264523566 0.2607603622216695 0.022526227225923474
v -0.079 0.26235551366197235 0.022751018989700732
v -0.08288908735476434 0.2607603622216695 0.022526227225923474
v -0.08449999997019768 0.25690932571231356 0.02198353186331614
v -0.08288908735476434 0.25305828920295764 0.02144083650070881
v -0.079 0.2514631377626548 0.021216044736931547
vt 0 1
vt 0.125 1
vt 0.25 1
vt 0.375 1
vt 0.5 1
vt 0.625 1
vt 0.75 1
vt 0.875 1
vt 1 1
vt 0 0
vt 0.125 0
vt 0.25 0
vt 0.375 0
vt 0.5 0
vt 0.625 0
vt 0.75 0
vt 0.875 0
vt 1 0
vt 0.5 0.5
vt 0.5 0.5
vt 0.5 0.5
vt 0.5 0.5
vt 0.5 0.5
vt 0.5 0.5
vt 0.5 0.5
vt 0.5 0.5
vt 1 0.5
vt 0.8535534143447876 0.8535534143447876
vt 0.5 1
vt 0.1464466154575348 0.8535534143447876
vt 0 0.5
vt 0.1464466154575348 0.1464466154575348
vt 0.5 0
vt 0.8535534143447876 0.1464466154575348
vt 1 0.5
vt 0.5 0.5
vt 0.5 0.5
vt 0.5 0.5
vt 0.5 0.5
vt 0.5 0.5
vt 0.5 0.5
vt 0.5 0.5
vt 0.5 0.5
vt 1 0.5
vt 0.8535534143447876 0.1464466154575348
vt 0.5 0
vt 0.1464466154575348 0.1464466154575348
vt 0 0.5
vt 0.1464466154575348 0.8535534143447876
vt 0.5 1
vt 0.8535534143447876 0.8535534143447876
vt 1 0.5
vn 0 -0.9902159962126372 -0.13954311464423674
vn 0.7071067811865476 -0.7001884457613483 -0.09867188263283161
vn 1 -6.063324515706462e-17 -8.544551807449788e-18
vn 0.7071067811865476 0.7001884457613483 0.09867188263283161
vn 1.224646852585168e-16 0.9902159962126372 0.13954311464423674
vn -0.7071067811865476 0.7001884457613483 0.09867188263283161
vn -1 1.8189972236579428e-16 2.5633653575511615e-17
vn -0.7071067811865476 -0.7001884457613483 -0.09867188263283161
vn -2.449293705170336e-16 -0.9902159962126372 -0.13954311464423674
vn 0 -0.9902159962126372 -0.13954311464423674
vn 0.7071067811865476 -0.7001884457613483 -0.09867188263283161
vn 1 -6.063324515706462e-17 -8.544551807449788e-18
vn 0.7071067811865476 0.7001884457613483 0.09867188263283161
vn 1.224646852585168e-16 0.9902159962126372 0.13954311464423674
vn -0.7071067811865476 0.7001884457613483 0.09867188263283161
vn -1 1.8189972236579428e-16 2.5633653575511615e-17
vn -0.7071067811865476 -0.7001884457613483 -0.09867188263283161
vn -2.449293705170336e-16 -0.9902159962126372 -0.13954311464423674
vn 0 -0.13954311464423674 0.9902159962126372
vn 0 -0.13954311464423674 0.9902159962126372
vn 0 -0.13954311464423674 0.9902159962126372
vn 0 -0.13954311464423674 0.9902159962126372
vn 0 -0.13954311464423674 0.9902159962126372
vn 0 -0.13954311464423674 0.9902159962126372
vn 0 -0.13954311464423674 0.9902159962126372
vn 0 -0.13954311464423674 0.9902159962126372
vn 0 -0.13954311464423674 0.9902159962126372
vn 0 -0.13954311464423674 0.9902159962126372
vn 0 -0.13954311464423674 0.9902159962126372
vn 0 -0.13954311464423674 0.9902159962126372
vn 0 -0.13954311464423674 0.9902159962126372
vn 0 -0.13954311464423674 0.9902159962126372
vn 0 -0.13954311464423674 0.9902159962126372
vn 0 -0.13954311464423674 0.9902159962126372
vn 0 -0.13954311464423674 0.9902159962126372
vn 0 0.13954311464423674 -0.9902159962126372
vn 0 0.13954311464423674 -0.9902159962126372
vn 0 0.13954311464423674 -0.9902159962126372
vn 0 0.13954311464423674 -0.9902159962126372
vn 0 0.13954311464423674 -0.9902159962126372
vn 0 0.13954311464423674 -0.9902159962126372
vn 0 0.13954311464423674 -0.9902159962126372
vn 0 0.13954311464423674 -0.9902159962126372
vn 0 0.13954311464423674 -0.9902159962126372
vn 0 0.13954311464423674 -0.9902159962126372
vn 0 0.13954311464423674 -0.9902159962126372
vn 0 0.13954311464423674 -0.9902159962126372
vn 0 0.13954311464423674 -0.9902159962126372
vn 0 0.13954311464423674 -0.9902159962126372
vn 0 0.13954311464423674 -0.9902159962126372
vn 0 0.13954311464423674 -0.9902159962126372
vn 0 0.13954311464423674 -0.9902159962126372
f 2309/2309/2309 2318/2318/2318 2310/2310/2310
f 2318/2318/2318 2319/2319/2319 2310/2310/2310
f 2310/2310/2310 2319/2319/2319 2311/2311/2311
f 2319/2319/2319 2320/2320/2320 2311/2311/2311
f 2311/2311/2311 2320/2320/2320 2312/2312/2312
f 2320/2320/2320 2321/2321/2321 2312/2312/2312
f 2312/2312/2312 2321/2321/2321 2313/2313/2313
f 2321/2321/2321 2322/2322/2322 2313/2313/2313
f 2313/2313/2313 2322/2322/2322 2314/2314/2314
f 2322/2322/2322 2323/2323/2323 2314/2314/2314
f 2314/2314/2314 2323/2323/2323 2315/2315/2315
f 2323/2323/2323 2324/2324/2324 2315/2315/2315
f 2315/2315/2315 2324/2324/2324 2316/2316/2316
f 2324/2324/2324 2325/2325/2325 2316/2316/2316
f 2316/2316/2316 2325/2325/2325 2317/2317/2317
f 2325/2325/2325 2326/2326/2326 2317/2317/2317
f 2335/2335/2335 2336/2336/2336 2327/2327/2327
f 2336/2336/2336 2337/2337/2337 2328/2328/2328
f 2337/2337/2337 2338/2338/2338 2329/2329/2329
f 2338/2338/2338 2339/2339/2339 2330/2330/2330
f 2339/2339/2339 2340/2340/2340 2331/2331/2331
f 2340/2340/2340 2341/2341/2341 2332/2332/2332
f 2341/2341/2341 2342/2342/2342 2333/2333/2333
f 2342/2342/2342 2343/2343/2343 2334/2334/2334
f 2353/2353/2353 2352/2352/2352 2344/2344/2344
f 2354/2354/2354 2353/2353/2353 2345/2345/2345
f 2355/2355/2355 2354/2354/2354 2346/2346/2346
f 2356/2356/2356 2355/2355/2355 2347/2347/2347
f 2357/2357/2357 2356/2356/2356 2348/2348/2348
f 2358/2358/2358 2357/2357/2357 2349/2349/2349
f 2359/2359/2359 2358/2358/2358 2350/2350/2350
f 2360/2360/2360 2359/2359/2359 2351/2351/2351
o brake_stud_4_5
usemtl rubber_pad
v -0.079 0.268904965277566 0.025176908909913042
v -0.07511091264523566 0.2705001167178689 0.0254017006736903
v -0.07350000002980232 0.2743511532272248 0.025944396036297633
v -0.07511091264523566 0.27820218973658073 0.026487091398904965
v -0.079 0.2797973411768836 0.026711883162682228
v -0.08288908735476434 0.27820218973658073 0.026487091398904965
v -0.08449999997019768 0.2743511532272248 0.025944396036297633
v -0.08288908735476434 0.2705001167178689 0.0254017006736903
v -0.079 0.268904965277566 0.025176908909913042
v -0.079 0.26946313776265474 0.021216044736931547
v -0.07511091264523566 0.2710582892029576 0.02144083650070881
v -0.07350000002980232 0.2749093257123135 0.02198353186331614
v -0.07511091264523566 0.27876036222166944 0.022526227225923474
v -0.079 0.2803555136619723 0.022751018989700732
v -0.08288908735476434 0.27876036222166944 0.022526227225923474
v -0.08449999997019768 0.2749093257123135 0.02198353186331614
v -0.08288908735476434 0.2710582892029576 0.02144083650070881
v -0.079 0.26946313776265474 0.021216044736931547
v -0.079 0.2743511532272248 0.025944396036297633
v -0.079 0.2743511532272248 0.025944396036297633
v -0.079 0.2743511532272248 0.025944396036297633
v -0.079 0.2743511532272248 0.025944396036297633
v -0.079 0.2743511532272248 0.025944396036297633
v -0.079 0.2743511532272248 0.025944396036297633
v -0.079 0.2743511532272248 0.025944396036297633
v -0.079 0.2743511532272248 0.025944396036297633
v -0.079 0.268904965277566 0.025176908909913042
v -0.07511091264523566 0.2705001167178689 0.0254017006736903
v -0.07350000002980232 0.2743511532272248 0.025944396036297633
v -0.07511091264523566 0.27820218973658073 0.026487091398904965
v -0.079 0.2797973411768836 0.026711883162682228
v -0.08288908735476434 0.27820218973658073 0.026487091398904965
v -0.08449999997019768 0.2743511532272248 0.025944396036297633
v -0.08288908735476434 0.2705001167178689 0.0254017006736903
v -0.079 0.268904965277566 0.025176908909913042
v -0.079 0.2749093257123135 0.02198353186331614
v -0.079 0.2749093257123135 0.02198353186331614
v -0.079 0.2749093257123135 0.02198353186331614
v -0.079 0.2749093257123135 0.02198353186331614
v -0.079 0.2749093257123135 0.02198353186331614
v -0.079 0.2749093257123135 0.02198353186331614
v -0.079 0.2749093257123135 0.02198353186331614
v -0.079 0.2749093257123135 0.02198353186331614
v -0.079 0.26946313776265474 0.021216044736931547
v -0.07511091264523566 0.2710582892029576 0.02144083650070881
v -0.07350000002980232 0.2749093257123135 0.02198353186331614
v -0.07511091264523566 0.27876036222166944 0.022526227225923474
v -0.079 0.2803555136619723 0.022751018989700732
v -0.08288908735476434 0.27876036222166944 0.022526227225923474
v -0.08449999997019768 0.2749093257123135 0.02198353186331614
v -0.08288908735476434 0.2710582892029576 0.02144083650070881
v -0.079 0.26946313776265474 0.021216044736931547
vt 0 1
vt 0.125 1
vt 0.25 1
vt 0.375 1
vt 0.5 1
vt 0.625 1
vt 0.75 1
vt 0.875 1
vt 1 1
vt 0 0
vt 0.125 0
vt 0.25 0
vt 0.375 0
vt 0.5 0
vt 0.625 0
vt 0.75 0
vt 0.875 0
vt 1 0
vt 0.5 0.5
vt 0.5 0.5
vt 0.5 0.5
vt 0.5 0.5
vt 0.5 0.5
vt 0.5 0.5
vt 0.5 0.5
vt 0.5 0.5
vt 1 0.5
vt 0.8535534143447876 0.8535534143447876
vt 0.5 1
vt 0.1464466154575348 0.8535534143447876
vt 0 0.5
vt 0.1464466154575348 0.1464466154575348
vt 0.5 0
vt 0.8535534143447876 0.1464466154575348
vt 1 0.5
vt 0.5 0.5
vt 0.5 0.5
vt 0.5 0.5
vt 0.5 0.5
vt 0.5 0.5
vt 0.5 0.5
vt 0.5 0.5
vt 0.5 0.5
vt 1 0.5
vt 0.8535534143447876 0.1464466154575348
vt 0.5 0
vt 0.1464466154575348 0.1464466154575348
vt 0 0.5
vt 0.1464466154575348 0.8535534143447876
vt 0.5 1
vt 0.8535534143447876 0.8535534143447876
vt 1 0.5
vn 0 -0.9902159962126372 -0.13954311464423674
vn 0.7071067811865476 -0.7001884457613483 -0.09867188263283161
vn 1 -6.063324515706462e-17 -8.544551807449788e-18
vn 0.7071067811865476 0.7001884457613483 0.09867188263283161
vn 1.224646852585168e-16 0.9902159962126372 0.13954311464423674
vn -0.7071067811865476 0.7001884457613483 0.09867188263283161
vn -1 1.8189972236579428e-16 2.5633653575511615e-17
vn -0.7071067811865476 -0.7001884457613483 -0.09867188263283161
vn -2.449293705170336e-16 -0.9902159962126372 -0.13954311464423674
vn 0 -0.9902159962126372 -0.13954311464423674
vn 0.7071067811865476 -0.7001884457613483 -0.09867188263283161
vn 1 -6.063324515706462e-17 -8.544551807449788e-18
vn 0.7071067811865476 0.7001884457613483 0.09867188263283161
vn 1.224646852585168e-16 0.9902159962126372 0.13954311464423674
vn -0.7071067811865476 0.7001884457613483 0.09867188263283161
vn -1 1.8189972236579428e-16 2.5633653575511615e-17
vn -0.7071067811865476 -0.7001884457613483 -0.09867188263283161
vn -2.449293705170336e-16 -0.9902159962126372 -0.13954311464423674
vn 0 -0.13954311464423674 0.9902159962126372
vn 0 -0.13954311464423674 0.9902159962126372
vn 0 -0.13954311464423674 0.9902159962126372
vn 0 -0.13954311464423674 0.9902159962126372
vn 0 -0.13954311464423674 0.9902159962126372
vn 0 -0.13954311464423674 0.9902159962126372
vn 0 -0.13954311464423674 0.9902159962126372
vn 0 -0.13954311464423674 0.9902159962126372
vn 0 -0.13954311464423674 0.9902159962126372
vn 0 -0.13954311464423674 0.9902159962126372
vn 0 -0.13954311464423674 0.9902159962126372
vn 0 -0.13954311464423674 0.9902159962126372
vn 0 -0.13954311464423674 0.9902159962126372
vn 0 -0.13954311464423674 0.9902159962126372
vn 0 -0.13954311464423674 0.9902159962126372
vn 0 -0.13954311464423674 0.9902159962126372
vn 0 -0.13954311464423674 0.9902159962126372
vn 0 0.13954311464423674 -0.9902159962126372
vn 0 0.13954311464423674 -0.9902159962126372
vn 0 0.13954311464423674 -0.9902159962126372
vn 0 0.13954311464423674 -0.9902159962126372
vn 0 0.13954311464423674 -0.9902159962126372
vn 0 0.13954311464423674 -0.9902159962126372
vn 0 0.13954311464423674 -0.9902159962126372
vn 0 0.13954311464423674 -0.9902159962126372
vn 0 0.13954311464423674 -0.9902159962126372
vn 0 0.13954311464423674 -0.9902159962126372
vn 0 0.13954311464423674 -0.9902159962126372
vn 0 0.13954311464423674 -0.9902159962126372
vn 0 0.13954311464423674 -0.9902159962126372
vn 0 0.13954311464423674 -0.9902159962126372
vn 0 0.13954311464423674 -0.9902159962126372
vn 0 0.13954311464423674 -0.9902159962126372
vn 0 0.13954311464423674 -0.9902159962126372
f 2361/2361/2361 2370/2370/2370 2362/2362/2362
f 2370/2370/2370 2371/2371/2371 2362/2362/2362
f 2362/2362/2362 2371/2371/2371 2363/2363/2363
f 2371/2371/2371 2372/2372/2372 2363/2363/2363
f 2363/2363/2363 2372/2372/2372 2364/2364/2364
f 2372/2372/2372 2373/2373/2373 2364/2364/2364
f 2364/2364/2364 2373/2373/2373 2365/2365/2365
f 2373/2373/2373 2374/2374/2374 2365/2365/2365
f 2365/2365/2365 2374/2374/2374 2366/2366/2366
f 2374/2374/2374 2375/2375/2375 2366/2366/2366
f 2366/2366/2366 2375/2375/2375 2367/2367/2367
f 2375/2375/2375 2376/2376/2376 2367/2367/2367
f 2367/2367/2367 2376/2376/2376 2368/2368/2368
f 2376/2376/2376 2377/2377/2377 2368/2368/2368
f 2368/2368/2368 2377/2377/2377 2369/2369/2369
f 2377/2377/2377 2378/2378/2378 2369/2369/2369
f 2387/2387/2387 2388/2388/2388 2379/2379/2379
f 2388/2388/2388 2389/2389/2389 2380/2380/2380
f 2389/2389/2389 2390/2390/2390 2381/2381/2381
f 2390/2390/2390 2391/2391/2391 2382/2382/2382
f 2391/2391/2391 2392/2392/2392 2383/2383/2383
f 2392/2392/2392 2393/2393/2393 2384/2384/2384
f 2393/2393/2393 2394/2394/2394 2385/2385/2385
f 2394/2394/2394 2395/2395/2395 2386/2386/2386
f 2405/2405/2405 2404/2404/2404 2396/2396/2396
f 2406/2406/2406 2405/2405/2405 2397/2397/2397
f 2407/2407/2407 2406/2406/2406 2398/2398/2398
f 2408/2408/2408 2407/2407/2407 2399/2399/2399
f 2409/2409/2409 2408/2408/2408 2400/2400/2400
f 2410/2410/2410 2409/2409/2409 2401/2401/2401
f 2411/2411/2411 2410/2410/2410 2402/2402/2402
f 2412/2412/2412 2411/2411/2411 2403/2403/2403
o brake_stud_4_6
usemtl rubber_pad
v -0.079 0.28690496527756604 0.025176908909913042
v -0.07511091264523566 0.2885001167178689 0.0254017006736903
v -0.07350000002980232 0.2923511532272248 0.025944396036297633
v -0.07511091264523566 0.29620218973658075 0.026487091398904965
v -0.079 0.2977973411768836 0.026711883162682228
v -0.08288908735476434 0.29620218973658075 0.026487091398904965
v -0.08449999997019768 0.2923511532272248 0.025944396036297633
v -0.08288908735476434 0.2885001167178689 0.0254017006736903
v -0.079 0.28690496527756604 0.025176908909913042
v -0.079 0.28746313776265475 0.021216044736931547
v -0.07511091264523566 0.2890582892029576 0.02144083650070881
v -0.07350000002980232 0.29290932571231354 0.02198353186331614
v -0.07511091264523566 0.29676036222166946 0.022526227225923474
v -0.079 0.2983555136619723 0.022751018989700732
v -0.08288908735476434 0.29676036222166946 0.022526227225923474
v -0.08449999997019768 0.29290932571231354 0.02198353186331614
v -0.08288908735476434 0.2890582892029576 0.02144083650070881
v -0.079 0.28746313776265475 0.021216044736931547
v -0.079 0.2923511532272248 0.025944396036297633
v -0.079 0.2923511532272248 0.025944396036297633
v -0.079 0.2923511532272248 0.025944396036297633
v -0.079 0.2923511532272248 0.025944396036297633
v -0.079 0.2923511532272248 0.025944396036297633
v -0.079 0.2923511532272248 0.025944396036297633
v -0.079 0.2923511532272248 0.025944396036297633
v -0.079 0.2923511532272248 0.025944396036297633
v -0.079 0.28690496527756604 0.025176908909913042
v -0.07511091264523566 0.2885001167178689 0.0254017006736903
v -0.07350000002980232 0.2923511532272248 0.025944396036297633
v -0.07511091264523566 0.29620218973658075 0.026487091398904965
v -0.079 0.2977973411768836 0.026711883162682228
v -0.08288908735476434 0.29620218973658075 0.026487091398904965
v -0.08449999997019768 0.2923511532272248 0.025944396036297633
v -0.08288908735476434 0.2885001167178689 0.0254017006736903
v -0.079 0.28690496527756604 0.025176908909913042
v -0.079 0.29290932571231354 0.02198353186331614
v -0.079 0.29290932571231354 0.02198353186331614
v -0.079 0.29290932571231354 0.02198353186331614
v -0.079 0.29290932571231354 0.02198353186331614
v -0.079 0.29290932571231354 0.02198353186331614
v -0.079 0.29290932571231354 0.02198353186331614
v -0.079 0.29290932571231354 0.02198353186331614
v -0.079 0.29290932571231354 0.02198353186331614
v -0.079 0.28746313776265475 0.021216044736931547
v -0.07511091264523566 0.2890582892029576 0.02144083650070881
v -0.07350000002980232 0.29290932571231354 0.02198353186331614
v -0.07511091264523566 0.29676036222166946 0.022526227225923474
v -0.079 0.2983555136619723 0.022751018989700732
v -0.08288908735476434 0.29676036222166946 0.022526227225923474
v -0.08449999997019768 0.29290932571231354 0.02198353186331614
v -0.08288908735476434 0.2890582892029576 0.02144083650070881
v -0.079 0.28746313776265475 0.021216044736931547
vt 0 1
vt 0.125 1
vt 0.25 1
vt 0.375 1
vt 0.5 1
vt 0.625 1
vt 0.75 1
vt 0.875 1
vt 1 1
vt 0 0
vt 0.125 0
vt 0.25 0
vt 0.375 0
vt 0.5 0
vt 0.625 0
vt 0.75 0
vt 0.875 0
vt 1 0
vt 0.5 0.5
vt 0.5 0.5
vt 0.5 0.5
vt 0.5 0.5
vt 0.5 0.5
vt 0.5 0.5
vt 0.5 0.5
vt 0.5 0.5
vt 1 0.5
vt 0.8535534143447876 0.8535534143447876
vt 0.5 1
vt 0.1464466154575348 0.8535534143447876
vt 0 0.5
vt 0.1464466154575348 0.1464466154575348
vt 0.5 0
vt 0.8535534143447876 0.1464466154575348
vt 1 0.5
vt 0.5 0.5
vt 0.5 0.5
vt 0.5 0.5
vt 0.5 0.5
vt 0.5 0.5
vt 0.5 0.5
vt 0.5 0.5
vt 0.5 0.5
vt 1 0.5
vt 0.8535534143447876 0.1464466154575348
vt 0.5 0
vt 0.1464466154575348 0.1464466154575348
vt 0 0.5
vt 0.1464466154575348 0.8535534143447876
vt 0.5 1
vt 0.8535534143447876 0.8535534143447876
vt 1 0.5
vn 0 -0.9902159962126372 -0.13954311464423674
vn 0.7071067811865476 -0.7001884457613483 -0.09867188263283161
vn 1 -6.063324515706462e-17 -8.544551807449788e-18
vn 0.7071067811865476 0.7001884457613483 0.09867188263283161
vn 1.224646852585168e-16 0.9902159962126372 0.13954311464423674
vn -0.7071067811865476 0.7001884457613483 0.09867188263283161
vn -1 1.8189972236579428e-16 2.5633653575511615e-17
vn -0.7071067811865476 -0.7001884457613483 -0.09867188263283161
vn -2.449293705170336e-16 -0.9902159962126372 -0.13954311464423674
vn 0 -0.9902159962126372 -0.13954311464423674
vn 0.7071067811865476 -0.7001884457613483 -0.09867188263283161
vn 1 -6.063324515706462e-17 -8.544551807449788e-18
vn 0.7071067811865476 0.7001884457613483 0.09867188263283161
vn 1.224646852585168e-16 0.9902159962126372 0.13954311464423674
vn -0.7071067811865476 0.7001884457613483 0.09867188263283161
vn -1 1.8189972236579428e-16 2.5633653575511615e-17
vn -0.7071067811865476 -0.7001884457613483 -0.09867188263283161
vn -2.449293705170336e-16 -0.9902159962126372 -0.13954311464423674
vn 0 -0.13954311464423674 0.9902159962126372
vn 0 -0.13954311464423674 0.9902159962126372
vn 0 -0.13954311464423674 0.9902159962126372
vn 0 -0.13954311464423674 0.9902159962126372
vn 0 -0.13954311464423674 0.9902159962126372
vn 0 -0.13954311464423674 0.9902159962126372
vn 0 -0.13954311464423674 0.9902159962126372
vn 0 -0.13954311464423674 0.9902159962126372
vn 0 -0.13954311464423674 0.9902159962126372
vn 0 -0.13954311464423674 0.9902159962126372
vn 0 -0.13954311464423674 0.9902159962126372
vn 0 -0.13954311464423674 0.9902159962126372
vn 0 -0.13954311464423674 0.9902159962126372
vn 0 -0.13954311464423674 0.9902159962126372
vn 0 -0.13954311464423674 0.9902159962126372
vn 0 -0.13954311464423674 0.9902159962126372
vn 0 -0.13954311464423674 0.9902159962126372
vn 0 0.13954311464423674 -0.9902159962126372
vn 0 0.13954311464423674 -0.9902159962126372
vn 0 0.13954311464423674 -0.9902159962126372
vn 0 0.13954311464423674 -0.9902159962126372
vn 0 0.13954311464423674 -0.9902159962126372
vn 0 0.13954311464423674 -0.9902159962126372
vn 0 0.13954311464423674 -0.9902159962126372
vn 0 0.13954311464423674 -0.9902159962126372
vn 0 0.13954311464423674 -0.9902159962126372
vn 0 0.13954311464423674 -0.9902159962126372
vn 0 0.13954311464423674 -0.9902159962126372
vn 0 0.13954311464423674 -0.9902159962126372
vn 0 0.13954311464423674 -0.9902159962126372
vn 0 0.13954311464423674 -0.9902159962126372
vn 0 0.13954311464423674 -0.9902159962126372
vn 0 0.13954311464423674 -0.9902159962126372
vn 0 0.13954311464423674 -0.9902159962126372
f 2413/2413/2413 2422/2422/2422 2414/2414/2414
f 2422/2422/2422 2423/2423/2423 2414/2414/2414
f 2414/2414/2414 2423/2423/2423 2415/2415/2415
f 2423/2423/2423 2424/2424/2424 2415/2415/2415
f 2415/2415/2415 2424/2424/2424 2416/2416/2416
f 2424/2424/2424 2425/2425/2425 2416/2416/2416
f 2416/2416/2416 2425/2425/2425 2417/2417/2417
f 2425/2425/2425 2426/2426/2426 2417/2417/2417
f 2417/2417/2417 2426/2426/2426 2418/2418/2418
f 2426/2426/2426 2427/2427/2427 2418/2418/2418
f 2418/2418/2418 2427/2427/2427 2419/2419/2419
f 2427/2427/2427 2428/2428/2428 2419/2419/2419
f 2419/2419/2419 2428/2428/2428 2420/2420/2420
f 2428/2428/2428 2429/2429/2429 2420/2420/2420
f 2420/2420/2420 2429/2429/2429 2421/2421/2421
f 2429/2429/2429 2430/2430/2430 2421/2421/2421
f 2439/2439/2439 2440/2440/2440 2431/2431/2431
f 2440/2440/2440 2441/2441/2441 2432/2432/2432
f 2441/2441/2441 2442/2442/2442 2433/2433/2433
f 2442/2442/2442 2443/2443/2443 2434/2434/2434
f 2443/2443/2443 2444/2444/2444 2435/2435/2435
f 2444/2444/2444 2445/2445/2445 2436/2436/2436
f 2445/2445/2445 2446/2446/2446 2437/2437/2437
f 2446/2446/2446 2447/2447/2447 2438/2438/2438
f 2457/2457/2457 2456/2456/2456 2448/2448/2448
f 2458/2458/2458 2457/2457/2457 2449/2449/2449
f 2459/2459/2459 2458/2458/2458 2450/2450/2450
f 2460/2460/2460 2459/2459/2459 2451/2451/2451
f 2461/2461/2461 2460/2460/2460 2452/2452/2452
f 2462/2462/2462 2461/2461/2461 2453/2453/2453
f 2463/2463/2463 2462/2462/2462 2454/2454/2454
f 2464/2464/2464 2463/2463/2463 2455/2455/2455
o brake_damper
usemtl red_anodized
v -0.08250000044703484 0.045000000000000005 0.07400000020861626
v -0.08250000044703484 0.05034050259739161 0.0733982689678669
v -0.08250000044703484 0.05541320990771056 0.07162325195968151
v -0.08250000044703484 0.05996375538408757 0.0687639556825161
v -0.08250000044703484 0.06376395568251611 0.06496375538408757
v -0.08250000044703484 0.06662325195968152 0.060413209907710555
v -0.08250000044703484 0.06839826896786691 0.05534050259739161
v -0.08250000044703484 0.06900000020861627 0.05
v -0.08250000044703484 0.06839826896786691 0.0446594974026084
v -0.08250000044703484 0.06662325195968152 0.03958679009228945
v -0.08250000044703484 0.06376395568251611 0.03503624461591244
v -0.08250000044703484 0.05996375538408757 0.031236044317483905
v -0.08250000044703484 0.05541320990771056 0.028376748040318492
v -0.08250000044703484 0.05034050259739161 0.026601731032133105
v -0.08250000044703484 0.04500000000000001 0.025999999791383746
v -0.08250000044703484 0.0396594974026084 0.026601731032133105
v -0.08250000044703484 0.03458679009228945 0.028376748040318492
v -0.08250000044703484 0.030036244615912443 0.031236044317483905
v -0.08250000044703484 0.02623604431748391 0.03503624461591244
v -0.08250000044703484 0.023376748040318498 0.03958679009228945
v -0.08250000044703484 0.02160173103213311 0.0446594974026084
v -0.08250000044703484 0.020999999791383752 0.049999999999999996
v -0.08250000044703484 0.02160173103213311 0.05534050259739161
v -0.08250000044703484 0.023376748040318498 0.060413209907710555
v -0.08250000044703484 0.02623604431748391 0.06496375538408757
v -0.08250000044703484 0.030036244615912443 0.0687639556825161
v -0.08250000044703484 0.03458679009228945 0.07162325195968151
v -0.08250000044703484 0.0396594974026084 0.0733982689678669
v -0.08250000044703484 0.045000000000000005 0.07400000020861626
v 0.002500000447034828 0.04499999999999999 0.07400000020861626
v 0.002500000447034828 0.0503405025973916 0.0733982689678669
v 0.002500000447034828 0.055413209907710544 0.07162325195968151
v 0.002500000447034828 0.059963755384087554 0.0687639556825161
v 0.002500000447034835 0.06376395568251608 0.06496375538408757
v 0.002500000447034835 0.0666232519596815 0.060413209907710555
v 0.002500000447034835 0.06839826896786688 0.05534050259739161
v 0.002500000447034835 0.06900000020861624 0.05
v 0.002500000447034835 0.06839826896786688 0.0446594974026084
v 0.002500000447034835 0.0666232519596815 0.03958679009228945
v 0.002500000447034835 0.06376395568251608 0.03503624461591244
v 0.002500000447034828 0.059963755384087554 0.031236044317483905
v 0.002500000447034828 0.055413209907710544 0.028376748040318492
v 0.002500000447034828 0.0503405025973916 0.026601731032133105
v 0.002500000447034828 0.04499999999999999 0.025999999791383746
v 0.002500000447034828 0.039659497402608386 0.026601731032133105
v 0.002500000447034828 0.03458679009228944 0.028376748040318492
v 0.002500000447034828 0.03003624461591243 0.031236044317483905
v 0.002500000447034821 0.02623604431748389 0.03503624461591244
v 0.002500000447034821 0.023376748040318477 0.03958679009228945
v 0.002500000447034821 0.02160173103213309 0.0446594974026084
v 0.002500000447034821 0.02099999979138373 0.049999999999999996
v 0.002500000447034821 0.02160173103213309 0.05534050259739161
v 0.002500000447034821 0.023376748040318477 0.060413209907710555
v 0.002500000447034821 0.02623604431748389 0.06496375538408757
v 0.002500000447034828 0.03003624461591243 0.0687639556825161
v 0.002500000447034828 0.03458679009228944 0.07162325195968151
v 0.002500000447034828 0.039659497402608386 0.0733982689678669
v 0.002500000447034828 0.044999999999999984 0.07400000020861626
v -0.08250000044703484 0.045000000000000005 0.05
v -0.08250000044703484 0.045000000000000005 0.05
v -0.08250000044703484 0.045000000000000005 0.05
v -0.08250000044703484 0.045000000000000005 0.05
v -0.08250000044703484 0.045000000000000005 0.05
v -0.08250000044703484 0.045000000000000005 0.05
v -0.08250000044703484 0.045000000000000005 0.05
v -0.08250000044703484 0.045000000000000005 0.05
v -0.08250000044703484 0.045000000000000005 0.05
v -0.08250000044703484 0.045000000000000005 0.05
v -0.08250000044703484 0.045000000000000005 0.05
v -0.08250000044703484 0.045000000000000005 0.05
v -0.08250000044703484 0.045000000000000005 0.05
v -0.08250000044703484 0.045000000000000005 0.05
v -0.08250000044703484 0.045000000000000005 0.05
v -0.08250000044703484 0.045000000000000005 0.05
v -0.08250000044703484 0.045000000000000005 0.05
v -0.08250000044703484 0.045000000000000005 0.05
v -0.08250000044703484 0.045000000000000005 0.05
v -0.08250000044703484 0.045000000000000005 0.05
v -0.08250000044703484 0.045000000000000005 0.05
v -0.08250000044703484 0.045000000000000005 0.05
v -0.08250000044703484 0.045000000000000005 0.05
v -0.08250000044703484 0.045000000000000005 0.05
v -0.08250000044703484 0.045000000000000005 0.05
v -0.08250000044703484 0.045000000000000005 0.05
v -0.08250000044703484 0.045000000000000005 0.05
v -0.08250000044703484 0.045000000000000005 0.05
v -0.08250000044703484 0.045000000000000005 0.07400000020861626
v -0.08250000044703484 0.05034050259739161 0.0733982689678669
v -0.08250000044703484 0.05541320990771056 0.07162325195968151
v -0.08250000044703484 0.05996375538408757 0.0687639556825161
v -0.08250000044703484 0.06376395568251611 0.06496375538408757
v -0.08250000044703484 0.06662325195968152 0.060413209907710555
v -0.08250000044703484 0.06839826896786691 0.05534050259739161
v -0.08250000044703484 0.06900000020861627 0.05
v -0.08250000044703484 0.06839826896786691 0.0446594974026084
v -0.08250000044703484 0.06662325195968152 0.03958679009228945
v -0.08250000044703484 0.06376395568251611 0.03503624461591244
v -0.08250000044703484 0.05996375538408757 0.031236044317483905
v -0.08250000044703484 0.05541320990771056 0.028376748040318492
v -0.08250000044703484 0.05034050259739161 0.026601731032133105
v -0.08250000044703484 0.04500000000000001 0.025999999791383746
v -0.08250000044703484 0.0396594974026084 0.026601731032133105
v -0.08250000044703484 0.03458679009228945 0.028376748040318492
v -0.08250000044703484 0.030036244615912443 0.031236044317483905
v -0.08250000044703484 0.02623604431748391 0.03503624461591244
v -0.08250000044703484 0.023376748040318498 0.03958679009228945
v -0.08250000044703484 0.02160173103213311 0.0446594974026084
v -0.08250000044703484 0.020999999791383752 0.049999999999999996
v -0.08250000044703484 0.02160173103213311 0.05534050259739161
v -0.08250000044703484 0.023376748040318498 0.060413209907710555
v -0.08250000044703484 0.02623604431748391 0.06496375538408757
v -0.08250000044703484 0.030036244615912443 0.0687639556825161
v -0.08250000044703484 0.03458679009228945 0.07162325195968151
v -0.08250000044703484 0.0396594974026084 0.0733982689678669
v -0.08250000044703484 0.045000000000000005 0.07400000020861626
v 0.002500000447034828 0.04499999999999999 0.05
v 0.002500000447034828 0.04499999999999999 0.05
v 0.002500000447034828 0.04499999999999999 0.05
v 0.002500000447034828 0.04499999999999999 0.05
v 0.002500000447034828 0.04499999999999999 0.05
v 0.002500000447034828 0.04499999999999999 0.05
v 0.002500000447034828 0.04499999999999999 0.05
v 0.002500000447034828 0.04499999999999999 0.05
v 0.002500000447034828 0.04499999999999999 0.05
v 0.002500000447034828 0.04499999999999999 0.05
v 0.002500000447034828 0.04499999999999999 0.05
v 0.002500000447034828 0.04499999999999999 0.05
v 0.002500000447034828 0.04499999999999999 0.05
v 0.002500000447034828 0.04499999999999999 0.05
v 0.002500000447034828 0.04499999999999999 0.05
v 0.002500000447034828 0.04499999999999999 0.05
v 0.002500000447034828 0.04499999999999999 0.05
v 0.002500000447034828 0.04499999999999999 0.05
v 0.002500000447034828 0.04499999999999999 0.05
v 0.002500000447034828 0.04499999999999999 0.05
v 0.002500000447034828 0.04499999999999999 0.05
v 0.002500000447034828 0.04499999999999999 0.05
v 0.002500000447034828 0.04499999999999999 0.05
v 0.002500000447034828 0.04499999999999999 0.05
v 0.002500000447034828 0.04499999999999999 0.05
v 0.002500000447034828 0.04499999999999999 0.05
v 0.002500000447034828 0.04499999999999999 0.05
v 0.002500000447034828 0.04499999999999999 0.05
v 0.002500000447034828 0.04499999999999999 0.07400000020861626
v 0.002500000447034828 0.0503405025973916 0.0733982689678669
v 0.002500000447034828 0.055413209907710544 0.07162325195968151
v 0.002500000447034828 0.059963755384087554 0.0687639556825161
v 0.002500000447034835 0.06376395568251608 0.06496375538408757
v 0.002500000447034835 0.0666232519596815 0.060413209907710555
v 0.002500000447034835 0.06839826896786688 0.05534050259739161
v 0.002500000447034835 0.06900000020861624 0.05
v 0.002500000447034835 0.06839826896786688 0.0446594974026084
v 0.002500000447034835 0.0666232519596815 0.03958679009228945
v 0.002500000447034835 0.06376395568251608 0.03503624461591244
v 0.002500000447034828 0.059963755384087554 0.031236044317483905
v 0.002500000447034828 0.055413209907710544 0.028376748040318492
v 0.002500000447034828 0.0503405025973916 0.026601731032133105
v 0.002500000447034828 0.04499999999999999 0.025999999791383746
v 0.002500000447034828 0.039659497402608386 0.026601731032133105
v 0.002500000447034828 0.03458679009228944 0.028376748040318492
v 0.002500000447034828 0.03003624461591243 0.031236044317483905
v 0.002500000447034821 0.02623604431748389 0.03503624461591244
v 0.002500000447034821 0.023376748040318477 0.03958679009228945
v 0.002500000447034821 0.02160173103213309 0.0446594974026084
v 0.002500000447034821 0.02099999979138373 0.049999999999999996
v 0.002500000447034821 0.02160173103213309 0.05534050259739161
v 0.002500000447034821 0.023376748040318477 0.060413209907710555
v 0.002500000447034821 0.02623604431748389 0.06496375538408757
v 0.002500000447034828 0.03003624461591243 0.0687639556825161
v 0.002500000447034828 0.03458679009228944 0.07162325195968151
v 0.002500000447034828 0.039659497402608386 0.0733982689678669
v 0.002500000447034828 0.044999999999999984 0.07400000020861626
vt 0 1
vt 0.0357142873108387 1
vt 0.0714285746216774 1
vt 0.1071428582072258 1
vt 0.1428571492433548 1
vt 0.1785714328289032 1
vt 0.2142857164144516 1
vt 0.25 1
vt 0.2857142984867096 1
vt 0.3214285671710968 1
vt 0.3571428656578064 1
vt 0.3928571343421936 1
vt 0.4285714328289032 1
vt 0.4642857015132904 1
vt 0.5 1
vt 0.5357142686843872 1
vt 0.5714285969734192 1
vt 0.6071428656578064 1
vt 0.6428571343421936 1
vt 0.6785714030265808 1
vt 0.7142857313156128 1
vt 0.75 1
vt 0.7857142686843872 1
vt 0.8214285969734192 1
vt 0.8571428656578064 1
vt 0.8928571343421936 1
vt 0.9285714030265808 1
vt 0.9642857313156128 1
vt 1 1
vt 0 0
vt 0.0357142873108387 0
vt 0.0714285746216774 0
vt 0.1071428582072258 0
vt 0.1428571492433548 0
vt 0.1785714328289032 0
vt 0.2142857164144516 0
vt 0.25 0
vt 0.2857142984867096 0
vt 0.3214285671710968 0
vt 0.3571428656578064 0
vt 0.3928571343421936 0
vt 0.4285714328289032 0
vt 0.4642857015132904 0
vt 0.5 0
vt 0.5357142686843872 0
vt 0.5714285969734192 0
vt 0.6071428656578064 0
vt 0.6428571343421936 0
vt 0.6785714030265808 0
vt 0.7142857313156128 0
vt 0.75 0
vt 0.7857142686843872 0
vt 0.8214285969734192 0
vt 0.8571428656578064 0
vt 0.8928571343421936 0
vt 0.9285714030265808 0
vt 0.9642857313156128 0
vt 1 0
vt 0.5 0.5
vt 0.5 0.5
vt 0.5 0.5
vt 0.5 0.5
vt 0.5 0.5
vt 0.5 0.5
vt 0.5 0.5
vt 0.5 0.5
vt 0.5 0.5
vt 0.5 0.5
vt 0.5 0.5
vt 0.5 0.5
vt 0.5 0.5
vt 0.5 0.5
vt 0.5 0.5
vt 0.5 0.5
vt 0.5 0.5
vt 0.5 0.5
vt 0.5 0.5
vt 0.5 0.5
vt 0.5 0.5
vt 0.5 0.5
vt 0.5 0.5
vt 0.5 0.5
vt 0.5 0.5
vt 0.5 0.5
vt 0.5 0.5
vt 0.5 0.5
vt 1 0.5
vt 0.9874639511108398 0.6112604737281799
vt 0.9504844546318054 0.7169418931007385
vt 0.8909157514572144 0.8117449283599854
vt 0.8117449283599854 0.8909157514572144
vt 0.7169418931007385 0.9504844546318054
vt 0.6112604737281799 0.9874639511108398
vt 0.5 1
vt 0.38873952627182007 0.9874639511108398
vt 0.28305813670158386 0.9504844546318054
vt 0.18825510144233704 0.8909157514572144
vt 0.10908425599336624 0.8117449283599854
vt 0.04951556771993637 0.7169418931007385
vt 0.012536044232547283 0.6112604737281799
vt 0 0.5
vt 0.012536044232547283 0.38873952627182007
vt 0.04951556771993637 0.28305813670158386
vt 0.10908425599336624 0.18825510144233704
vt 0.18825510144233704 0.10908425599336624
vt 0.28305813670158386 0.04951556771993637
vt 0.38873952627182007 0.012536044232547283
vt 0.5 0
vt 0.6112604737281799 0.012536044232547283
vt 0.7169418931007385 0.04951556771993637
vt 0.8117449283599854 0.10908425599336624
vt 0.8909157514572144 0.18825510144233704
vt 0.9504844546318054 0.28305813670158386
vt 0.9874639511108398 0.38873952627182007
vt 1 0.5
vt 0.5 0.5
vt 0.5 0.5
vt 0.5 0.5
vt 0.5 0.5
vt 0.5 0.5
vt 0.5 0.5
vt 0.5 0.5
vt 0.5 0.5
vt 0.5 0.5
vt 0.5 0.5
vt 0.5 0.5
vt 0.5 0.5
vt 0.5 0.5
vt 0.5 0.5
vt 0.5 0.5
vt 0.5 0.5
vt 0.5 0.5
vt 0.5 0.5
vt 0.5 0.5
vt 0.5 0.5
vt 0.5 0.5
vt 0.5 0.5
vt 0.5 0.5
vt 0.5 0.5
vt 0.5 0.5
vt 0.5 0.5
vt 0.5 0.5
vt 0.5 0.5
vt 1 0.5
vt 0.9874639511108398 0.38873952627182007
vt 0.9504844546318054 0.28305813670158386
vt 0.8909157514572144 0.18825510144233704
vt 0.8117449283599854 0.10908425599336624
vt 0.7169418931007385 0.04951556771993637
vt 0.6112604737281799 0.012536044232547283
vt 0.5 0
vt 0.38873952627182007 0.012536044232547283
vt 0.28305813670158386 0.04951556771993637
vt 0.18825510144233704 0.10908425599336624
vt 0.10908425599336624 0.18825510144233704
vt 0.04951556771993637 0.28305813670158386
vt 0.012536044232547283 0.38873952627182007
vt 0 0.5
vt 0.012536044232547283 0.6112604737281799
vt 0.04951556771993637 0.7169418931007385
vt 0.10908425599336624 0.8117449283599854
vt 0.18825510144233704 0.8909157514572144
vt 0.28305813670158386 0.9504844546318054
vt 0.38873952627182007 0.9874639511108398
vt 0.5 1
vt 0.6112604737281799 0.9874639511108398
vt 0.7169418931007385 0.9504844546318054
vt 0.8117449283599854 0.8909157514572144
vt 0.8909157514572144 0.8117449283599854
vt 0.9504844546318054 0.7169418931007385
vt 0.9874639511108398 0.6112604737281799
vt 1 0.5
vn 0 0 1
vn 4.9409573051961243e-17 0.22252093478534796 0.9749279119926021
vn 9.634154276251819e-17 0.4338837360855756 0.9009688693625448
vn 1.3844254387160717e-16 0.6234897889923936 0.7818314927285933
vn 1.73601464920868e-16 0.7818314927285933 0.6234897889923936
vn 2.000552766473584e-16 0.9009688693625448 0.4338837360855756
vn 2.1647748304878302e-16 0.9749279119926021 0.22252093478534796
vn 2.220446049250313e-16 1 6.123234262925839e-17
vn 2.1647748304878302e-16 0.9749279119926021 -0.22252093478534796
vn 2.000552766473584e-16 0.9009688693625448 -0.4338837360855756
vn 1.73601464920868e-16 0.7818314927285933 -0.6234897889923936
vn 1.3844254387160717e-16 0.6234897889923936 -0.7818314927285933
vn 9.634154276251819e-17 0.4338837360855756 -0.9009688693625448
vn 4.9409573051961243e-17 0.22252093478534796 -0.9749279119926021
vn 2.7192622655495665e-32 1.2246468525851679e-16 -1
vn -4.9409573051961243e-17 -0.22252093478534796 -0.9749279119926021
vn -9.634154276251819e-17 -0.4338837360855756 -0.9009688693625448
vn -1.3844254387160717e-16 -0.6234897889923936 -0.7818314927285933
vn -1.73601464920868e-16 -0.7818314927285933 -0.6234897889923936
vn -2.000552766473584e-16 -0.9009688693625448 -0.4338837360855756
vn -2.1647748304878302e-16 -0.9749279119926021 -0.22252093478534796
vn -2.220446049250313e-16 -1 -1.8369701465288538e-16
vn -2.1647748304878302e-16 -0.9749279119926021 0.22252093478534796
vn -2.000552766473584e-16 -0.9009688693625448 0.4338837360855756
vn -1.73601464920868e-16 -0.7818314927285933 0.6234897889923936
vn -1.3844254387160717e-16 -0.6234897889923936 0.7818314927285933
vn -9.634154276251819e-17 -0.4338837360855756 0.9009688693625448
vn -4.9409573051961243e-17 -0.22252093478534796 0.9749279119926021
vn -5.438524531099133e-32 -2.4492937051703357e-16 1
vn 0 0 1
vn 4.9409573051961243e-17 0.22252093478534796 0.9749279119926021
vn 9.634154276251819e-17 0.4338837360855756 0.9009688693625448
vn 1.3844254387160717e-16 0.6234897889923936 0.7818314927285933
vn 1.73601464920868e-16 0.7818314927285933 0.6234897889923936
vn 2.000552766473584e-16 0.9009688693625448 0.4338837360855756
vn 2.1647748304878302e-16 0.9749279119926021 0.22252093478534796
vn 2.220446049250313e-16 1 6.123234262925839e-17
vn 2.1647748304878302e-16 0.9749279119926021 -0.22252093478534796
vn 2.000552766473584e-16 0.9009688693625448 -0.4338837360855756
vn 1.73601464920868e-16 0.7818314927285933 -0.6234897889923936
vn 1.3844254387160717e-16 0.6234897889923936 -0.7818314927285933
vn 9.634154276251819e-17 0.4338837360855756 -0.9009688693625448
vn 4.9409573051961243e-17 0.22252093478534796 -0.9749279119926021
vn 2.7192622655495665e-32 1.2246468525851679e-16 -1
vn -4.9409573051961243e-17 -0.22252093478534796 -0.9749279119926021
vn -9.634154276251819e-17 -0.4338837360855756 -0.9009688693625448
vn -1.3844254387160717e-16 -0.6234897889923936 -0.7818314927285933
vn -1.73601464920868e-16 -0.7818314927285933 -0.6234897889923936
vn -2.000552766473584e-16 -0.9009688693625448 -0.4338837360855756
vn -2.1647748304878302e-16 -0.9749279119926021 -0.22252093478534796
vn -2.220446049250313e-16 -1 -1.8369701465288538e-16
vn -2.1647748304878302e-16 -0.9749279119926021 0.22252093478534796
vn -2.000552766473584e-16 -0.9009688693625448 0.4338837360855756
vn -1.73601464920868e-16 -0.7818314927285933 0.6234897889923936
vn -1.3844254387160717e-16 -0.6234897889923936 0.7818314927285933
vn -9.634154276251819e-17 -0.4338837360855756 0.9009688693625448
vn -4.9409573051961243e-17 -0.22252093478534796 0.9749279119926021
vn -5.438524531099133e-32 -2.4492937051703357e-16 1
vn -1 2.220446049250313e-16 0
vn -1 2.220446049250313e-16 0
vn -1 2.220446049250313e-16 0
vn -1 2.220446049250313e-16 0
vn -1 2.220446049250313e-16 0
vn -1 2.220446049250313e-16 0
vn -1 2.220446049250313e-16 0
vn -1 2.220446049250313e-16 0
vn -1 2.220446049250313e-16 0
vn -1 2.220446049250313e-16 0
vn -1 2.220446049250313e-16 0
vn -1 2.220446049250313e-16 0
vn -1 2.220446049250313e-16 0
vn -1 2.220446049250313e-16 0
vn -1 2.220446049250313e-16 0
vn -1 2.220446049250313e-16 0
vn -1 2.220446049250313e-16 0
vn -1 2.220446049250313e-16 0
vn -1 2.220446049250313e-16 0
vn -1 2.220446049250313e-16 0
vn -1 2.220446049250313e-16 0
vn -1 2.220446049250313e-16 0
vn -1 2.220446049250313e-16 0
vn -1 2.220446049250313e-16 0
vn -1 2.220446049250313e-16 0
vn -1 2.220446049250313e-16 0
vn -1 2.220446049250313e-16 0
vn -1 2.220446049250313e-16 0
vn -1 2.220446049250313e-16 0
vn -1 2.220446049250313e-16 0
vn -1 2.220446049250313e-16 0
vn -1 2.220446049250313e-16 0
vn -1 2.220446049250313e-16 0
vn -1 2.220446049250313e-16 0
vn -1 2.220446049250313e-16 0
vn -1 2.220446049250313e-16 0
vn -1 2.220446049250313e-16 0
vn -1 2.220446049250313e-16 0
vn -1 2.220446049250313e-16 0
vn -1 2.220446049250313e-16 0
vn -1 2.220446049250313e-16 0
vn -1 2.220446049250313e-16 0
vn -1 2.220446049250313e-16 0
vn -1 2.220446049250313e-16 0
vn -1 2.220446049250313e-16 0
vn -1 2.220446049250313e-16 0
vn -1 2.220446049250313e-16 0
vn -1 2.220446049250313e-16 0
vn -1 2.220446049250313e-16 0
vn -1 2.220446049250313e-16 0
vn -1 2.220446049250313e-16 0
vn -1 2.220446049250313e-16 0
vn -1 2.220446049250313e-16 0
vn -1 2.220446049250313e-16 0
vn -1 2.220446049250313e-16 0
vn -1 2.220446049250313e-16 0
vn -1 2.220446049250313e-16 0
vn 1 -2.220446049250313e-16 0
vn 1 -2.220446049250313e-16 0
vn 1 -2.220446049250313e-16 0
vn 1 -2.220446049250313e-16 0
vn 1 -2.220446049250313e-16 0
vn 1 -2.220446049250313e-16 0
vn 1 -2.220446049250313e-16 0
vn 1 -2.220446049250313e-16 0
vn 1 -2.220446049250313e-16 0
vn 1 -2.220446049250313e-16 0
vn 1 -2.220446049250313e-16 0
vn 1 -2.220446049250313e-16 0
vn 1 -2.220446049250313e-16 0
vn 1 -2.220446049250313e-16 0
vn 1 -2.220446049250313e-16 0
vn 1 -2.220446049250313e-16 0
vn 1 -2.220446049250313e-16 0
vn 1 -2.220446049250313e-16 0
vn 1 -2.220446049250313e-16 0
vn 1 -2.220446049250313e-16 0
vn 1 -2.220446049250313e-16 0
vn 1 -2.220446049250313e-16 0
vn 1 -2.220446049250313e-16 0
vn 1 -2.220446049250313e-16 0
vn 1 -2.220446049250313e-16 0
vn 1 -2.220446049250313e-16 0
vn 1 -2.220446049250313e-16 0
vn 1 -2.220446049250313e-16 0
vn 1 -2.220446049250313e-16 0
vn 1 -2.220446049250313e-16 0
vn 1 -2.220446049250313e-16 0
vn 1 -2.220446049250313e-16 0
vn 1 -2.220446049250313e-16 0
vn 1 -2.220446049250313e-16 0
vn 1 -2.220446049250313e-16 0
vn 1 -2.220446049250313e-16 0
vn 1 -2.220446049250313e-16 0
vn 1 -2.220446049250313e-16 0
vn 1 -2.220446049250313e-16 0
vn 1 -2.220446049250313e-16 0
vn 1 -2.220446049250313e-16 0
vn 1 -2.220446049250313e-16 0
vn 1 -2.220446049250313e-16 0
vn 1 -2.220446049250313e-16 0
vn 1 -2.220446049250313e-16 0
vn 1 -2.220446049250313e-16 0
vn 1 -2.220446049250313e-16 0
vn 1 -2.220446049250313e-16 0
vn 1 -2.220446049250313e-16 0
vn 1 -2.220446049250313e-16 0
vn 1 -2.220446049250313e-16 0
vn 1 -2.220446049250313e-16 0
vn 1 -2.220446049250313e-16 0
vn 1 -2.220446049250313e-16 0
vn 1 -2.220446049250313e-16 0
vn 1 -2.220446049250313e-16 0
vn 1 -2.220446049250313e-16 0
f 2465/2465/2465 2494/2494/2494 2466/2466/2466
f 2494/2494/2494 2495/2495/2495 2466/2466/2466
f 2466/2466/2466 2495/2495/2495 2467/2467/2467
f 2495/2495/2495 2496/2496/2496 2467/2467/2467
f 2467/2467/2467 2496/2496/2496 2468/2468/2468
f 2496/2496/2496 2497/2497/2497 2468/2468/2468
f 2468/2468/2468 2497/2497/2497 2469/2469/2469
f 2497/2497/2497 2498/2498/2498 2469/2469/2469
f 2469/2469/2469 2498/2498/2498 2470/2470/2470
f 2498/2498/2498 2499/2499/2499 2470/2470/2470
f 2470/2470/2470 2499/2499/2499 2471/2471/2471
f 2499/2499/2499 2500/2500/2500 2471/2471/2471
f 2471/2471/2471 2500/2500/2500 2472/2472/2472
f 2500/2500/2500 2501/2501/2501 2472/2472/2472
f 2472/2472/2472 2501/2501/2501 2473/2473/2473
f 2501/2501/2501 2502/2502/2502 2473/2473/2473
f 2473/2473/2473 2502/2502/2502 2474/2474/2474
f 2502/2502/2502 2503/2503/2503 2474/2474/2474
f 2474/2474/2474 2503/2503/2503 2475/2475/2475
f 2503/2503/2503 2504/2504/2504 2475/2475/2475
f 2475/2475/2475 2504/2504/2504 2476/2476/2476
f 2504/2504/2504 2505/2505/2505 2476/2476/2476
f 2476/2476/2476 2505/2505/2505 2477/2477/2477
f 2505/2505/2505 2506/2506/2506 2477/2477/2477
f 2477/2477/2477 2506/2506/2506 2478/2478/2478
f 2506/2506/2506 2507/2507/2507 2478/2478/2478
f 2478/2478/2478 2507/2507/2507 2479/2479/2479
f 2507/2507/2507 2508/2508/2508 2479/2479/2479
f 2479/2479/2479 2508/2508/2508 2480/2480/2480
f 2508/2508/2508 2509/2509/2509 2480/2480/2480
f 2480/2480/2480 2509/2509/2509 2481/2481/2481
f 2509/2509/2509 2510/2510/2510 2481/2481/2481
f 2481/2481/2481 2510/2510/2510 2482/2482/2482
f 2510/2510/2510 2511/2511/2511 2482/2482/2482
f 2482/2482/2482 2511/2511/2511 2483/2483/2483
f 2511/2511/2511 2512/2512/2512 2483/2483/2483
f 2483/2483/2483 2512/2512/2512 2484/2484/2484
f 2512/2512/2512 2513/2513/2513 2484/2484/2484
f 2484/2484/2484 2513/2513/2513 2485/2485/2485
f 2513/2513/2513 2514/2514/2514 2485/2485/2485
f 2485/2485/2485 2514/2514/2514 2486/2486/2486
f 2514/2514/2514 2515/2515/2515 2486/2486/2486
f 2486/2486/2486 2515/2515/2515 2487/2487/2487
f 2515/2515/2515 2516/2516/2516 2487/2487/2487
f 2487/2487/2487 2516/2516/2516 2488/2488/2488
f 2516/2516/2516 2517/2517/2517 2488/2488/2488
f 2488/2488/2488 2517/2517/2517 2489/2489/2489
f 2517/2517/2517 2518/2518/2518 2489/2489/2489
f 2489/2489/2489 2518/2518/2518 2490/2490/2490
f 2518/2518/2518 2519/2519/2519 2490/2490/2490
f 2490/2490/2490 2519/2519/2519 2491/2491/2491
f 2519/2519/2519 2520/2520/2520 2491/2491/2491
f 2491/2491/2491 2520/2520/2520 2492/2492/2492
f 2520/2520/2520 2521/2521/2521 2492/2492/2492
f 2492/2492/2492 2521/2521/2521 2493/2493/2493
f 2521/2521/2521 2522/2522/2522 2493/2493/2493
f 2551/2551/2551 2552/2552/2552 2523/2523/2523
f 2552/2552/2552 2553/2553/2553 2524/2524/2524
f 2553/2553/2553 2554/2554/2554 2525/2525/2525
f 2554/2554/2554 2555/2555/2555 2526/2526/2526
f 2555/2555/2555 2556/2556/2556 2527/2527/2527
f 2556/2556/2556 2557/2557/2557 2528/2528/2528
f 2557/2557/2557 2558/2558/2558 2529/2529/2529
f 2558/2558/2558 2559/2559/2559 2530/2530/2530
f 2559/2559/2559 2560/2560/2560 2531/2531/2531
f 2560/2560/2560 2561/2561/2561 2532/2532/2532
f 2561/2561/2561 2562/2562/2562 2533/2533/2533
f 2562/2562/2562 2563/2563/2563 2534/2534/2534
f 2563/2563/2563 2564/2564/2564 2535/2535/2535
f 2564/2564/2564 2565/2565/2565 2536/2536/2536
f 2565/2565/2565 2566/2566/2566 2537/2537/2537
f 2566/2566/2566 2567/2567/2567 2538/2538/2538
f 2567/2567/2567 2568/2568/2568 2539/2539/2539
f 2568/2568/2568 2569/2569/2569 2540/2540/2540
f 2569/2569/2569 2570/2570/2570 2541/2541/2541
f 2570/2570/2570 2571/2571/2571 2542/2542/2542
f 2571/2571/2571 2572/2572/2572 2543/2543/2543
f 2572/2572/2572 2573/2573/2573 2544/2544/2544
f 2573/2573/2573 2574/2574/2574 2545/2545/2545
f 2574/2574/2574 2575/2575/2575 2546/2546/2546
f 2575/2575/2575 2576/2576/2576 2547/2547/2547
f 2576/2576/2576 2577/2577/2577 2548/2548/2548
f 2577/2577/2577 2578/2578/2578 2549/2549/2549
f 2578/2578/2578 2579/2579/2579 2550/2550/2550
f 2609/2609/2609 2608/2608/2608 2580/2580/2580
f 2610/2610/2610 2609/2609/2609 2581/2581/2581
f 2611/2611/2611 2610/2610/2610 2582/2582/2582
f 2612/2612/2612 2611/2611/2611 2583/2583/2583
f 2613/2613/2613 2612/2612/2612 2584/2584/2584
f 2614/2614/2614 2613/2613/2613 2585/2585/2585
f 2615/2615/2615 2614/2614/2614 2586/2586/2586
f 2616/2616/2616 2615/2615/2615 2587/2587/2587
f 2617/2617/2617 2616/2616/2616 2588/2588/2588
f 2618/2618/2618 2617/2617/2617 2589/2589/2589
f 2619/2619/2619 2618/2618/2618 2590/2590/2590
f 2620/2620/2620 2619/2619/2619 2591/2591/2591
f 2621/2621/2621 2620/2620/2620 2592/2592/2592
f 2622/2622/2622 2621/2621/2621 2593/2593/2593
f 2623/2623/2623 2622/2622/2622 2594/2594/2594
f 2624/2624/2624 2623/2623/2623 2595/2595/2595
f 2625/2625/2625 2624/2624/2624 2596/2596/2596
f 2626/2626/2626 2625/2625/2625 2597/2597/2597
f 2627/2627/2627 2626/2626/2626 2598/2598/2598
f 2628/2628/2628 2627/2627/2627 2599/2599/2599
f 2629/2629/2629 2628/2628/2628 2600/2600/2600
f 2630/2630/2630 2629/2629/2629 2601/2601/2601
f 2631/2631/2631 2630/2630/2630 2602/2602/2602
f 2632/2632/2632 2631/2631/2631 2603/2603/2603
f 2633/2633/2633 2632/2632/2632 2604/2604/2604
f 2634/2634/2634 2633/2633/2633 2605/2605/2605
f 2635/2635/2635 2634/2634/2634 2606/2606/2606
f 2636/2636/2636 2635/2635/2635 2607/2607/2607
o brake_damper_rod
usemtl bolt_steel
v -0.11699999932944775 0.045000000000000005 0.05800000037997961
v -0.11699999932944775 0.04773616123013199 0.057517540827393535
v -0.11699999932944775 0.05014230085536838 0.05612835539504886
v -0.11699999932944775 0.05192820316180587 0.05400000018998981
v -0.11699999932944775 0.05287846185266972 0.05138918543234468
v -0.11699999932944775 0.05287846185266972 0.04861081456765533
v -0.11699999932944775 0.05192820316180587 0.0459999998100102
v -0.11699999932944775 0.05014230085536838 0.043871644604951146
v -0.11699999932944775 0.04773616123013199 0.04248245917260647
v -0.11699999932944775 0.045000000000000005 0.04199999962002039
v -0.11699999932944775 0.04226383876986802 0.04248245917260647
v -0.11699999932944775 0.03985769914463163 0.043871644604951146
v -0.11699999932944775 0.03807179683819414 0.0459999998100102
v -0.11699999932944775 0.03712153814733029 0.04861081456765533
v -0.11699999932944775 0.03712153814733029 0.05138918543234468
v -0.11699999932944775 0.03807179683819414 0.05400000018998981
v -0.11699999932944775 0.03985769914463163 0.05612835539504886
v -0.11699999932944775 0.04226383876986802 0.057517540827393535
v -0.11699999932944775 0.045000000000000005 0.05800000037997961
v -0.05700000067055226 0.04499999999999999 0.05800000037997961
v -0.05700000067055226 0.047736161230131975 0.057517540827393535
v -0.05700000067055226 0.05014230085536837 0.05612835539504886
v -0.05700000067055226 0.05192820316180586 0.05400000018998981
v -0.05700000067055226 0.05287846185266971 0.05138918543234468
v -0.05700000067055226 0.05287846185266971 0.04861081456765533
v -0.05700000067055226 0.05192820316180586 0.0459999998100102
v -0.05700000067055226 0.05014230085536837 0.043871644604951146
v -0.05700000067055226 0.047736161230131975 0.04248245917260647
v -0.05700000067055226 0.04499999999999999 0.04199999962002039
v -0.05700000067055226 0.04226383876986801 0.04248245917260647
v -0.05700000067055226 0.039857699144631616 0.043871644604951146
v -0.05700000067055226 0.03807179683819412 0.0459999998100102
v -0.05700000067055226 0.037121538147330276 0.04861081456765533
v -0.05700000067055226 0.037121538147330276 0.05138918543234468
v -0.05700000067055226 0.03807179683819412 0.05400000018998981
v -0.05700000067055226 0.039857699144631616 0.05612835539504886
v -0.05700000067055226 0.04226383876986801 0.057517540827393535
v -0.05700000067055226 0.04499999999999999 0.05800000037997961
v -0.11699999932944775 0.045000000000000005 0.05
v -0.11699999932944775 0.045000000000000005 0.05
v -0.11699999932944775 0.045000000000000005 0.05
v -0.11699999932944775 0.045000000000000005 0.05
v -0.11699999932944775 0.045000000000000005 0.05
v -0.11699999932944775 0.045000000000000005 0.05
v -0.11699999932944775 0.045000000000000005 0.05
v -0.11699999932944775 0.045000000000000005 0.05
v -0.11699999932944775 0.045000000000000005 0.05
v -0.11699999932944775 0.045000000000000005 0.05
v -0.11699999932944775 0.045000000000000005 0.05
v -0.11699999932944775 0.045000000000000005 0.05
v -0.11699999932944775 0.045000000000000005 0.05
v -0.11699999932944775 0.045000000000000005 0.05
v -0.11699999932944775 0.045000000000000005 0.05
v -0.11699999932944775 0.045000000000000005 0.05
v -0.11699999932944775 0.045000000000000005 0.05
v -0.11699999932944775 0.045000000000000005 0.05
v -0.11699999932944775 0.045000000000000005 0.05800000037997961
v -0.11699999932944775 0.04773616123013199 0.057517540827393535
v -0.11699999932944775 0.05014230085536838 0.05612835539504886
v -0.11699999932944775 0.05192820316180587 0.05400000018998981
v -0.11699999932944775 0.05287846185266972 0.05138918543234468
v -0.11699999932944775 0.05287846185266972 0.04861081456765533
v -0.11699999932944775 0.05192820316180587 0.0459999998100102
v -0.11699999932944775 0.05014230085536838 0.043871644604951146
v -0.11699999932944775 0.04773616123013199 0.04248245917260647
v -0.11699999932944775 0.045000000000000005 0.04199999962002039
v -0.11699999932944775 0.04226383876986802 0.04248245917260647
v -0.11699999932944775 0.03985769914463163 0.043871644604951146
v -0.11699999932944775 0.03807179683819414 0.0459999998100102
v -0.11699999932944775 0.03712153814733029 0.04861081456765533
v -0.11699999932944775 0.03712153814733029 0.05138918543234468
v -0.11699999932944775 0.03807179683819414 0.05400000018998981
v -0.11699999932944775 0.03985769914463163 0.05612835539504886
v -0.11699999932944775 0.04226383876986802 0.057517540827393535
v -0.11699999932944775 0.045000000000000005 0.05800000037997961
v -0.05700000067055226 0.04499999999999999 0.05
v -0.05700000067055226 0.04499999999999999 0.05
v -0.05700000067055226 0.04499999999999999 0.05
v -0.05700000067055226 0.04499999999999999 0.05
v -0.05700000067055226 0.04499999999999999 0.05
v -0.05700000067055226 0.04499999999999999 0.05
v -0.05700000067055226 0.04499999999999999 0.05
v -0.05700000067055226 0.04499999999999999 0.05
v -0.05700000067055226 0.04499999999999999 0.05
v -0.05700000067055226 0.04499999999999999 0.05
v -0.05700000067055226 0.04499999999999999 0.05
v -0.05700000067055226 0.04499999999999999 0.05
v -0.05700000067055226 0.04499999999999999 0.05
v -0.05700000067055226 0.04499999999999999 0.05
v -0.05700000067055226 0.04499999999999999 0.05
v -0.05700000067055226 0.04499999999999999 0.05
v -0.05700000067055226 0.04499999999999999 0.05
v -0.05700000067055226 0.04499999999999999 0.05
v -0.05700000067055226 0.04499999999999999 0.05800000037997961
v -0.05700000067055226 0.047736161230131975 0.057517540827393535
v -0.05700000067055226 0.05014230085536837 0.05612835539504886
v -0.05700000067055226 0.05192820316180586 0.05400000018998981
v -0.05700000067055226 0.05287846185266971 0.05138918543234468
v -0.05700000067055226 0.05287846185266971 0.04861081456765533
v -0.05700000067055226 0.05192820316180586 0.0459999998100102
v -0.05700000067055226 0.05014230085536837 0.043871644604951146
v -0.05700000067055226 0.047736161230131975 0.04248245917260647
v -0.05700000067055226 0.04499999999999999 0.04199999962002039
v -0.05700000067055226 0.04226383876986801 0.04248245917260647
v -0.05700000067055226 0.039857699144631616 0.043871644604951146
v -0.05700000067055226 0.03807179683819412 0.0459999998100102
v -0.05700000067055226 0.037121538147330276 0.04861081456765533
v -0.05700000067055226 0.037121538147330276 0.05138918543234468
v -0.05700000067055226 0.03807179683819412 0.05400000018998981
v -0.05700000067055226 0.039857699144631616 0.05612835539504886
v -0.05700000067055226 0.04226383876986801 0.057517540827393535
v -0.05700000067055226 0.04499999999999999 0.05800000037997961
vt 0 1
vt 0.0555555559694767 1
vt 0.1111111119389534 1
vt 0.1666666716337204 1
vt 0.2222222238779068 1
vt 0.2777777910232544 1
vt 0.3333333432674408 1
vt 0.3888888955116272 1
vt 0.4444444477558136 1
vt 0.5 1
vt 0.5555555820465088 1
vt 0.6111111044883728 1
vt 0.6666666865348816 1
vt 0.7222222089767456 1
vt 0.7777777910232544 1
vt 0.8333333134651184 1
vt 0.8888888955116272 1
vt 0.9444444179534912 1
vt 1 1
vt 0 0
vt 0.0555555559694767 0
vt 0.1111111119389534 0
vt 0.1666666716337204 0
vt 0.2222222238779068 0
vt 0.2777777910232544 0
vt 0.3333333432674408 0
vt 0.3888888955116272 0
vt 0.4444444477558136 0
vt 0.5 0
vt 0.5555555820465088 0
vt 0.6111111044883728 0
vt 0.6666666865348816 0
vt 0.7222222089767456 0
vt 0.7777777910232544 0
vt 0.8333333134651184 0
vt 0.8888888955116272 0
vt 0.9444444179534912 0
vt 1 0
vt 0.5 0.5
vt 0.5 0.5
vt 0.5 0.5
vt 0.5 0.5
vt 0.5 0.5
vt 0.5 0.5
vt 0.5 0.5
vt 0.5 0.5
vt 0.5 0.5
vt 0.5 0.5
vt 0.5 0.5
vt 0.5 0.5
vt 0.5 0.5
vt 0.5 0.5
vt 0.5 0.5
vt 0.5 0.5
vt 0.5 0.5
vt 0.5 0.5
vt 1 0.5
vt 0.9698463082313538 0.6710100769996643
vt 0.8830222487449646 0.8213937878608704
vt 0.75 0.9330127239227295
vt 0.5868240594863892 0.9924038648605347
vt 0.41317591071128845 0.9924038648605347
vt 0.25 0.9330127239227295
vt 0.11697778105735779 0.8213937878608704
vt 0.03015368990600109 0.6710100769996643
vt 0 0.5
vt 0.03015368990600109 0.3289899230003357
vt 0.11697778105735779 0.17860619723796844
vt 0.25 0.0669872984290123
vt 0.41317591071128845 0.007596123497933149
vt 0.5868240594863892 0.007596123497933149
vt 0.75 0.0669872984290123
vt 0.8830222487449646 0.17860619723796844
vt 0.9698463082313538 0.3289899230003357
vt 1 0.5
vt 0.5 0.5
vt 0.5 0.5
vt 0.5 0.5
vt 0.5 0.5
vt 0.5 0.5
vt 0.5 0.5
vt 0.5 0.5
vt 0.5 0.5
vt 0.5 0.5
vt 0.5 0.5
vt 0.5 0.5
vt 0.5 0.5
vt 0.5 0.5
vt 0.5 0.5
vt 0.5 0.5
vt 0.5 0.5
vt 0.5 0.5
vt 0.5 0.5
vt 1 0.5
vt 0.9698463082313538 0.3289899230003357
vt 0.8830222487449646 0.17860619723796844
vt 0.75 0.0669872984290123
vt 0.5868240594863892 0.007596123497933149
vt 0.41317591071128845 0.007596123497933149
vt 0.25 0.0669872984290123
vt 0.11697778105735779 0.17860619723796844
vt 0.03015368990600109 0.3289899230003357
vt 0 0.5
vt 0.03015368990600109 0.6710100769996643
vt 0.11697778105735779 0.8213937878608704
vt 0.25 0.9330127239227295
vt 0.41317591071128845 0.9924038648605347
vt 0.5868240594863892 0.9924038648605347
vt 0.75 0.9330127239227295
vt 0.8830222487449646 0.8213937878608704
vt 0.9698463082313538 0.6710100769996643
vt 1 0.5
vn 0 0 1
vn 7.594373000245847e-17 0.34202015414019754 0.9396926168497417
vn 1.4272752475668266e-16 0.6427876273097093 0.7660444283313822
vn 1.9229626777551189e-16 0.8660253998985324 0.5000000067305869
vn 2.1867124825418542e-16 0.9848077521541907 0.17364818253298778
vn 2.1867124825418542e-16 0.9848077521541907 -0.17364818253298778
vn 1.9229626777551189e-16 0.8660253998985324 -0.5000000067305869
vn 1.4272752475668266e-16 0.6427876273097093 -0.7660444283313822
vn 7.594373000245847e-17 0.34202015414019754 -0.9396926168497417
vn 2.7192622655495665e-32 1.2246468525851679e-16 -1
vn -7.594373000245847e-17 -0.34202015414019754 -0.9396926168497417
vn -1.4272752475668266e-16 -0.6427876273097093 -0.7660444283313822
vn -1.9229626777551189e-16 -0.8660253998985324 -0.5000000067305869
vn -2.1867124825418542e-16 -0.9848077521541907 -0.17364818253298778
vn -2.1867124825418542e-16 -0.9848077521541907 0.17364818253298778
vn -1.9229626777551189e-16 -0.8660253998985324 0.5000000067305869
vn -1.4272752475668266e-16 -0.6427876273097093 0.7660444283313822
vn -7.594373000245847e-17 -0.34202015414019754 0.9396926168497417
vn -5.438524531099133e-32 -2.4492937051703357e-16 1
vn 0 0 1
vn 7.594373000245847e-17 0.34202015414019754 0.9396926168497417
vn 1.4272752475668266e-16 0.6427876273097093 0.7660444283313822
vn 1.9229626777551189e-16 0.8660253998985324 0.5000000067305869
vn 2.1867124825418542e-16 0.9848077521541907 0.17364818253298778
vn 2.1867124825418542e-16 0.9848077521541907 -0.17364818253298778
vn 1.9229626777551189e-16 0.8660253998985324 -0.5000000067305869
vn 1.4272752475668266e-16 0.6427876273097093 -0.7660444283313822
vn 7.594373000245847e-17 0.34202015414019754 -0.9396926168497417
vn 2.7192622655495665e-32 1.2246468525851679e-16 -1
vn -7.594373000245847e-17 -0.34202015414019754 -0.9396926168497417
vn -1.4272752475668266e-16 -0.6427876273097093 -0.7660444283313822
vn -1.9229626777551189e-16 -0.8660253998985324 -0.5000000067305869
vn -2.1867124825418542e-16 -0.9848077521541907 -0.17364818253298778
vn -2.1867124825418542e-16 -0.9848077521541907 0.17364818253298778
vn -1.9229626777551189e-16 -0.8660253998985324 0.5000000067305869
vn -1.4272752475668266e-16 -0.6427876273097093 0.7660444283313822
vn -7.594373000245847e-17 -0.34202015414019754 0.9396926168497417
vn -5.438524531099133e-32 -2.4492937051703357e-16 1
vn -1 2.220446049250313e-16 0
vn -1 2.220446049250313e-16 0
vn -1 2.220446049250313e-16 0
vn -1 2.220446049250313e-16 0
vn -1 2.220446049250313e-16 0
vn -1 2.220446049250313e-16 0
vn -1 2.220446049250313e-16 0
vn -1 2.220446049250313e-16 0
vn -1 2.220446049250313e-16 0
vn -1 2.220446049250313e-16 0
vn -1 2.220446049250313e-16 0
vn -1 2.220446049250313e-16 0
vn -1 2.220446049250313e-16 0
vn -1 2.220446049250313e-16 0
vn -1 2.220446049250313e-16 0
vn -1 2.220446049250313e-16 0
vn -1 2.220446049250313e-16 0
vn -1 2.220446049250313e-16 0
vn -1 2.220446049250313e-16 0
vn -1 2.220446049250313e-16 0
vn -1 2.220446049250313e-16 0
vn -1 2.220446049250313e-16 0
vn -1 2.220446049250313e-16 0
vn -1 2.220446049250313e-16 0
vn -1 2.220446049250313e-16 0
vn -1 2.220446049250313e-16 0
vn -1 2.220446049250313e-16 0
vn -1 2.220446049250313e-16 0
vn -1 2.220446049250313e-16 0
vn -1 2.220446049250313e-16 0
vn -1 2.220446049250313e-16 0
vn -1 2.220446049250313e-16 0
vn -1 2.220446049250313e-16 0
vn -1 2.220446049250313e-16 0
vn -1 2.220446049250313e-16 0
vn -1 2.220446049250313e-16 0
vn -1 2.220446049250313e-16 0
vn 1 -2.220446049250313e-16 0
vn 1 -2.220446049250313e-16 0
vn 1 -2.220446049250313e-16 0
vn 1 -2.220446049250313e-16 0
vn 1 -2.220446049250313e-16 0
vn 1 -2.220446049250313e-16 0
vn 1 -2.220446049250313e-16 0
vn 1 -2.220446049250313e-16 0
vn 1 -2.220446049250313e-16 0
vn 1 -2.220446049250313e-16 0
vn 1 -2.220446049250313e-16 0
vn 1 -2.220446049250313e-16 0
vn 1 -2.220446049250313e-16 0
vn 1 -2.220446049250313e-16 0
vn 1 -2.220446049250313e-16 0
vn 1 -2.220446049250313e-16 0
vn 1 -2.220446049250313e-16 0
vn 1 -2.220446049250313e-16 0
vn 1 -2.220446049250313e-16 0
vn 1 -2.220446049250313e-16 0
vn 1 -2.220446049250313e-16 0
vn 1 -2.220446049250313e-16 0
vn 1 -2.220446049250313e-16 0
vn 1 -2.220446049250313e-16 0
vn 1 -2.220446049250313e-16 0
vn 1 -2.220446049250313e-16 0
vn 1 -2.220446049250313e-16 0
vn 1 -2.220446049250313e-16 0
vn 1 -2.220446049250313e-16 0
vn 1 -2.220446049250313e-16 0
vn 1 -2.220446049250313e-16 0
vn 1 -2.220446049250313e-16 0
vn 1 -2.220446049250313e-16 0
vn 1 -2.220446049250313e-16 0
vn 1 -2.220446049250313e-16 0
vn 1 -2.220446049250313e-16 0
vn 1 -2.220446049250313e-16 0
f 2637/2637/2637 2656/2656/2656 2638/2638/2638
f 2656/2656/2656 2657/2657/2657 2638/2638/2638
f 2638/2638/2638 2657/2657/2657 2639/2639/2639
f 2657/2657/2657 2658/2658/2658 2639/2639/2639
f 2639/2639/2639 2658/2658/2658 2640/2640/2640
f 2658/2658/2658 2659/2659/2659 2640/2640/2640
f 2640/2640/2640 2659/2659/2659 2641/2641/2641
f 2659/2659/2659 2660/2660/2660 2641/2641/2641
f 2641/2641/2641 2660/2660/2660 2642/2642/2642
f 2660/2660/2660 2661/2661/2661 2642/2642/2642
f 2642/2642/2642 2661/2661/2661 2643/2643/2643
f 2661/2661/2661 2662/2662/2662 2643/2643/2643
f 2643/2643/2643 2662/2662/2662 2644/2644/2644
f 2662/2662/2662 2663/2663/2663 2644/2644/2644
f 2644/2644/2644 2663/2663/2663 2645/2645/2645
f 2663/2663/2663 2664/2664/2664 2645/2645/2645
f 2645/2645/2645 2664/2664/2664 2646/2646/2646
f 2664/2664/2664 2665/2665/2665 2646/2646/2646
f 2646/2646/2646 2665/2665/2665 2647/2647/2647
f 2665/2665/2665 2666/2666/2666 2647/2647/2647
f 2647/2647/2647 2666/2666/2666 2648/2648/2648
f 2666/2666/2666 2667/2667/2667 2648/2648/2648
f 2648/2648/2648 2667/2667/2667 2649/2649/2649
f 2667/2667/2667 2668/2668/2668 2649/2649/2649
f 2649/2649/2649 2668/2668/2668 2650/2650/2650
f 2668/2668/2668 2669/2669/2669 2650/2650/2650
f 2650/2650/2650 2669/2669/2669 2651/2651/2651
f 2669/2669/2669 2670/2670/2670 2651/2651/2651
f 2651/2651/2651 2670/2670/2670 2652/2652/2652
f 2670/2670/2670 2671/2671/2671 2652/2652/2652
f 2652/2652/2652 2671/2671/2671 2653/2653/2653
f 2671/2671/2671 2672/2672/2672 2653/2653/2653
f 2653/2653/2653 2672/2672/2672 2654/2654/2654
f 2672/2672/2672 2673/2673/2673 2654/2654/2654
f 2654/2654/2654 2673/2673/2673 2655/2655/2655
f 2673/2673/2673 2674/2674/2674 2655/2655/2655
f 2693/2693/2693 2694/2694/2694 2675/2675/2675
f 2694/2694/2694 2695/2695/2695 2676/2676/2676
f 2695/2695/2695 2696/2696/2696 2677/2677/2677
f 2696/2696/2696 2697/2697/2697 2678/2678/2678
f 2697/2697/2697 2698/2698/2698 2679/2679/2679
f 2698/2698/2698 2699/2699/2699 2680/2680/2680
f 2699/2699/2699 2700/2700/2700 2681/2681/2681
f 2700/2700/2700 2701/2701/2701 2682/2682/2682
f 2701/2701/2701 2702/2702/2702 2683/2683/2683
f 2702/2702/2702 2703/2703/2703 2684/2684/2684
f 2703/2703/2703 2704/2704/2704 2685/2685/2685
f 2704/2704/2704 2705/2705/2705 2686/2686/2686
f 2705/2705/2705 2706/2706/2706 2687/2687/2687
f 2706/2706/2706 2707/2707/2707 2688/2688/2688
f 2707/2707/2707 2708/2708/2708 2689/2689/2689
f 2708/2708/2708 2709/2709/2709 2690/2690/2690
f 2709/2709/2709 2710/2710/2710 2691/2691/2691
f 2710/2710/2710 2711/2711/2711 2692/2692/2692
f 2731/2731/2731 2730/2730/2730 2712/2712/2712
f 2732/2732/2732 2731/2731/2731 2713/2713/2713
f 2733/2733/2733 2732/2732/2732 2714/2714/2714
f 2734/2734/2734 2733/2733/2733 2715/2715/2715
f 2735/2735/2735 2734/2734/2734 2716/2716/2716
f 2736/2736/2736 2735/2735/2735 2717/2717/2717
f 2737/2737/2737 2736/2736/2736 2718/2718/2718
f 2738/2738/2738 2737/2737/2737 2719/2719/2719
f 2739/2739/2739 2738/2738/2738 2720/2720/2720
f 2740/2740/2740 2739/2739/2739 2721/2721/2721
f 2741/2741/2741 2740/2740/2740 2722/2722/2722
f 2742/2742/2742 2741/2741/2741 2723/2723/2723
f 2743/2743/2743 2742/2742/2742 2724/2724/2724
f 2744/2744/2744 2743/2743/2743 2725/2725/2725
f 2745/2745/2745 2744/2744/2744 2726/2726/2726
f 2746/2746/2746 2745/2745/2745 2727/2727/2727
f 2747/2747/2747 2746/2746/2746 2728/2728/2728
f 2748/2748/2748 2747/2747/2747 2729/2729/2729
o brake_damper_mount
usemtl steel_bracket
v 0.023000000268220896 0.06599999932944775 0.07749999985098839
v 0.023000000268220896 0.06599999932944775 0.022500000149011615
v 0.023000000268220896 0.006000000670552251 0.07749999985098839
v 0.023000000268220896 0.006000000670552251 0.022500000149011615
v -0.0030000002682209065 0.06599999932944775 0.022500000149011615
v -0.0030000002682209065 0.06599999932944775 0.07749999985098839
v -0.0030000002682209065 0.006000000670552251 0.022500000149011615
v -0.0030000002682209065 0.006000000670552251 0.07749999985098839
v -0.0030000002682209065 0.06599999932944775 0.022500000149011615
v 0.023000000268220896 0.06599999932944775 0.022500000149011615
v -0.0030000002682209065 0.06599999932944775 0.07749999985098839
v 0.023000000268220896 0.06599999932944775 0.07749999985098839
v -0.0030000002682209065 0.006000000670552251 0.07749999985098839
v 0.023000000268220896 0.006000000670552251 0.07749999985098839
v -0.0030000002682209065 0.006000000670552251 0.022500000149011615
v 0.023000000268220896 0.006000000670552251 0.022500000149011615
v -0.0030000002682209065 0.06599999932944775 0.07749999985098839
v 0.023000000268220896 0.06599999932944775 0.07749999985098839
v -0.0030000002682209065 0.006000000670552251 0.07749999985098839
v 0.023000000268220896 0.006000000670552251 0.07749999985098839
v 0.023000000268220896 0.06599999932944775 0.022500000149011615
v -0.0030000002682209065 0.06599999932944775 0.022500000149011615
v 0.023000000268220896 0.006000000670552251 0.022500000149011615
v -0.0030000002682209065 0.006000000670552251 0.022500000149011615
vt 0 1
vt 1 1
vt 0 0
vt 1 0
vt 0 1
vt 1 1
vt 0 0
vt 1 0
vt 0 1
vt 1 1
vt 0 0
vt 1 0
vt 0 1
vt 1 1
vt 0 0
vt 1 0
vt 0 1
vt 1 1
vt 0 0
vt 1 0
vt 0 1
vt 1 1
vt 0 0
vt 1 0
vn 1 0 0
vn 1 0 0
vn 1 0 0
vn 1 0 0
vn -1 0 0
vn -1 0 0
vn -1 0 0
vn -1 0 0
vn 0 1 0
vn 0 1 0
vn 0 1 0
vn 0 1 0
vn 0 -1 0
vn 0 -1 0
vn 0 -1 0
vn 0 -1 0
vn 0 0 1
vn 0 0 1
vn 0 0 1
vn 0 0 1
vn 0 0 -1
vn 0 0 -1
vn 0 0 -1
vn 0 0 -1
f 2749/2749/2749 2751/2751/2751 2750/2750/2750
f 2751/2751/2751 2752/2752/2752 2750/2750/2750
f 2753/2753/2753 2755/2755/2755 2754/2754/2754
f 2755/2755/2755 2756/2756/2756 2754/2754/2754
f 2757/2757/2757 2759/2759/2759 2758/2758/2758
f 2759/2759/2759 2760/2760/2760 2758/2758/2758
f 2761/2761/2761 2763/2763/2763 2762/2762/2762
f 2763/2763/2763 2764/2764/2764 2762/2762/2762
f 2765/2765/2765 2767/2767/2767 2766/2766/2766
f 2767/2767/2767 2768/2768/2768 2766/2766/2766
f 2769/2769/2769 2771/2771/2771 2770/2770/2770
f 2771/2771/2771 2772/2772/2772 2770/2770/2770
o throttle_hinge_bracket_l
usemtl steel_bracket
v 0.08900000005215407 0.0654999998509884 0.08000000037252902
v 0.08900000005215407 0.0654999998509884 0.02999999962747097
v 0.08900000005215407 0.010500000149011611 0.08000000037252902
v 0.08900000005215407 0.010500000149011611 0.02999999962747097
v 0.07699999994784594 0.0654999998509884 0.02999999962747097
v 0.07699999994784594 0.0654999998509884 0.08000000037252902
v 0.07699999994784594 0.010500000149011611 0.02999999962747097
v 0.07699999994784594 0.010500000149011611 0.08000000037252902
v 0.07699999994784594 0.0654999998509884 0.02999999962747097
v 0.08900000005215407 0.0654999998509884 0.02999999962747097
v 0.07699999994784594 0.0654999998509884 0.08000000037252902
v 0.08900000005215407 0.0654999998509884 0.08000000037252902
v 0.07699999994784594 0.010500000149011611 0.08000000037252902
v 0.08900000005215407 0.010500000149011611 0.08000000037252902
v 0.07699999994784594 0.010500000149011611 0.02999999962747097
v 0.08900000005215407 0.010500000149011611 0.02999999962747097
v 0.07699999994784594 0.0654999998509884 0.08000000037252902
v 0.08900000005215407 0.0654999998509884 0.08000000037252902
v 0.07699999994784594 0.010500000149011611 0.08000000037252902
v 0.08900000005215407 0.010500000149011611 0.08000000037252902
v 0.08900000005215407 0.0654999998509884 0.02999999962747097
v 0.07699999994784594 0.0654999998509884 0.02999999962747097
v 0.08900000005215407 0.010500000149011611 0.02999999962747097
v 0.07699999994784594 0.010500000149011611 0.02999999962747097
vt 0 1
vt 1 1
vt 0 0
vt 1 0
vt 0 1
vt 1 1
vt 0 0
vt 1 0
vt 0 1
vt 1 1
vt 0 0
vt 1 0
vt 0 1
vt 1 1
vt 0 0
vt 1 0
vt 0 1
vt 1 1
vt 0 0
vt 1 0
vt 0 1
vt 1 1
vt 0 0
vt 1 0
vn 1 0 0
vn 1 0 0
vn 1 0 0
vn 1 0 0
vn -1 0 0
vn -1 0 0
vn -1 0 0
vn -1 0 0
vn 0 1 0
vn 0 1 0
vn 0 1 0
vn 0 1 0
vn 0 -1 0
vn 0 -1 0
vn 0 -1 0
vn 0 -1 0
vn 0 0 1
vn 0 0 1
vn 0 0 1
vn 0 0 1
vn 0 0 -1
vn 0 0 -1
vn 0 0 -1
vn 0 0 -1
f 2773/2773/2773 2775/2775/2775 2774/2774/2774
f 2775/2775/2775 2776/2776/2776 2774/2774/2774
f 2777/2777/2777 2779/2779/2779 2778/2778/2778
f 2779/2779/2779 2780/2780/2780 2778/2778/2778
f 2781/2781/2781 2783/2783/2783 2782/2782/2782
f 2783/2783/2783 2784/2784/2784 2782/2782/2782
f 2785/2785/2785 2787/2787/2787 2786/2786/2786
f 2787/2787/2787 2788/2788/2788 2786/2786/2786
f 2789/2789/2789 2791/2791/2791 2790/2790/2790
f 2791/2791/2791 2792/2792/2792 2790/2790/2790
f 2793/2793/2793 2795/2795/2795 2794/2794/2794
f 2795/2795/2795 2796/2796/2796 2794/2794/2794
o throttle_hinge_bracket_r
usemtl steel_bracket
v 0.15300000005215408 0.0654999998509884 0.08000000037252902
v 0.15300000005215408 0.0654999998509884 0.02999999962747097
v 0.15300000005215408 0.010500000149011611 0.08000000037252902
v 0.15300000005215408 0.010500000149011611 0.02999999962747097
v 0.14099999994784596 0.0654999998509884 0.02999999962747097
v 0.14099999994784596 0.0654999998509884 0.08000000037252902
v 0.14099999994784596 0.010500000149011611 0.02999999962747097
v 0.14099999994784596 0.010500000149011611 0.08000000037252902
v 0.14099999994784596 0.0654999998509884 0.02999999962747097
v 0.15300000005215408 0.0654999998509884 0.02999999962747097
v 0.14099999994784596 0.0654999998509884 0.08000000037252902
v 0.15300000005215408 0.0654999998509884 0.08000000037252902
v 0.14099999994784596 0.010500000149011611 0.08000000037252902
v 0.15300000005215408 0.010500000149011611 0.08000000037252902
v 0.14099999994784596 0.010500000149011611 0.02999999962747097
v 0.15300000005215408 0.010500000149011611 0.02999999962747097
v 0.14099999994784596 0.0654999998509884 0.08000000037252902
v 0.15300000005215408 0.0654999998509884 0.08000000037252902
v 0.14099999994784596 0.010500000149011611 0.08000000037252902
v 0.15300000005215408 0.010500000149011611 0.08000000037252902
v 0.15300000005215408 0.0654999998509884 0.02999999962747097
v 0.14099999994784596 0.0654999998509884 0.02999999962747097
v 0.15300000005215408 0.010500000149011611 0.02999999962747097
v 0.14099999994784596 0.010500000149011611 0.02999999962747097
vt 0 1
vt 1 1
vt 0 0
vt 1 0
vt 0 1
vt 1 1
vt 0 0
vt 1 0
vt 0 1
vt 1 1
vt 0 0
vt 1 0
vt 0 1
vt 1 1
vt 0 0
vt 1 0
vt 0 1
vt 1 1
vt 0 0
vt 1 0
vt 0 1
vt 1 1
vt 0 0
vt 1 0
vn 1 0 0
vn 1 0 0
vn 1 0 0
vn 1 0 0
vn -1 0 0
vn -1 0 0
vn -1 0 0
vn -1 0 0
vn 0 1 0
vn 0 1 0
vn 0 1 0
vn 0 1 0
vn 0 -1 0
vn 0 -1 0
vn 0 -1 0
vn 0 -1 0
vn 0 0 1
vn 0 0 1
vn 0 0 1
vn 0 0 1
vn 0 0 -1
vn 0 0 -1
vn 0 0 -1
vn 0 0 -1
f 2797/2797/2797 2799/2799/2799 2798/2798/2798
f 2799/2799/2799 2800/2800/2800 2798/2798/2798
f 2801/2801/2801 2803/2803/2803 2802/2802/2802
f 2803/2803/2803 2804/2804/2804 2802/2802/2802
f 2805/2805/2805 2807/2807/2807 2806/2806/2806
f 2807/2807/2807 2808/2808/2808 2806/2806/2806
f 2809/2809/2809 2811/2811/2811 2810/2810/2810
f 2811/2811/2811 2812/2812/2812 2810/2810/2810
f 2813/2813/2813 2815/2815/2815 2814/2814/2814
f 2815/2815/2815 2816/2816/2816 2814/2814/2814
f 2817/2817/2817 2819/2819/2819 2818/2818/2818
f 2819/2819/2819 2820/2820/2820 2818/2818/2818
o throttle_hinge_pin
usemtl bolt_steel
v 0.06999999821186066 0.05500000000000001 0.0630000003799796
v 0.06999999821186066 0.057472135936841376 0.0626084523461759
v 0.06999999821186066 0.05970228213816882 0.06147213589400053
v 0.06999999821186066 0.06147213589400054 0.05970228213816881
v 0.06999999821186066 0.06260845234617592 0.05747213593684137
v 0.06999999821186066 0.06300000037997962 0.055
v 0.06999999821186066 0.06260845234617592 0.05252786406315863
v 0.06999999821186066 0.06147213589400054 0.05029771786183119
v 0.06999999821186066 0.05970228213816882 0.04852786410599947
v 0.06999999821186066 0.057472135936841376 0.04739154765382409
v 0.06999999821186066 0.055000000000000014 0.04699999962002039
v 0.06999999821186066 0.05252786406315864 0.04739154765382409
v 0.06999999821186066 0.050297717861831195 0.04852786410599947
v 0.06999999821186066 0.04852786410599948 0.05029771786183119
v 0.06999999821186066 0.0473915476538241 0.05252786406315863
v 0.06999999821186066 0.0469999996200204 0.055
v 0.06999999821186066 0.0473915476538241 0.05747213593684137
v 0.06999999821186066 0.04852786410599948 0.05970228213816881
v 0.06999999821186066 0.050297717861831195 0.06147213589400053
v 0.06999999821186066 0.05252786406315864 0.0626084523461759
v 0.06999999821186066 0.05500000000000001 0.0630000003799796
v 0.16000000178813933 0.05499999999999999 0.0630000003799796
v 0.16000000178813933 0.05747213593684136 0.0626084523461759
v 0.16000000178813933 0.059702282138168805 0.06147213589400053
v 0.16000000178813933 0.061472135894000524 0.05970228213816881
v 0.16000000178813933 0.0626084523461759 0.05747213593684137
v 0.16000000178813933 0.0630000003799796 0.055
v 0.16000000178813933 0.0626084523461759 0.05252786406315863
v 0.16000000178813933 0.061472135894000524 0.05029771786183119
v 0.16000000178813933 0.059702282138168805 0.04852786410599947
v 0.16000000178813933 0.05747213593684136 0.04739154765382409
v 0.16000000178813933 0.05499999999999999 0.04699999962002039
v 0.16000000178813933 0.052527864063158625 0.04739154765382409
v 0.16000000178813933 0.05029771786183118 0.04852786410599947
v 0.16000000178813933 0.04852786410599946 0.05029771786183119
v 0.16000000178813933 0.047391547653824084 0.05252786406315863
v 0.16000000178813933 0.04699999962002038 0.055
v 0.16000000178813933 0.047391547653824084 0.05747213593684137
v 0.16000000178813933 0.04852786410599946 0.05970228213816881
v 0.16000000178813933 0.05029771786183118 0.06147213589400053
v 0.16000000178813933 0.052527864063158625 0.0626084523461759
v 0.16000000178813933 0.054999999999999986 0.0630000003799796
v 0.06999999821186066 0.05500000000000001 0.055
v 0.06999999821186066 0.05500000000000001 0.055
v 0.06999999821186066 0.05500000000000001 0.055
v 0.06999999821186066 0.05500000000000001 0.055
v 0.06999999821186066 0.05500000000000001 0.055
v 0.06999999821186066 0.05500000000000001 0.055
v 0.06999999821186066 0.05500000000000001 0.055
v 0.06999999821186066 0.05500000000000001 0.055
v 0.06999999821186066 0.05500000000000001 0.055
v 0.06999999821186066 0.05500000000000001 0.055
v 0.06999999821186066 0.05500000000000001 0.055
v 0.06999999821186066 0.05500000000000001 0.055
v 0.06999999821186066 0.05500000000000001 0.055
v 0.06999999821186066 0.05500000000000001 0.055
v 0.06999999821186066 0.05500000000000001 0.055
v 0.06999999821186066 0.05500000000000001 0.055
v 0.06999999821186066 0.05500000000000001 0.055
v 0.06999999821186066 0.05500000000000001 0.055
v 0.06999999821186066 0.05500000000000001 0.055
v 0.06999999821186066 0.05500000000000001 0.055
v 0.06999999821186066 0.05500000000000001 0.0630000003799796
v 0.06999999821186066 0.057472135936841376 0.0626084523461759
v 0.06999999821186066 0.05970228213816882 0.06147213589400053
v 0.06999999821186066 0.06147213589400054 0.05970228213816881
v 0.06999999821186066 0.06260845234617592 0.05747213593684137
v 0.06999999821186066 0.06300000037997962 0.055
v 0.06999999821186066 0.06260845234617592 0.05252786406315863
v 0.06999999821186066 0.06147213589400054 0.05029771786183119
v 0.06999999821186066 0.05970228213816882 0.04852786410599947
v 0.06999999821186066 0.057472135936841376 0.04739154765382409
v 0.06999999821186066 0.055000000000000014 0.04699999962002039
v 0.06999999821186066 0.05252786406315864 0.04739154765382409
v 0.06999999821186066 0.050297717861831195 0.04852786410599947
v 0.06999999821186066 0.04852786410599948 0.05029771786183119
v 0.06999999821186066 0.0473915476538241 0.05252786406315863
v 0.06999999821186066 0.0469999996200204 0.055
v 0.06999999821186066 0.0473915476538241 0.05747213593684137
v 0.06999999821186066 0.04852786410599948 0.05970228213816881
v 0.06999999821186066 0.050297717861831195 0.06147213589400053
v 0.06999999821186066 0.05252786406315864 0.0626084523461759
v 0.06999999821186066 0.05500000000000001 0.0630000003799796
v 0.16000000178813933 0.05499999999999999 0.055
v 0.16000000178813933 0.05499999999999999 0.055
v 0.16000000178813933 0.05499999999999999 0.055
v 0.16000000178813933 0.05499999999999999 0.055
v 0.16000000178813933 0.05499999999999999 0.055
v 0.16000000178813933 0.05499999999999999 0.055
v 0.16000000178813933 0.05499999999999999 0.055
v 0.16000000178813933 0.05499999999999999 0.055
v 0.16000000178813933 0.05499999999999999 0.055
v 0.16000000178813933 0.05499999999999999 0.055
v 0.16000000178813933 0.05499999999999999 0.055
v 0.16000000178813933 0.05499999999999999 0.055
v 0.16000000178813933 0.05499999999999999 0.055
v 0.16000000178813933 0.05499999999999999 0.055
v 0.16000000178813933 0.05499999999999999 0.055
v 0.16000000178813933 0.05499999999999999 0.055
v 0.16000000178813933 0.05499999999999999 0.055
v 0.16000000178813933 0.05499999999999999 0.055
v 0.16000000178813933 0.05499999999999999 0.055
v 0.16000000178813933 0.05499999999999999 0.055
v 0.16000000178813933 0.05499999999999999 0.0630000003799796
v 0.16000000178813933 0.05747213593684136 0.0626084523461759
v 0.16000000178813933 0.059702282138168805 0.06147213589400053
v 0.16000000178813933 0.061472135894000524 0.05970228213816881
v 0.16000000178813933 0.0626084523461759 0.05747213593684137
v 0.16000000178813933 0.0630000003799796 0.055
v 0.16000000178813933 0.0626084523461759 0.05252786406315863
v 0.16000000178813933 0.061472135894000524 0.05029771786183119
v 0.16000000178813933 0.059702282138168805 0.04852786410599947
v 0.16000000178813933 0.05747213593684136 0.04739154765382409
v 0.16000000178813933 0.05499999999999999 0.04699999962002039
v 0.16000000178813933 0.052527864063158625 0.04739154765382409
v 0.16000000178813933 0.05029771786183118 0.04852786410599947
v 0.16000000178813933 0.04852786410599946 0.05029771786183119
v 0.16000000178813933 0.047391547653824084 0.05252786406315863
v 0.16000000178813933 0.04699999962002038 0.055
v 0.16000000178813933 0.047391547653824084 0.05747213593684137
v 0.16000000178813933 0.04852786410599946 0.05970228213816881
v 0.16000000178813933 0.05029771786183118 0.06147213589400053
v 0.16000000178813933 0.052527864063158625 0.0626084523461759
v 0.16000000178813933 0.054999999999999986 0.0630000003799796
vt 0 1
vt 0.05000000074505806 1
vt 0.10000000149011612 1
vt 0.15000000596046448 1
vt 0.20000000298023224 1
vt 0.25 1
vt 0.30000001192092896 1
vt 0.3499999940395355 1
vt 0.4000000059604645 1
vt 0.44999998807907104 1
vt 0.5 1
vt 0.550000011920929 1
vt 0.6000000238418579 1
vt 0.6499999761581421 1
vt 0.699999988079071 1
vt 0.75 1
vt 0.800000011920929 1
vt 0.8500000238418579 1
vt 0.8999999761581421 1
vt 0.949999988079071 1
vt 1 1
vt 0 0
vt 0.05000000074505806 0
vt 0.10000000149011612 0
vt 0.15000000596046448 0
vt 0.20000000298023224 0
vt 0.25 0
vt 0.30000001192092896 0
vt 0.3499999940395355 0
vt 0.4000000059604645 0
vt 0.44999998807907104 0
vt 0.5 0
vt 0.550000011920929 0
vt 0.6000000238418579 0
vt 0.6499999761581421 0
vt 0.699999988079071 0
vt 0.75 0
vt 0.800000011920929 0
vt 0.8500000238418579 0
vt 0.8999999761581421 0
vt 0.949999988079071 0
vt 1 0
vt 0.5 0.5
vt 0.5 0.5
vt 0.5 0.5
vt 0.5 0.5
vt 0.5 0.5
vt 0.5 0.5
vt 0.5 0.5
vt 0.5 0.5
vt 0.5 0.5
vt 0.5 0.5
vt 0.5 0.5
vt 0.5 0.5
vt 0.5 0.5
vt 0.5 0.5
vt 0.5 0.5
vt 0.5 0.5
vt 0.5 0.5
vt 0.5 0.5
vt 0.5 0.5
vt 0.5 0.5
vt 1 0.5
vt 0.9755282402038574 0.6545084714889526
vt 0.9045084714889526 0.7938926219940186
vt 0.7938926219940186 0.9045084714889526
vt 0.6545084714889526 0.9755282402038574
vt 0.5 1
vt 0.345491498708725 0.9755282402038574
vt 0.20610737800598145 0.9045084714889526
vt 0.09549150615930557 0.7938926219940186
vt 0.024471741169691086 0.6545084714889526
vt 0 0.5
vt 0.024471741169691086 0.345491498708725
vt 0.09549150615930557 0.20610737800598145
vt 0.20610737800598145 0.09549150615930557
vt 0.345491498708725 0.024471741169691086
vt 0.5 0
vt 0.6545084714889526 0.024471741169691086
vt 0.7938926219940186 0.09549150615930557
vt 0.9045084714889526 0.20610737800598145
vt 0.9755282402038574 0.345491498708725
vt 1 0.5
vt 0.5 0.5
vt 0.5 0.5
vt 0.5 0.5
vt 0.5 0.5
vt 0.5 0.5
vt 0.5 0.5
vt 0.5 0.5
vt 0.5 0.5
vt 0.5 0.5
vt 0.5 0.5
vt 0.5 0.5
vt 0.5 0.5
vt 0.5 0.5
vt 0.5 0.5
vt 0.5 0.5
vt 0.5 0.5
vt 0.5 0.5
vt 0.5 0.5
vt 0.5 0.5
vt 0.5 0.5
vt 1 0.5
vt 0.9755282402038574 0.345491498708725
vt 0.9045084714889526 0.20610737800598145
vt 0.7938926219940186 0.09549150615930557
vt 0.6545084714889526 0.024471741169691086
vt 0.5 0
vt 0.345491498708725 0.024471741169691086
vt 0.20610737800598145 0.09549150615930557
vt 0.09549150615930557 0.20610737800598145
vt 0.024471741169691086 0.345491498708725
vt 0 0.5
vt 0.024471741169691086 0.6545084714889526
vt 0.09549150615930557 0.7938926219940186
vt 0.20610737800598145 0.9045084714889526
vt 0.345491498708725 0.9755282402038574
vt 0.5 1
vt 0.6545084714889526 0.9755282402038574
vt 0.7938926219940186 0.9045084714889526
vt 0.9045084714889526 0.7938926219940186
vt 0.9755282402038574 0.6545084714889526
vt 1 0.5
vn 0 0 1
vn 6.861555653181067e-17 0.3090169948284817 0.9510565161477913
vn 1.3051454205252937e-16 0.5877852429542022 0.8090170011595983
vn 1.796378604001166e-16 0.8090170011595983 0.5877852429542022
vn 2.1117696838941298e-16 0.9510565161477913 0.3090169948284817
vn 2.220446049250313e-16 1 6.123234262925839e-17
vn 2.1117696838941298e-16 0.9510565161477913 -0.3090169948284817
vn 1.796378604001166e-16 0.8090170011595983 -0.5877852429542022
vn 1.3051454205252937e-16 0.5877852429542022 -0.8090170011595983
vn 6.861555653181067e-17 0.3090169948284817 -0.9510565161477913
vn 2.7192622655495665e-32 1.2246468525851679e-16 -1
vn -6.861555653181067e-17 -0.3090169948284817 -0.9510565161477913
vn -1.3051454205252937e-16 -0.5877852429542022 -0.8090170011595983
vn -1.796378604001166e-16 -0.8090170011595983 -0.5877852429542022
vn -2.1117696838941298e-16 -0.9510565161477913 -0.3090169948284817
vn -2.220446049250313e-16 -1 -1.8369701465288538e-16
vn -2.1117696838941298e-16 -0.9510565161477913 0.3090169948284817
vn -1.796378604001166e-16 -0.8090170011595983 0.5877852429542022
vn -1.3051454205252937e-16 -0.5877852429542022 0.8090170011595983
vn -6.861555653181067e-17 -0.3090169948284817 0.9510565161477913
vn -5.438524531099133e-32 -2.4492937051703357e-16 1
vn 0 0 1
vn 6.861555653181067e-17 0.3090169948284817 0.9510565161477913
vn 1.3051454205252937e-16 0.5877852429542022 0.8090170011595983
vn 1.796378604001166e-16 0.8090170011595983 0.5877852429542022
vn 2.1117696838941298e-16 0.9510565161477913 0.3090169948284817
vn 2.220446049250313e-16 1 6.123234262925839e-17
vn 2.1117696838941298e-16 0.9510565161477913 -0.3090169948284817
vn 1.796378604001166e-16 0.8090170011595983 -0.5877852429542022
vn 1.3051454205252937e-16 0.5877852429542022 -0.8090170011595983
vn 6.861555653181067e-17 0.3090169948284817 -0.9510565161477913
vn 2.7192622655495665e-32 1.2246468525851679e-16 -1
vn -6.861555653181067e-17 -0.3090169948284817 -0.9510565161477913
vn -1.3051454205252937e-16 -0.5877852429542022 -0.8090170011595983
vn -1.796378604001166e-16 -0.8090170011595983 -0.5877852429542022
vn -2.1117696838941298e-16 -0.9510565161477913 -0.3090169948284817
vn -2.220446049250313e-16 -1 -1.8369701465288538e-16
vn -2.1117696838941298e-16 -0.9510565161477913 0.3090169948284817
vn -1.796378604001166e-16 -0.8090170011595983 0.5877852429542022
vn -1.3051454205252937e-16 -0.5877852429542022 0.8090170011595983
vn -6.861555653181067e-17 -0.3090169948284817 0.9510565161477913
vn -5.438524531099133e-32 -2.4492937051703357e-16 1
vn -1 2.220446049250313e-16 0
vn -1 2.220446049250313e-16 0
vn -1 2.220446049250313e-16 0
vn -1 2.220446049250313e-16 0
vn -1 2.220446049250313e-16 0
vn -1 2.220446049250313e-16 0
vn -1 2.220446049250313e-16 0
vn -1 2.220446049250313e-16 0
vn -1 2.220446049250313e-16 0
vn -1 2.220446049250313e-16 0
vn -1 2.220446049250313e-16 0
vn -1 2.220446049250313e-16 0
vn -1 2.220446049250313e-16 0
vn -1 2.220446049250313e-16 0
vn -1 2.220446049250313e-16 0
vn -1 2.220446049250313e-16 0
vn -1 2.220446049250313e-16 0
vn -1 2.220446049250313e-16 0
vn -1 2.220446049250313e-16 0
vn -1 2.220446049250313e-16 0
vn -1 2.220446049250313e-16 0
vn -1 2.220446049250313e-16 0
vn -1 2.220446049250313e-16 0
vn -1 2.220446049250313e-16 0
vn -1 2.220446049250313e-16 0
vn -1 2.220446049250313e-16 0
vn -1 2.220446049250313e-16 0
vn -1 2.220446049250313e-16 0
vn -1 2.220446049250313e-16 0
vn -1 2.220446049250313e-16 0
vn -1 2.220446049250313e-16 0
vn -1 2.220446049250313e-16 0
vn -1 2.220446049250313e-16 0
vn -1 2.220446049250313e-16 0
vn -1 2.220446049250313e-16 0
vn -1 2.220446049250313e-16 0
vn -1 2.220446049250313e-16 0
vn -1 2.220446049250313e-16 0
vn -1 2.220446049250313e-16 0
vn -1 2.220446049250313e-16 0
vn -1 2.220446049250313e-16 0
vn 1 -2.220446049250313e-16 0
vn 1 -2.220446049250313e-16 0
vn 1 -2.220446049250313e-16 0
vn 1 -2.220446049250313e-16 0
vn 1 -2.220446049250313e-16 0
vn 1 -2.220446049250313e-16 0
vn 1 -2.220446049250313e-16 0
vn 1 -2.220446049250313e-16 0
vn 1 -2.220446049250313e-16 0
vn 1 -2.220446049250313e-16 0
vn 1 -2.220446049250313e-16 0
vn 1 -2.220446049250313e-16 0
vn 1 -2.220446049250313e-16 0
vn 1 -2.220446049250313e-16 0
vn 1 -2.220446049250313e-16 0
vn 1 -2.220446049250313e-16 0
vn 1 -2.220446049250313e-16 0
vn 1 -2.220446049250313e-16 0
vn 1 -2.220446049250313e-16 0
vn 1 -2.220446049250313e-16 0
vn 1 -2.220446049250313e-16 0
vn 1 -2.220446049250313e-16 0
vn 1 -2.220446049250313e-16 0
vn 1 -2.220446049250313e-16 0
vn 1 -2.220446049250313e-16 0
vn 1 -2.220446049250313e-16 0
vn 1 -2.220446049250313e-16 0
vn 1 -2.220446049250313e-16 0
vn 1 -2.220446049250313e-16 0
vn 1 -2.220446049250313e-16 0
vn 1 -2.220446049250313e-16 0
vn 1 -2.220446049250313e-16 0
vn 1 -2.220446049250313e-16 0
vn 1 -2.220446049250313e-16 0
vn 1 -2.220446049250313e-16 0
vn 1 -2.220446049250313e-16 0
vn 1 -2.220446049250313e-16 0
vn 1 -2.220446049250313e-16 0
vn 1 -2.220446049250313e-16 0
vn 1 -2.220446049250313e-16 0
vn 1 -2.220446049250313e-16 0
f 2821/2821/2821 2842/2842/2842 2822/2822/2822
f 2842/2842/2842 2843/2843/2843 2822/2822/2822
f 2822/2822/2822 2843/2843/2843 2823/2823/2823
f 2843/2843/2843 2844/2844/2844 2823/2823/2823
f 2823/2823/2823 2844/2844/2844 2824/2824/2824
f 2844/2844/2844 2845/2845/2845 2824/2824/2824
f 2824/2824/2824 2845/2845/2845 2825/2825/2825
f 2845/2845/2845 2846/2846/2846 2825/2825/2825
f 2825/2825/2825 2846/2846/2846 2826/2826/2826
f 2846/2846/2846 2847/2847/2847 2826/2826/2826
f 2826/2826/2826 2847/2847/2847 2827/2827/2827
f 2847/2847/2847 2848/2848/2848 2827/2827/2827
f 2827/2827/2827 2848/2848/2848 2828/2828/2828
f 2848/2848/2848 2849/2849/2849 2828/2828/2828
f 2828/2828/2828 2849/2849/2849 2829/2829/2829
f 2849/2849/2849 2850/2850/2850 2829/2829/2829
f 2829/2829/2829 2850/2850/2850 2830/2830/2830
f 2850/2850/2850 2851/2851/2851 2830/2830/2830
f 2830/2830/2830 2851/2851/2851 2831/2831/2831
f 2851/2851/2851 2852/2852/2852 2831/2831/2831
f 2831/2831/2831 2852/2852/2852 2832/2832/2832
f 2852/2852/2852 2853/2853/2853 2832/2832/2832
f 2832/2832/2832 2853/2853/2853 2833/2833/2833
f 2853/2853/2853 2854/2854/2854 2833/2833/2833
f 2833/2833/2833 2854/2854/2854 2834/2834/2834
f 2854/2854/2854 2855/2855/2855 2834/2834/2834
f 2834/2834/2834 2855/2855/2855 2835/2835/2835
f 2855/2855/2855 2856/2856/2856 2835/2835/2835
f 2835/2835/2835 2856/2856/2856 2836/2836/2836
f 2856/2856/2856 2857/2857/2857 2836/2836/2836
f 2836/2836/2836 2857/2857/2857 2837/2837/2837
f 2857/2857/2857 2858/2858/2858 2837/2837/2837
f 2837/2837/2837 2858/2858/2858 2838/2838/2838
f 2858/2858/2858 2859/2859/2859 2838/2838/2838
f 2838/2838/2838 2859/2859/2859 2839/2839/2839
f 2859/2859/2859 2860/2860/2860 2839/2839/2839
f 2839/2839/2839 2860/2860/2860 2840/2840/2840
f 2860/2860/2860 2861/2861/2861 2840/2840/2840
f 2840/2840/2840 2861/2861/2861 2841/2841/2841
f 2861/2861/2861 2862/2862/2862 2841/2841/2841
f 2883/2883/2883 2884/2884/2884 2863/2863/2863
f 2884/2884/2884 2885/2885/2885 2864/2864/2864
f 2885/2885/2885 2886/2886/2886 2865/2865/2865
f 2886/2886/2886 2887/2887/2887 2866/2866/2866
f 2887/2887/2887 2888/2888/2888 2867/2867/2867
f 2888/2888/2888 2889/2889/2889 2868/2868/2868
f 2889/2889/2889 2890/2890/2890 2869/2869/2869
f 2890/2890/2890 2891/2891/2891 2870/2870/2870
f 2891/2891/2891 2892/2892/2892 2871/2871/2871
f 2892/2892/2892 2893/2893/2893 2872/2872/2872
f 2893/2893/2893 2894/2894/2894 2873/2873/2873
f 2894/2894/2894 2895/2895/2895 2874/2874/2874
f 2895/2895/2895 2896/2896/2896 2875/2875/2875
f 2896/2896/2896 2897/2897/2897 2876/2876/2876
f 2897/2897/2897 2898/2898/2898 2877/2877/2877
f 2898/2898/2898 2899/2899/2899 2878/2878/2878
f 2899/2899/2899 2900/2900/2900 2879/2879/2879
f 2900/2900/2900 2901/2901/2901 2880/2880/2880
f 2901/2901/2901 2902/2902/2902 2881/2881/2881
f 2902/2902/2902 2903/2903/2903 2882/2882/2882
f 2925/2925/2925 2924/2924/2924 2904/2904/2904
f 2926/2926/2926 2925/2925/2925 2905/2905/2905
f 2927/2927/2927 2926/2926/2926 2906/2906/2906
f 2928/2928/2928 2927/2927/2927 2907/2907/2907
f 2929/2929/2929 2928/2928/2928 2908/2908/2908
f 2930/2930/2930 2929/2929/2929 2909/2909/2909
f 2931/2931/2931 2930/2930/2930 2910/2910/2910
f 2932/2932/2932 2931/2931/2931 2911/2911/2911
f 2933/2933/2933 2932/2932/2932 2912/2912/2912
f 2934/2934/2934 2933/2933/2933 2913/2913/2913
f 2935/2935/2935 2934/2934/2934 2914/2914/2914
f 2936/2936/2936 2935/2935/2935 2915/2915/2915
f 2937/2937/2937 2936/2936/2936 2916/2916/2916
f 2938/2938/2938 2937/2937/2937 2917/2917/2917
f 2939/2939/2939 2938/2938/2938 2918/2918/2918
f 2940/2940/2940 2939/2939/2939 2919/2919/2919
f 2941/2941/2941 2940/2940/2940 2920/2920/2920
f 2942/2942/2942 2941/2941/2941 2921/2921/2921
f 2943/2943/2943 2942/2942/2942 2922/2922/2922
f 2944/2944/2944 2943/2943/2943 2923/2923/2923
o throttle_arm
usemtl black_plastic
v 0.13399999938905238 0.2519268557478868 0.06292172855389844
v 0.13399999938905238 0.2541595456882417 0.04707827186197246
v 0.13399999938905238 0.05388365355428576 0.035013105209180245
v 0.13399999938905238 0.05611634349464062 0.01916964851725427
v 0.09600000061094761 0.2541595456882417 0.04707827186197246
v 0.09600000061094761 0.2519268557478868 0.06292172855389844
v 0.09600000061094761 0.05611634349464062 0.01916964851725427
v 0.09600000061094761 0.05388365355428576 0.035013105209180245
v 0.09600000061094761 0.2541595456882417 0.04707827186197246
v 0.13399999938905238 0.2541595456882417 0.04707827186197246
v 0.09600000061094761 0.2519268557478868 0.06292172855389844
v 0.13399999938905238 0.2519268557478868 0.06292172855389844
v 0.09600000061094761 0.05388365355428576 0.035013105209180245
v 0.13399999938905238 0.05388365355428576 0.035013105209180245
v 0.09600000061094761 0.05611634349464062 0.01916964851725427
v 0.13399999938905238 0.05611634349464062 0.01916964851725427
v 0.09600000061094761 0.2519268557478868 0.06292172855389844
v 0.13399999938905238 0.2519268557478868 0.06292172855389844
v 0.09600000061094761 0.05388365355428576 0.035013105209180245
v 0.13399999938905238 0.05388365355428576 0.035013105209180245
v 0.13399999938905238 0.2541595456882417 0.04707827186197246
v 0.09600000061094761 0.2541595456882417 0.04707827186197246
v 0.13399999938905238 0.05611634349464062 0.01916964851725427
v 0.09600000061094761 0.05611634349464062 0.01916964851725427
vt 0 1
vt 1 1
vt 0 0
vt 1 0
vt 0 1
vt 1 1
vt 0 0
vt 1 0
vt 0 1
vt 1 1
vt 0 0
vt 1 0
vt 0 1
vt 1 1
vt 0 0
vt 1 0
vt 0 1
vt 1 1
vt 0 0
vt 1 0
vt 0 1
vt 1 1
vt 0 0
vt 1 0
vn 1 0 0
vn 1 0 0
vn 1 0 0
vn 1 0 0
vn -1 0 0
vn -1 0 0
vn -1 0 0
vn -1 0 0
vn 0 0.9902159962126371 0.1395431146442365
vn 0 0.9902159962126371 0.1395431146442365
vn 0 0.9902159962126371 0.1395431146442365
vn 0 0.9902159962126371 0.1395431146442365
vn 0 -0.9902159962126371 -0.1395431146442365
vn 0 -0.9902159962126371 -0.1395431146442365
vn 0 -0.9902159962126371 -0.1395431146442365
vn 0 -0.9902159962126371 -0.1395431146442365
vn 0 -0.1395431146442365 0.9902159962126371
vn 0 -0.1395431146442365 0.9902159962126371
vn 0 -0.1395431146442365 0.9902159962126371
vn 0 -0.1395431146442365 0.9902159962126371
vn 0 0.1395431146442365 -0.9902159962126371
vn 0 0.1395431146442365 -0.9902159962126371
vn 0 0.1395431146442365 -0.9902159962126371
vn 0 0.1395431146442365 -0.9902159962126371
f 2945/2945/2945 2947/2947/2947 2946/2946/2946
f 2947/2947/2947 2948/2948/2948 2946/2946/2946
f 2949/2949/2949 2951/2951/2951 2950/2950/2950
f 2951/2951/2951 2952/2952/2952 2950/2950/2950
f 2953/2953/2953 2955/2955/2955 2954/2954/2954
f 2955/2955/2955 2956/2956/2956 2954/2954/2954
f 2957/2957/2957 2959/2959/2959 2958/2958/2958
f 2959/2959/2959 2960/2960/2960 2958/2958/2958
f 2961/2961/2961 2963/2963/2963 2962/2962/2962
f 2963/2963/2963 2964/2964/2964 2962/2962/2962
f 2965/2965/2965 2967/2967/2967 2966/2966/2966
f 2967/2967/2967 2968/2968/2968 2966/2966/2966
o throttle_pad
usemtl brushed_alloy
v 0.1525000014901161 0.41865416191088695 0.03803355817385026
v 0.1525000014901161 0.42032867930117324 0.026150966116011046
v 0.1525000014901161 0.2057577191838816 0.008031788026294354
v 0.1525000014901161 0.20743223657416793 -0.0038508040315448668
v 0.07749999850988389 0.42032867930117324 0.026150966116011046
v 0.07749999850988389 0.41865416191088695 0.03803355817385026
v 0.07749999850988389 0.20743223657416793 -0.0038508040315448668
v 0.07749999850988389 0.2057577191838816 0.008031788026294354
v 0.07749999850988389 0.42032867930117324 0.026150966116011046
v 0.1525000014901161 0.42032867930117324 0.026150966116011046
v 0.07749999850988389 0.41865416191088695 0.03803355817385026
v 0.1525000014901161 0.41865416191088695 0.03803355817385026
v 0.07749999850988389 0.2057577191838816 0.008031788026294354
v 0.1525000014901161 0.2057577191838816 0.008031788026294354
v 0.07749999850988389 0.20743223657416793 -0.0038508040315448668
v 0.1525000014901161 0.20743223657416793 -0.0038508040315448668
v 0.07749999850988389 0.41865416191088695 0.03803355817385026
v 0.1525000014901161 0.41865416191088695 0.03803355817385026
v 0.07749999850988389 0.2057577191838816 0.008031788026294354
v 0.1525000014901161 0.2057577191838816 0.008031788026294354
v 0.1525000014901161 0.42032867930117324 0.026150966116011046
v 0.07749999850988389 0.42032867930117324 0.026150966116011046
v 0.1525000014901161 0.20743223657416793 -0.0038508040315448668
v 0.07749999850988389 0.20743223657416793 -0.0038508040315448668
vt 0 1
vt 1 1
vt 0 0
vt 1 0
vt 0 1
vt 1 1
vt 0 0
vt 1 0
vt 0 1
vt 1 1
vt 0 0
vt 1 0
vt 0 1
vt 1 1
vt 0 0
vt 1 0
vt 0 1
vt 1 1
vt 0 0
vt 1 0
vt 0 1
vt 1 1
vt 0 0
vt 1 0
vn 1 0 0
vn 1 0 0
vn 1 0 0
vn 1 0 0
vn -1 0 0
vn -1 0 0
vn -1 0 0
vn -1 0 0
vn 0 0.9902159962126371 0.1395431146442365
vn 0 0.9902159962126371 0.1395431146442365
vn 0 0.9902159962126371 0.1395431146442365
vn 0 0.9902159962126371 0.1395431146442365
vn 0 -0.9902159962126371 -0.1395431146442365
vn 0 -0.9902159962126371 -0.1395431146442365
vn 0 -0.9902159962126371 -0.1395431146442365
vn 0 -0.9902159962126371 -0.1395431146442365
vn 0 -0.1395431146442365 0.9902159962126371
vn 0 -0.1395431146442365 0.9902159962126371
vn 0 -0.1395431146442365 0.9902159962126371
vn 0 -0.1395431146442365 0.9902159962126371
vn 0 0.1395431146442365 -0.9902159962126371
vn 0 0.1395431146442365 -0.9902159962126371
vn 0 0.1395431146442365 -0.9902159962126371
vn 0 0.1395431146442365 -0.9902159962126371
f 2969/2969/2969 2971/2971/2971 2970/2970/2970
f 2971/2971/2971 2972/2972/2972 2970/2970/2970
f 2973/2973/2973 2975/2975/2975 2974/2974/2974
f 2975/2975/2975 2976/2976/2976 2974/2974/2974
f 2977/2977/2977 2979/2979/2979 2978/2978/2978
f 2979/2979/2979 2980/2980/2980 2978/2978/2978
f 2981/2981/2981 2983/2983/2983 2982/2982/2982
f 2983/2983/2983 2984/2984/2984 2982/2982/2982
f 2985/2985/2985 2987/2987/2987 2986/2986/2986
f 2987/2987/2987 2988/2988/2988 2986/2986/2986
f 2989/2989/2989 2991/2991/2991 2990/2990/2990
f 2991/2991/2991 2992/2992/2992 2990/2990/2990
o throttle_rib_0
usemtl brushed_alloy
v 0.09200000002607704 0.4067648599234855 0.027323512731205778
v 0.09200000002607704 0.40746257548111153 0.022372432860807853
v 0.09200000002607704 0.21862382300394334 0.000810321281497552
v 0.09200000002607704 0.21932153856156938 -0.004140758588900374
v 0.08599999997392298 0.40746257548111153 0.022372432860807853
v 0.08599999997392298 0.4067648599234855 0.027323512731205778
v 0.08599999997392298 0.21932153856156938 -0.004140758588900374
v 0.08599999997392298 0.21862382300394334 0.000810321281497552
v 0.08599999997392298 0.40746257548111153 0.022372432860807853
v 0.09200000002607704 0.40746257548111153 0.022372432860807853
v 0.08599999997392298 0.4067648599234855 0.027323512731205778
v 0.09200000002607704 0.4067648599234855 0.027323512731205778
v 0.08599999997392298 0.21862382300394334 0.000810321281497552
v 0.09200000002607704 0.21862382300394334 0.000810321281497552
v 0.08599999997392298 0.21932153856156938 -0.004140758588900374
v 0.09200000002607704 0.21932153856156938 -0.004140758588900374
v 0.08599999997392298 0.4067648599234855 0.027323512731205778
v 0.09200000002607704 0.4067648599234855 0.027323512731205778
v 0.08599999997392298 0.21862382300394334 0.000810321281497552
v 0.09200000002607704 0.21862382300394334 0.000810321281497552
v 0.09200000002607704 0.40746257548111153 0.022372432860807853
v 0.08599999997392298 0.40746257548111153 0.022372432860807853
v 0.09200000002607704 0.21932153856156938 -0.004140758588900374
v 0.08599999997392298 0.21932153856156938 -0.004140758588900374
vt 0 1
vt 1 1
vt 0 0
vt 1 0
vt 0 1
vt 1 1
vt 0 0
vt 1 0
vt 0 1
vt 1 1
vt 0 0
vt 1 0
vt 0 1
vt 1 1
vt 0 0
vt 1 0
vt 0 1
vt 1 1
vt 0 0
vt 1 0
vt 0 1
vt 1 1
vt 0 0
vt 1 0
vn 1 0 0
vn 1 0 0
vn 1 0 0
vn 1 0 0
vn -1 0 0
vn -1 0 0
vn -1 0 0
vn -1 0 0
vn 0 0.9902159962126371 0.1395431146442365
vn 0 0.9902159962126371 0.1395431146442365
vn 0 0.9902159962126371 0.1395431146442365
vn 0 0.9902159962126371 0.1395431146442365
vn 0 -0.9902159962126371 -0.1395431146442365
vn 0 -0.9902159962126371 -0.1395431146442365
vn 0 -0.9902159962126371 -0.1395431146442365
vn 0 -0.9902159962126371 -0.1395431146442365
vn 0 -0.1395431146442365 0.9902159962126371
vn 0 -0.1395431146442365 0.9902159962126371
vn 0 -0.1395431146442365 0.9902159962126371
vn 0 -0.1395431146442365 0.9902159962126371
vn 0 0.1395431146442365 -0.9902159962126371
vn 0 0.1395431146442365 -0.9902159962126371
vn 0 0.1395431146442365 -0.9902159962126371
vn 0 0.1395431146442365 -0.9902159962126371
f 2993/2993/2993 2995/2995/2995 2994/2994/2994
f 2995/2995/2995 2996/2996/2996 2994/2994/2994
f 2997/2997/2997 2999/2999/2999 2998/2998/2998
f 2999/2999/2999 3000/3000/3000 2998/2998/2998
f 3001/3001/3001 3003/3003/3003 3002/3002/3002
f 3003/3003/3003 3004/3004/3004 3002/3002/3002
f 3005/3005/3005 3007/3007/3007 3006/3006/3006
f 3007/3007/3007 3008/3008/3008 3006/3006/3006
f 3009/3009/3009 3011/3011/3011 3010/3010/3010
f 3011/3011/3011 3012/3012/3012 3010/3010/3010
f 3013/3013/3013 3015/3015/3015 3014/3014/3014
f 3015/3015/3015 3016/3016/3016 3014/3014/3014
o throttle_rib_1
usemtl brushed_alloy
v 0.10250000002607704 0.4067648599234855 0.027323512731205778
v 0.10250000002607704 0.40746257548111153 0.022372432860807853
v 0.10250000002607704 0.21862382300394334 0.000810321281497552
v 0.10250000002607704 0.21932153856156938 -0.004140758588900374
v 0.09649999997392297 0.40746257548111153 0.022372432860807853
v 0.09649999997392297 0.4067648599234855 0.027323512731205778
v 0.09649999997392297 0.21932153856156938 -0.004140758588900374
v 0.09649999997392297 0.21862382300394334 0.000810321281497552
v 0.09649999997392297 0.40746257548111153 0.022372432860807853
v 0.10250000002607704 0.40746257548111153 0.022372432860807853
v 0.09649999997392297 0.4067648599234855 0.027323512731205778
v 0.10250000002607704 0.4067648599234855 0.027323512731205778
v 0.09649999997392297 0.21862382300394334 0.000810321281497552
v 0.10250000002607704 0.21862382300394334 0.000810321281497552
v 0.09649999997392297 0.21932153856156938 -0.004140758588900374
v 0.10250000002607704 0.21932153856156938 -0.004140758588900374
v 0.09649999997392297 0.4067648599234855 0.027323512731205778
v 0.10250000002607704 0.4067648599234855 0.027323512731205778
v 0.09649999997392297 0.21862382300394334 0.000810321281497552
v 0.10250000002607704 0.21862382300394334 0.000810321281497552
v 0.10250000002607704 0.40746257548111153 0.022372432860807853
v 0.09649999997392297 0.40746257548111153 0.022372432860807853
v 0.10250000002607704 0.21932153856156938 -0.004140758588900374
v 0.09649999997392297 0.21932153856156938 -0.004140758588900374
vt 0 1
vt 1 1
vt 0 0
vt 1 0
vt 0 1
vt 1 1
vt 0 0
vt 1 0
vt 0 1
vt 1 1
vt 0 0
vt 1 0
vt 0 1
vt 1 1
vt 0 0
vt 1 0
vt 0 1
vt 1 1
vt 0 0
vt 1 0
vt 0 1
vt 1 1
vt 0 0
vt 1 0
vn 1 0 0
vn 1 0 0
vn 1 0 0
vn 1 0 0
vn -1 0 0
vn -1 0 0
vn -1 0 0
vn -1 0 0
vn 0 0.9902159962126371 0.1395431146442365
vn 0 0.9902159962126371 0.1395431146442365
vn 0 0.9902159962126371 0.1395431146442365
vn 0 0.9902159962126371 0.1395431146442365
vn 0 -0.9902159962126371 -0.1395431146442365
vn 0 -0.9902159962126371 -0.1395431146442365
vn 0 -0.9902159962126371 -0.1395431146442365
vn 0 -0.9902159962126371 -0.1395431146442365
vn 0 -0.1395431146442365 0.9902159962126371
vn 0 -0.1395431146442365 0.9902159962126371
vn 0 -0.1395431146442365 0.9902159962126371
vn 0 -0.1395431146442365 0.9902159962126371
vn 0 0.1395431146442365 -0.9902159962126371
vn 0 0.1395431146442365 -0.9902159962126371
vn 0 0.1395431146442365 -0.9902159962126371
vn 0 0.1395431146442365 -0.9902159962126371
f 3017/3017/3017 3019/3019/3019 3018/3018/3018
f 3019/3019/3019 3020/3020/3020 3018/3018/3018
f 3021/3021/3021 3023/3023/3023 3022/3022/3022
f 3023/3023/3023 3024/3024/3024 3022/3022/3022
f 3025/3025/3025 3027/3027/3027 3026/3026/3026
f 3027/3027/3027 3028/3028/3028 3026/3026/3026
f 3029/3029/3029 3031/3031/3031 3030/3030/3030
f 3031/3031/3031 3032/3032/3032 3030/3030/3030
f 3033/3033/3033 3035/3035/3035 3034/3034/3034
f 3035/3035/3035 3036/3036/3036 3034/3034/3034
f 3037/3037/3037 3039/3039/3039 3038/3038/3038
f 3039/3039/3039 3040/3040/3040 3038/3038/3038
o throttle_rib_2
usemtl brushed_alloy
v 0.11300000002607705 0.4067648599234855 0.027323512731205778
v 0.11300000002607705 0.40746257548111153 0.022372432860807853
v 0.11300000002607705 0.21862382300394334 0.000810321281497552
v 0.11300000002607705 0.21932153856156938 -0.004140758588900374
v 0.10699999997392298 0.40746257548111153 0.022372432860807853
v 0.10699999997392298 0.4067648599234855 0.027323512731205778
v 0.10699999997392298 0.21932153856156938 -0.004140758588900374
v 0.10699999997392298 0.21862382300394334 0.000810321281497552
v 0.10699999997392298 0.40746257548111153 0.022372432860807853
v 0.11300000002607705 0.40746257548111153 0.022372432860807853
v 0.10699999997392298 0.4067648599234855 0.027323512731205778
v 0.11300000002607705 0.4067648599234855 0.027323512731205778
v 0.10699999997392298 0.21862382300394334 0.000810321281497552
v 0.11300000002607705 0.21862382300394334 0.000810321281497552
v 0.10699999997392298 0.21932153856156938 -0.004140758588900374
v 0.11300000002607705 0.21932153856156938 -0.004140758588900374
v 0.10699999997392298 0.4067648599234855 0.027323512731205778
v 0.11300000002607705 0.4067648599234855 0.027323512731205778
v 0.10699999997392298 0.21862382300394334 0.000810321281497552
v 0.11300000002607705 0.21862382300394334 0.000810321281497552
v 0.11300000002607705 0.40746257548111153 0.022372432860807853
v 0.10699999997392298 0.40746257548111153 0.022372432860807853
v 0.11300000002607705 0.21932153856156938 -0.004140758588900374
v 0.10699999997392298 0.21932153856156938 -0.004140758588900374
vt 0 1
vt 1 1
vt 0 0
vt 1 0
vt 0 1
vt 1 1
vt 0 0
vt 1 0
vt 0 1
vt 1 1
vt 0 0
vt 1 0
vt 0 1
vt 1 1
vt 0 0
vt 1 0
vt 0 1
vt 1 1
vt 0 0
vt 1 0
vt 0 1
vt 1 1
vt 0 0
vt 1 0
vn 1 0 0
vn 1 0 0
vn 1 0 0
vn 1 0 0
vn -1 0 0
vn -1 0 0
vn -1 0 0
vn -1 0 0
vn 0 0.9902159962126371 0.1395431146442365
vn 0 0.9902159962126371 0.1395431146442365
vn 0 0.9902159962126371 0.1395431146442365
vn 0 0.9902159962126371 0.1395431146442365
vn 0 -0.9902159962126371 -0.1395431146442365
vn 0 -0.9902159962126371 -0.1395431146442365
vn 0 -0.9902159962126371 -0.1395431146442365
vn 0 -0.9902159962126371 -0.1395431146442365
vn 0 -0.1395431146442365 0.9902159962126371
vn 0 -0.1395431146442365 0.9902159962126371
vn 0 -0.1395431146442365 0.9902159962126371
vn 0 -0.1395431146442365 0.9902159962126371
vn 0 0.1395431146442365 -0.9902159962126371
vn 0 0.1395431146442365 -0.9902159962126371
vn 0 0.1395431146442365 -0.9902159962126371
vn 0 0.1395431146442365 -0.9902159962126371
f 3041/3041/3041 3043/3043/3043 3042/3042/3042
f 3043/3043/3043 3044/3044/3044 3042/3042/3042
f 3045/3045/3045 3047/3047/3047 3046/3046/3046
f 3047/3047/3047 3048/3048/3048 3046/3046/3046
f 3049/3049/3049 3051/3051/3051 3050/3050/3050
f 3051/3051/3051 3052/3052/3052 3050/3050/3050
f 3053/3053/3053 3055/3055/3055 3054/3054/3054
f 3055/3055/3055 3056/3056/3056 3054/3054/3054
f 3057/3057/3057 3059/3059/3059 3058/3058/3058
f 3059/3059/3059 3060/3060/3060 3058/3058/3058
f 3061/3061/3061 3063/3063/3063 3062/3062/3062
f 3063/3063/3063 3064/3064/3064 3062/3062/3062
o throttle_rib_3
usemtl brushed_alloy
v 0.12350000002607704 0.4067648599234855 0.027323512731205778
v 0.12350000002607704 0.40746257548111153 0.022372432860807853
v 0.12350000002607704 0.21862382300394334 0.000810321281497552
v 0.12350000002607704 0.21932153856156938 -0.004140758588900374
v 0.11749999997392298 0.40746257548111153 0.022372432860807853
v 0.11749999997392298 0.4067648599234855 0.027323512731205778
v 0.11749999997392298 0.21932153856156938 -0.004140758588900374
v 0.11749999997392298 0.21862382300394334 0.000810321281497552
v 0.11749999997392298 0.40746257548111153 0.022372432860807853
v 0.12350000002607704 0.40746257548111153 0.022372432860807853
v 0.11749999997392298 0.4067648599234855 0.027323512731205778
v 0.12350000002607704 0.4067648599234855 0.027323512731205778
v 0.11749999997392298 0.21862382300394334 0.000810321281497552
v 0.12350000002607704 0.21862382300394334 0.000810321281497552
v 0.11749999997392298 0.21932153856156938 -0.004140758588900374
v 0.12350000002607704 0.21932153856156938 -0.004140758588900374
v 0.11749999997392298 0.4067648599234855 0.027323512731205778
v 0.12350000002607704 0.4067648599234855 0.027323512731205778
v 0.11749999997392298 0.21862382300394334 0.000810321281497552
v 0.12350000002607704 0.21862382300394334 0.000810321281497552
v 0.12350000002607704 0.40746257548111153 0.022372432860807853
v 0.11749999997392298 0.40746257548111153 0.022372432860807853
v 0.12350000002607704 0.21932153856156938 -0.004140758588900374
v 0.11749999997392298 0.21932153856156938 -0.004140758588900374
vt 0 1
vt 1 1
vt 0 0
vt 1 0
vt 0 1
vt 1 1
vt 0 0
vt 1 0
vt 0 1
vt 1 1
vt 0 0
vt 1 0
vt 0 1
vt 1 1
vt 0 0
vt 1 0
vt 0 1
vt 1 1
vt 0 0
vt 1 0
vt 0 1
vt 1 1
vt 0 0
vt 1 0
vn 1 0 0
vn 1 0 0
vn 1 0 0
vn 1 0 0
vn -1 0 0
vn -1 0 0
vn -1 0 0
vn -1 0 0
vn 0 0.9902159962126371 0.1395431146442365
vn 0 0.9902159962126371 0.1395431146442365
vn 0 0.9902159962126371 0.1395431146442365
vn 0 0.9902159962126371 0.1395431146442365
vn 0 -0.9902159962126371 -0.1395431146442365
vn 0 -0.9902159962126371 -0.1395431146442365
vn 0 -0.9902159962126371 -0.1395431146442365
vn 0 -0.9902159962126371 -0.1395431146442365
vn 0 -0.1395431146442365 0.9902159962126371
vn 0 -0.1395431146442365 0.9902159962126371
vn 0 -0.1395431146442365 0.9902159962126371
vn 0 -0.1395431146442365 0.9902159962126371
vn 0 0.1395431146442365 -0.9902159962126371
vn 0 0.1395431146442365 -0.9902159962126371
vn 0 0.1395431146442365 -0.9902159962126371
vn 0 0.1395431146442365 -0.9902159962126371
f 3065/3065/3065 3067/3067/3067 3066/3066/3066
f 3067/3067/3067 3068/3068/3068 3066/3066/3066
f 3069/3069/3069 3071/3071/3071 3070/3070/3070
f 3071/3071/3071 3072/3072/3072 3070/3070/3070
f 3073/3073/3073 3075/3075/3075 3074/3074/3074
f 3075/3075/3075 3076/3076/3076 3074/3074/3074
f 3077/3077/3077 3079/3079/3079 3078/3078/3078
f 3079/3079/3079 3080/3080/3080 3078/3078/3078
f 3081/3081/3081 3083/3083/3083 3082/3082/3082
f 3083/3083/3083 3084/3084/3084 3082/3082/3082
f 3085/3085/3085 3087/3087/3087 3086/3086/3086
f 3087/3087/3087 3088/3088/3088 3086/3086/3086
o throttle_rib_4
usemtl brushed_alloy
v 0.13400000002607704 0.4067648599234855 0.027323512731205778
v 0.13400000002607704 0.40746257548111153 0.022372432860807853
v 0.13400000002607704 0.21862382300394334 0.000810321281497552
v 0.13400000002607704 0.21932153856156938 -0.004140758588900374
v 0.12799999997392297 0.40746257548111153 0.022372432860807853
v 0.12799999997392297 0.4067648599234855 0.027323512731205778
v 0.12799999997392297 0.21932153856156938 -0.004140758588900374
v 0.12799999997392297 0.21862382300394334 0.000810321281497552
v 0.12799999997392297 0.40746257548111153 0.022372432860807853
v 0.13400000002607704 0.40746257548111153 0.022372432860807853
v 0.12799999997392297 0.4067648599234855 0.027323512731205778
v 0.13400000002607704 0.4067648599234855 0.027323512731205778
v 0.12799999997392297 0.21862382300394334 0.000810321281497552
v 0.13400000002607704 0.21862382300394334 0.000810321281497552
v 0.12799999997392297 0.21932153856156938 -0.004140758588900374
v 0.13400000002607704 0.21932153856156938 -0.004140758588900374
v 0.12799999997392297 0.4067648599234855 0.027323512731205778
v 0.13400000002607704 0.4067648599234855 0.027323512731205778
v 0.12799999997392297 0.21862382300394334 0.000810321281497552
v 0.13400000002607704 0.21862382300394334 0.000810321281497552
v 0.13400000002607704 0.40746257548111153 0.022372432860807853
v 0.12799999997392297 0.40746257548111153 0.022372432860807853
v 0.13400000002607704 0.21932153856156938 -0.004140758588900374
v 0.12799999997392297 0.21932153856156938 -0.004140758588900374
vt 0 1
vt 1 1
vt 0 0
vt 1 0
vt 0 1
vt 1 1
vt 0 0
vt 1 0
vt 0 1
vt 1 1
vt 0 0
vt 1 0
vt 0 1
vt 1 1
vt 0 0
vt 1 0
vt 0 1
vt 1 1
vt 0 0
vt 1 0
vt 0 1
vt 1 1
vt 0 0
vt 1 0
vn 1 0 0
vn 1 0 0
vn 1 0 0
vn 1 0 0
vn -1 0 0
vn -1 0 0
vn -1 0 0
vn -1 0 0
vn 0 0.9902159962126371 0.1395431146442365
vn 0 0.9902159962126371 0.1395431146442365
vn 0 0.9902159962126371 0.1395431146442365
vn 0 0.9902159962126371 0.1395431146442365
vn 0 -0.9902159962126371 -0.1395431146442365
vn 0 -0.9902159962126371 -0.1395431146442365
vn 0 -0.9902159962126371 -0.1395431146442365
vn 0 -0.9902159962126371 -0.1395431146442365
vn 0 -0.1395431146442365 0.9902159962126371
vn 0 -0.1395431146442365 0.9902159962126371
vn 0 -0.1395431146442365 0.9902159962126371
vn 0 -0.1395431146442365 0.9902159962126371
vn 0 0.1395431146442365 -0.9902159962126371
vn 0 0.1395431146442365 -0.9902159962126371
vn 0 0.1395431146442365 -0.9902159962126371
vn 0 0.1395431146442365 -0.9902159962126371
f 3089/3089/3089 3091/3091/3091 3090/3090/3090
f 3091/3091/3091 3092/3092/3092 3090/3090/3090
f 3093/3093/3093 3095/3095/3095 3094/3094/3094
f 3095/3095/3095 3096/3096/3096 3094/3094/3094
f 3097/3097/3097 3099/3099/3099 3098/3098/3098
f 3099/3099/3099 3100/3100/3100 3098/3098/3098
f 3101/3101/3101 3103/3103/3103 3102/3102/3102
f 3103/3103/3103 3104/3104/3104 3102/3102/3102
f 3105/3105/3105 3107/3107/3107 3106/3106/3106
f 3107/3107/3107 3108/3108/3108 3106/3106/3106
f 3109/3109/3109 3111/3111/3111 3110/3110/3110
f 3111/3111/3111 3112/3112/3112 3110/3110/3110
o throttle_rib_5
usemtl brushed_alloy
v 0.14450000002607705 0.4067648599234855 0.027323512731205778
v 0.14450000002607705 0.40746257548111153 0.022372432860807853
v 0.14450000002607705 0.21862382300394334 0.000810321281497552
v 0.14450000002607705 0.21932153856156938 -0.004140758588900374
v 0.13849999997392298 0.40746257548111153 0.022372432860807853
v 0.13849999997392298 0.4067648599234855 0.027323512731205778
v 0.13849999997392298 0.21932153856156938 -0.004140758588900374
v 0.13849999997392298 0.21862382300394334 0.000810321281497552
v 0.13849999997392298 0.40746257548111153 0.022372432860807853
v 0.14450000002607705 0.40746257548111153 0.022372432860807853
v 0.13849999997392298 0.4067648599234855 0.027323512731205778
v 0.14450000002607705 0.4067648599234855 0.027323512731205778
v 0.13849999997392298 0.21862382300394334 0.000810321281497552
v 0.14450000002607705 0.21862382300394334 0.000810321281497552
v 0.13849999997392298 0.21932153856156938 -0.004140758588900374
v 0.14450000002607705 0.21932153856156938 -0.004140758588900374
v 0.13849999997392298 0.4067648599234855 0.027323512731205778
v 0.14450000002607705 0.4067648599234855 0.027323512731205778
v 0.13849999997392298 0.21862382300394334 0.000810321281497552
v 0.14450000002607705 0.21862382300394334 0.000810321281497552
v 0.14450000002607705 0.40746257548111153 0.022372432860807853
v 0.13849999997392298 0.40746257548111153 0.022372432860807853
v 0.14450000002607705 0.21932153856156938 -0.004140758588900374
v 0.13849999997392298 0.21932153856156938 -0.004140758588900374
vt 0 1
vt 1 1
vt 0 0
vt 1 0
vt 0 1
vt 1 1
vt 0 0
vt 1 0
vt 0 1
vt 1 1
vt 0 0
vt 1 0
vt 0 1
vt 1 1
vt 0 0
vt 1 0
vt 0 1
vt 1 1
vt 0 0
vt 1 0
vt 0 1
vt 1 1
vt 0 0
vt 1 0
vn 1 0 0
vn 1 0 0
vn 1 0 0
vn 1 0 0
vn -1 0 0
vn -1 0 0
vn -1 0 0
vn -1 0 0
vn 0 0.9902159962126371 0.1395431146442365
vn 0 0.9902159962126371 0.1395431146442365
vn 0 0.9902159962126371 0.1395431146442365
vn 0 0.9902159962126371 0.1395431146442365
vn 0 -0.9902159962126371 -0.1395431146442365
vn 0 -0.9902159962126371 -0.1395431146442365
vn 0 -0.9902159962126371 -0.1395431146442365
vn 0 -0.9902159962126371 -0.1395431146442365
vn 0 -0.1395431146442365 0.9902159962126371
vn 0 -0.1395431146442365 0.9902159962126371
vn 0 -0.1395431146442365 0.9902159962126371
vn 0 -0.1395431146442365 0.9902159962126371
vn 0 0.1395431146442365 -0.9902159962126371
vn 0 0.1395431146442365 -0.9902159962126371
vn 0 0.1395431146442365 -0.9902159962126371
vn 0 0.1395431146442365 -0.9902159962126371
f 3113/3113/3113 3115/3115/3115 3114/3114/3114
f 3115/3115/3115 3116/3116/3116 3114/3114/3114
f 3117/3117/3117 3119/3119/3119 3118/3118/3118
f 3119/3119/3119 3120/3120/3120 3118/3118/3118
f 3121/3121/3121 3123/3123/3123 3122/3122/3122
f 3123/3123/3123 3124/3124/3124 3122/3122/3122
f 3125/3125/3125 3127/3127/3127 3126/3126/3126
f 3127/3127/3127 3128/3128/3128 3126/3126/3126
f 3129/3129/3129 3131/3131/3131 3130/3130/3130
f 3131/3131/3131 3132/3132/3132 3130/3130/3130
f 3133/3133/3133 3135/3135/3135 3134/3134/3134
f 3135/3135/3135 3136/3136/3136 3134/3134/3134
o throttle_return_spring
usemtl steel_bracket
v 0.115 0.03345464780948154 -0.0023073291125572833
v 0.11959220120683313 0.03425627194796242 -0.0027452583753282724
v 0.1234852809086442 0.036539104085537566 -0.003992375255980996
v 0.12608655426651239 0.039955602943896336 -0.0058588170888508595
v 0.12700000010430812 0.04398563864370501 -0.008060435625815703
v 0.12608655426651239 0.048015674343513684 -0.010262054162780546
v 0.1234852809086442 0.051432173201872454 -0.012128495995650409
v 0.11959220120683313 0.0537150053394476 -0.013375612876303133
v 0.115 0.05451662947792848 -0.013813542139074122
v 0.11040779879316688 0.0537150053394476 -0.013375612876303133
v 0.1065147190913558 0.051432173201872454 -0.012128495995650409
v 0.10391344573348761 0.048015674343513684 -0.010262054162780546
v 0.10299999989569188 0.04398563864370501 -0.008060435625815703
v 0.10391344573348761 0.039955602943896336 -0.0058588170888508595
v 0.1065147190913558 0.036539104085537566 -0.003992375255980996
v 0.11040779879316688 0.03425627194796242 -0.0027452583753282724
v 0.115 0.03345464780948154 -0.0023073291125572833
v 0.115 0.009483370522071523 -0.04618645786092587
v 0.11959220120683313 0.010284994660552403 -0.04662438712369686
v 0.1234852809086442 0.012567826798127547 -0.047871504004349585
v 0.12608655426651239 0.015984325656486317 -0.04973794583721945
v 0.12700000010430812 0.02001436135629499 -0.051939564374184295
v 0.12608655426651239 0.024044397056103665 -0.05414118291114914
v 0.1234852809086442 0.027460895914462435 -0.056007624744019005
v 0.11959220120683313 0.02974372805203758 -0.05725474162467173
v 0.115 0.03054535219051846 -0.05769267088744272
v 0.11040779879316688 0.02974372805203758 -0.05725474162467173
v 0.1065147190913558 0.027460895914462435 -0.056007624744019005
v 0.10391344573348761 0.024044397056103665 -0.05414118291114914
v 0.10299999989569188 0.020014361356294995 -0.051939564374184295
v 0.10391344573348761 0.015984325656486317 -0.04973794583721945
v 0.1065147190913558 0.012567826798127547 -0.047871504004349585
v 0.11040779879316688 0.010284994660552403 -0.04662438712369686
v 0.115 0.009483370522071523 -0.04618645786092587
v 0.115 0.04398563864370501 -0.008060435625815703
v 0.115 0.04398563864370501 -0.008060435625815703
v 0.115 0.04398563864370501 -0.008060435625815703
v 0.115 0.04398563864370501 -0.008060435625815703
v 0.115 0.04398563864370501 -0.008060435625815703
v 0.115 0.04398563864370501 -0.008060435625815703
v 0.115 0.04398563864370501 -0.008060435625815703
v 0.115 0.04398563864370501 -0.008060435625815703
v 0.115 0.04398563864370501 -0.008060435625815703
v 0.115 0.04398563864370501 -0.008060435625815703
v 0.115 0.04398563864370501 -0.008060435625815703
v 0.115 0.04398563864370501 -0.008060435625815703
v 0.115 0.04398563864370501 -0.008060435625815703
v 0.115 0.04398563864370501 -0.008060435625815703
v 0.115 0.04398563864370501 -0.008060435625815703
v 0.115 0.04398563864370501 -0.008060435625815703
v 0.115 0.03345464780948154 -0.0023073291125572833
v 0.11959220120683313 0.03425627194796242 -0.0027452583753282724
v 0.1234852809086442 0.036539104085537566 -0.003992375255980996
v 0.12608655426651239 0.039955602943896336 -0.0058588170888508595
v 0.12700000010430812 0.04398563864370501 -0.008060435625815703
v 0.12608655426651239 0.048015674343513684 -0.010262054162780546
v 0.1234852809086442 0.051432173201872454 -0.012128495995650409
v 0.11959220120683313 0.0537150053394476 -0.013375612876303133
v 0.115 0.05451662947792848 -0.013813542139074122
v 0.11040779879316688 0.0537150053394476 -0.013375612876303133
v 0.1065147190913558 0.051432173201872454 -0.012128495995650409
v 0.10391344573348761 0.048015674343513684 -0.010262054162780546
v 0.10299999989569188 0.04398563864370501 -0.008060435625815703
v 0.10391344573348761 0.039955602943896336 -0.0058588170888508595
v 0.1065147190913558 0.036539104085537566 -0.003992375255980996
v 0.11040779879316688 0.03425627194796242 -0.0027452583753282724
v 0.115 0.03345464780948154 -0.0023073291125572833
v 0.115 0.02001436135629499 -0.051939564374184295
v 0.115 0.02001436135629499 -0.051939564374184295
v 0.115 0.02001436135629499 -0.051939564374184295
v 0.115 0.02001436135629499 -0.051939564374184295
v 0.115 0.02001436135629499 -0.051939564374184295
v 0.115 0.02001436135629499 -0.051939564374184295
v 0.115 0.02001436135629499 -0.051939564374184295
v 0.115 0.02001436135629499 -0.051939564374184295
v 0.115 0.02001436135629499 -0.051939564374184295
v 0.115 0.02001436135629499 -0.051939564374184295
v 0.115 0.02001436135629499 -0.051939564374184295
v 0.115 0.02001436135629499 -0.051939564374184295
v 0.115 0.02001436135629499 -0.051939564374184295
v 0.115 0.02001436135629499 -0.051939564374184295
v 0.115 0.02001436135629499 -0.051939564374184295
v 0.115 0.02001436135629499 -0.051939564374184295
v 0.115 0.009483370522071523 -0.04618645786092587
v 0.11959220120683313 0.010284994660552403 -0.04662438712369686
v 0.1234852809086442 0.012567826798127547 -0.047871504004349585
v 0.12608655426651239 0.015984325656486317 -0.04973794583721945
v 0.12700000010430812 0.02001436135629499 -0.051939564374184295
v 0.12608655426651239 0.024044397056103665 -0.05414118291114914
v 0.1234852809086442 0.027460895914462435 -0.056007624744019005
v 0.11959220120683313 0.02974372805203758 -0.05725474162467173
v 0.115 0.03054535219051846 -0.05769267088744272
v 0.11040779879316688 0.02974372805203758 -0.05725474162467173
v 0.1065147190913558 0.027460895914462435 -0.056007624744019005
v 0.10391344573348761 0.024044397056103665 -0.05414118291114914
v 0.10299999989569188 0.020014361356294995 -0.051939564374184295
v 0.10391344573348761 0.015984325656486317 -0.04973794583721945
v 0.1065147190913558 0.012567826798127547 -0.047871504004349585
v 0.11040779879316688 0.010284994660552403 -0.04662438712369686
v 0.115 0.009483370522071523 -0.04618645786092587
vt 0 1
vt 0.0625 1
vt 0.125 1
vt 0.1875 1
vt 0.25 1
vt 0.3125 1
vt 0.375 1
vt 0.4375 1
vt 0.5 1
vt 0.5625 1
vt 0.625 1
vt 0.6875 1
vt 0.75 1
vt 0.8125 1
vt 0.875 1
vt 0.9375 1
vt 1 1
vt 0 0
vt 0.0625 0
vt 0.125 0
vt 0.1875 0
vt 0.25 0
vt 0.3125 0
vt 0.375 0
vt 0.4375 0
vt 0.5 0
vt 0.5625 0
vt 0.625 0
vt 0.6875 0
vt 0.75 0
vt 0.8125 0
vt 0.875 0
vt 0.9375 0
vt 1 0
vt 0.5 0.5
vt 0.5 0.5
vt 0.5 0.5
vt 0.5 0.5
vt 0.5 0.5
vt 0.5 0.5
vt 0.5 0.5
vt 0.5 0.5
vt 0.5 0.5
vt 0.5 0.5
vt 0.5 0.5
vt 0.5 0.5
vt 0.5 0.5
vt 0.5 0.5
vt 0.5 0.5
vt 0.5 0.5
vt 1 0.5
vt 0.9619397521018982 0.6913416981697083
vt 0.8535534143447876 0.8535534143447876
vt 0.6913416981697083 0.9619397521018982
vt 0.5 1
vt 0.30865827202796936 0.9619397521018982
vt 0.1464466154575348 0.8535534143447876
vt 0.03806023299694061 0.6913416981697083
vt 0 0.5
vt 0.03806023299694061 0.30865827202796936
vt 0.1464466154575348 0.1464466154575348
vt 0.30865827202796936 0.03806023299694061
vt 0.5 0
vt 0.6913416981697083 0.03806023299694061
vt 0.8535534143447876 0.1464466154575348
vt 0.9619397521018982 0.30865827202796936
vt 1 0.5
vt 0.5 0.5
vt 0.5 0.5
vt 0.5 0.5
vt 0.5 0.5
vt 0.5 0.5
vt 0.5 0.5
vt 0.5 0.5
vt 0.5 0.5
vt 0.5 0.5
vt 0.5 0.5
vt 0.5 0.5
vt 0.5 0.5
vt 0.5 0.5
vt 0.5 0.5
vt 0.5 0.5
vt 0.5 0.5
vt 1 0.5
vt 0.9619397521018982 0.30865827202796936
vt 0.8535534143447876 0.1464466154575348
vt 0.6913416981697083 0.03806023299694061
vt 0.5 0
vt 0.30865827202796936 0.03806023299694061
vt 0.1464466154575348 0.1464466154575348
vt 0.03806023299694061 0.30865827202796936
vt 0 0.5
vt 0.03806023299694061 0.6913416981697083
vt 0.1464466154575348 0.8535534143447876
vt 0.30865827202796936 0.9619397521018982
vt 0.5 1
vt 0.6913416981697083 0.9619397521018982
vt 0.8535534143447876 0.8535534143447876
vt 0.9619397521018982 0.6913416981697083
vt 1 0.5
vn 0 -0.8775825618903726 0.4794255386042031
vn 0.38268343706133684 -0.810780565312218 0.44293144154702085
vn 0.7071067811865476 -0.6205445805637456 0.3390050494210449
vn 0.9238795305660377 -0.33583631108930123 0.1834682129280391
vn 1 -5.373643611513366e-17 2.935634884502931e-17
vn 0.9238795305660377 0.33583631108930123 -0.1834682129280391
vn 0.7071067811865476 0.6205445805637456 -0.3390050494210449
vn 0.38268343706133684 0.810780565312218 -0.44293144154702085
vn 1.2246468525851679e-16 0.8775825618903726 -0.4794255386042031
vn -0.38268343706133684 0.810780565312218 -0.44293144154702085
vn -0.7071067811865476 0.6205445805637456 -0.3390050494210449
vn -0.9238795305660377 0.33583631108930123 -0.1834682129280391
vn -1 1.6120929673069248e-16 -8.806904018994376e-17
vn -0.9238795305660377 -0.33583631108930123 0.1834682129280391
vn -0.7071067811865476 -0.6205445805637456 0.3390050494210449
vn -0.38268343706133684 -0.810780565312218 0.44293144154702085
vn -2.4492937051703357e-16 -0.8775825618903726 0.4794255386042031
vn 0 -0.8775825618903726 0.4794255386042031
vn 0.38268343706133684 -0.810780565312218 0.44293144154702085
vn 0.7071067811865476 -0.6205445805637456 0.3390050494210449
vn 0.9238795305660377 -0.33583631108930123 0.1834682129280391
vn 1 -5.373643611513366e-17 2.935634884502931e-17
vn 0.9238795305660377 0.33583631108930123 -0.1834682129280391
vn 0.7071067811865476 0.6205445805637456 -0.3390050494210449
vn 0.38268343706133684 0.810780565312218 -0.44293144154702085
vn 1.2246468525851679e-16 0.8775825618903726 -0.4794255386042031
vn -0.38268343706133684 0.810780565312218 -0.44293144154702085
vn -0.7071067811865476 0.6205445805637456 -0.3390050494210449
vn -0.9238795305660377 0.33583631108930123 -0.1834682129280391
vn -1 1.6120929673069248e-16 -8.806904018994376e-17
vn -0.9238795305660377 -0.33583631108930123 0.1834682129280391
vn -0.7071067811865476 -0.6205445805637456 0.3390050494210449
vn -0.38268343706133684 -0.810780565312218 0.44293144154702085
vn -2.4492937051703357e-16 -0.8775825618903726 0.4794255386042031
vn 0 0.4794255386042031 0.8775825618903726
vn 0 0.4794255386042031 0.8775825618903726
vn 0 0.4794255386042031 0.8775825618903726
vn 0 0.4794255386042031 0.8775825618903726
vn 0 0.4794255386042031 0.8775825618903726
vn 0 0.4794255386042031 0.8775825618903726
vn 0 0.4794255386042031 0.8775825618903726
vn 0 0.4794255386042031 0.8775825618903726
vn 0 0.4794255386042031 0.8775825618903726
vn 0 0.4794255386042031 0.8775825618903726
vn 0 0.4794255386042031 0.8775825618903726
vn 0 0.4794255386042031 0.8775825618903726
vn 0 0.4794255386042031 0.8775825618903726
vn 0 0.4794255386042031 0.8775825618903726
vn 0 0.4794255386042031 0.8775825618903726
vn 0 0.4794255386042031 0.8775825618903726
vn 0 0.4794255386042031 0.8775825618903726
vn 0 0.4794255386042031 0.8775825618903726
vn 0 0.4794255386042031 0.8775825618903726
vn 0 0.4794255386042031 0.8775825618903726
vn 0 0.4794255386042031 0.8775825618903726
vn 0 0.4794255386042031 0.8775825618903726
vn 0 0.4794255386042031 0.8775825618903726
vn 0 0.4794255386042031 0.8775825618903726
vn 0 0.4794255386042031 0.8775825618903726
vn 0 0.4794255386042031 0.8775825618903726
vn 0 0.4794255386042031 0.8775825618903726
vn 0 0.4794255386042031 0.8775825618903726
vn 0 0.4794255386042031 0.8775825618903726
vn 0 0.4794255386042031 0.8775825618903726
vn 0 0.4794255386042031 0.8775825618903726
vn 0 0.4794255386042031 0.8775825618903726
vn 0 0.4794255386042031 0.8775825618903726
vn 0 -0.4794255386042031 -0.8775825618903726
vn 0 -0.4794255386042031 -0.8775825618903726
vn 0 -0.4794255386042031 -0.8775825618903726
vn 0 -0.4794255386042031 -0.8775825618903726
vn 0 -0.4794255386042031 -0.8775825618903726
vn 0 -0.4794255386042031 -0.8775825618903726
vn 0 -0.4794255386042031 -0.8775825618903726
vn 0 -0.4794255386042031 -0.8775825618903726
vn 0 -0.4794255386042031 -0.8775825618903726
vn 0 -0.4794255386042031 -0.8775825618903726
vn 0 -0.4794255386042031 -0.8775825618903726
vn 0 -0.4794255386042031 -0.8775825618903726
vn 0 -0.4794255386042031 -0.8775825618903726
vn 0 -0.4794255386042031 -0.8775825618903726
vn 0 -0.4794255386042031 -0.8775825618903726
vn 0 -0.4794255386042031 -0.8775825618903726
vn 0 -0.4794255386042031 -0.8775825618903726
vn 0 -0.4794255386042031 -0.8775825618903726
vn 0 -0.4794255386042031 -0.8775825618903726
vn 0 -0.4794255386042031 -0.8775825618903726
vn 0 -0.4794255386042031 -0.8775825618903726
vn 0 -0.4794255386042031 -0.8775825618903726
vn 0 -0.4794255386042031 -0.8775825618903726
vn 0 -0.4794255386042031 -0.8775825618903726
vn 0 -0.4794255386042031 -0.8775825618903726
vn 0 -0.4794255386042031 -0.8775825618903726
vn 0 -0.4794255386042031 -0.8775825618903726
vn 0 -0.4794255386042031 -0.8775825618903726
vn 0 -0.4794255386042031 -0.8775825618903726
vn 0 -0.4794255386042031 -0.8775825618903726
vn 0 -0.4794255386042031 -0.8775825618903726
vn 0 -0.4794255386042031 -0.8775825618903726
vn 0 -0.4794255386042031 -0.8775825618903726
f 3137/3137/3137 3154/3154/3154 3138/3138/3138
f 3154/3154/3154 3155/3155/3155 3138/3138/3138
f 3138/3138/3138 3155/3155/3155 3139/3139/3139
f 3155/3155/3155 3156/3156/3156 3139/3139/3139
f 3139/3139/3139 3156/3156/3156 3140/3140/3140
f 3156/3156/3156 3157/3157/3157 3140/3140/3140
f 3140/3140/3140 3157/3157/3157 3141/3141/3141
f 3157/3157/3157 3158/3158/3158 3141/3141/3141
f 3141/3141/3141 3158/3158/3158 3142/3142/3142
f 3158/3158/3158 3159/3159/3159 3142/3142/3142
f 3142/3142/3142 3159/3159/3159 3143/3143/3143
f 3159/3159/3159 3160/3160/3160 3143/3143/3143
f 3143/3143/3143 3160/3160/3160 3144/3144/3144
f 3160/3160/3160 3161/3161/3161 3144/3144/3144
f 3144/3144/3144 3161/3161/3161 3145/3145/3145
f 3161/3161/3161 3162/3162/3162 3145/3145/3145
f 3145/3145/3145 3162/3162/3162 3146/3146/3146
f 3162/3162/3162 3163/3163/3163 3146/3146/3146
f 3146/3146/3146 3163/3163/3163 3147/3147/3147
f 3163/3163/3163 3164/3164/3164 3147/3147/3147
f 3147/3147/3147 3164/3164/3164 3148/3148/3148
f 3164/3164/3164 3165/3165/3165 3148/3148/3148
f 3148/3148/3148 3165/3165/3165 3149/3149/3149
f 3165/3165/3165 3166/3166/3166 3149/3149/3149
f 3149/3149/3149 3166/3166/3166 3150/3150/3150
f 3166/3166/3166 3167/3167/3167 3150/3150/3150
f 3150/3150/3150 3167/3167/3167 3151/3151/3151
f 3167/3167/3167 3168/3168/3168 3151/3151/3151
f 3151/3151/3151 3168/3168/3168 3152/3152/3152
f 3168/3168/3168 3169/3169/3169 3152/3152/3152
f 3152/3152/3152 3169/3169/3169 3153/3153/3153
f 3169/3169/3169 3170/3170/3170 3153/3153/3153
f 3187/3187/3187 3188/3188/3188 3171/3171/3171
f 3188/3188/3188 3189/3189/3189 3172/3172/3172
f 3189/3189/3189 3190/3190/3190 3173/3173/3173
f 3190/3190/3190 3191/3191/3191 3174/3174/3174
f 3191/3191/3191 3192/3192/3192 3175/3175/3175
f 3192/3192/3192 3193/3193/3193 3176/3176/3176
f 3193/3193/3193 3194/3194/3194 3177/3177/3177
f 3194/3194/3194 3195/3195/3195 3178/3178/3178
f 3195/3195/3195 3196/3196/3196 3179/3179/3179
f 3196/3196/3196 3197/3197/3197 3180/3180/3180
f 3197/3197/3197 3198/3198/3198 3181/3181/3181
f 3198/3198/3198 3199/3199/3199 3182/3182/3182
f 3199/3199/3199 3200/3200/3200 3183/3183/3183
f 3200/3200/3200 3201/3201/3201 3184/3184/3184
f 3201/3201/3201 3202/3202/3202 3185/3185/3185
f 3202/3202/3202 3203/3203/3203 3186/3186/3186
f 3221/3221/3221 3220/3220/3220 3204/3204/3204
f 3222/3222/3222 3221/3221/3221 3205/3205/3205
f 3223/3223/3223 3222/3222/3222 3206/3206/3206
f 3224/3224/3224 3223/3223/3223 3207/3207/3207
f 3225/3225/3225 3224/3224/3224 3208/3208/3208
f 3226/3226/3226 3225/3225/3225 3209/3209/3209
f 3227/3227/3227 3226/3226/3226 3210/3210/3210
f 3228/3228/3228 3227/3227/3227 3211/3211/3211
f 3229/3229/3229 3228/3228/3228 3212/3212/3212
f 3230/3230/3230 3229/3229/3229 3213/3213/3213
f 3231/3231/3231 3230/3230/3230 3214/3214/3214
f 3232/3232/3232 3231/3231/3231 3215/3215/3215
f 3233/3233/3233 3232/3232/3232 3216/3216/3216
f 3234/3234/3234 3233/3233/3233 3217/3217/3217
f 3235/3235/3235 3234/3234/3234 3218/3218/3218
f 3236/3236/3236 3235/3235/3235 3219/3219/3219
o throttle_stop
usemtl steel_bracket
v 0.14000000037252902 0.03199999977648258 -0.045000000335276125
v 0.14000000037252902 0.03199999977648258 -0.07499999966472387
v 0.14000000037252902 0.012000000223517417 -0.045000000335276125
v 0.14000000037252902 0.012000000223517417 -0.07499999966472387
v 0.08999999962747098 0.03199999977648258 -0.07499999966472387
v 0.08999999962747098 0.03199999977648258 -0.045000000335276125
v 0.08999999962747098 0.012000000223517417 -0.07499999966472387
v 0.08999999962747098 0.012000000223517417 -0.045000000335276125
v 0.08999999962747098 0.03199999977648258 -0.07499999966472387
v 0.14000000037252902 0.03199999977648258 -0.07499999966472387
v 0.08999999962747098 0.03199999977648258 -0.045000000335276125
v 0.14000000037252902 0.03199999977648258 -0.045000000335276125
v 0.08999999962747098 0.012000000223517417 -0.045000000335276125
v 0.14000000037252902 0.012000000223517417 -0.045000000335276125
v 0.08999999962747098 0.012000000223517417 -0.07499999966472387
v 0.14000000037252902 0.012000000223517417 -0.07499999966472387
v 0.08999999962747098 0.03199999977648258 -0.045000000335276125
v 0.14000000037252902 0.03199999977648258 -0.045000000335276125
v 0.08999999962747098 0.012000000223517417 -0.045000000335276125
v 0.14000000037252902 0.012000000223517417 -0.045000000335276125
v 0.14000000037252902 0.03199999977648258 -0.07499999966472387
v 0.08999999962747098 0.03199999977648258 -0.07499999966472387
v 0.14000000037252902 0.012000000223517417 -0.07499999966472387
v 0.08999999962747098 0.012000000223517417 -0.07499999966472387
vt 0 1
vt 1 1
vt 0 0
vt 1 0
vt 0 1
vt 1 1
vt 0 0
vt 1 0
vt 0 1
vt 1 1
vt 0 0
vt 1 0
vt 0 1
vt 1 1
vt 0 0
vt 1 0
vt 0 1
vt 1 1
vt 0 0
vt 1 0
vt 0 1
vt 1 1
vt 0 0
vt 1 0
vn 1 0 0
vn 1 0 0
vn 1 0 0
vn 1 0 0
vn -1 0 0
vn -1 0 0
vn -1 0 0
vn -1 0 0
vn 0 1 0
vn 0 1 0
vn 0 1 0
vn 0 1 0
vn 0 -1 0
vn 0 -1 0
vn 0 -1 0
vn 0 -1 0
vn 0 0 1
vn 0 0 1
vn 0 0 1
vn 0 0 1
vn 0 0 -1
vn 0 0 -1
vn 0 0 -1
vn 0 0 -1
f 3237/3237/3237 3239/3239/3239 3238/3238/3238
f 3239/3239/3239 3240/3240/3240 3238/3238/3238
f 3241/3241/3241 3243/3243/3243 3242/3242/3242
f 3243/3243/3243 3244/3244/3244 3242/3242/3242
f 3245/3245/3245 3247/3247/3247 3246/3246/3246
f 3247/3247/3247 3248/3248/3248 3246/3246/3246
f 3249/3249/3249 3251/3251/3251 3250/3250/3250
f 3251/3251/3251 3252/3252/3252 3250/3250/3250
f 3253/3253/3253 3255/3255/3255 3254/3254/3254
f 3255/3255/3255 3256/3256/3256 3254/3254/3254
f 3257/3257/3257 3259/3259/3259 3258/3258/3258
f 3259/3259/3259 3260/3260/3260 3258/3258/3258
